OLD_WEIGHT,THRESHOLD,lambda_task,lambda_time,lambda_base,ALPHA,BETA,accuracy,precision,recall,f1
0.1,0.1,0.1,0.9,0.1,0.1,0.9,0.28,5.8599472604746556e-05,1.0,0.00011719207781553967
0.1,0.1,0.1,0.9,0.1,0.30000000000000004,0.7,0.28,5.8599472604746556e-05,1.0,0.00011719207781553967
0.1,0.1,0.1,0.9,0.1,0.5000000000000001,0.4999999999999999,0.28,5.8599472604746556e-05,1.0,0.00011719207781553967
0.1,0.1,0.1,0.9,0.1,0.7000000000000001,0.29999999999999993,0.28,0.00011719207781553967,1.0,0.00023435669088352472
0.1,0.1,0.1,0.9,0.1,0.9000000000000001,0.09999999999999987,0.28,5.8599472604746556e-05,1.0,0.00011719207781553967
0.1,0.1,0.1,0.9,0.30000000000000004,0.1,0.9,0.28,0.00011719207781553967,1.0,0.00023435669088352472
0.1,0.1,0.1,0.9,0.30000000000000004,0.30000000000000004,0.7,0.28,5.8599472604746556e-05,1.0,0.00011719207781553967
0.1,0.1,0.1,0.9,0.30000000000000004,0.5000000000000001,0.4999999999999999,0.28,0.00011719207781553967,1.0,0.00023435669088352472
0.1,0.1,0.1,0.9,0.30000000000000004,0.7000000000000001,0.29999999999999993,0.28,5.8599472604746556e-05,1.0,0.00011719207781553967
0.1,0.1,0.1,0.9,0.30000000000000004,0.9000000000000001,0.09999999999999987,0.28,5.8599472604746556e-05,1.0,0.00011719207781553967
0.1,0.1,0.1,0.9,0.5000000000000001,0.1,0.9,0.28,0.0,0.0,0.0
0.1,0.1,0.1,0.9,0.5000000000000001,0.30000000000000004,0.7,0.28,0.0,0.0,0.0
0.1,0.1,0.1,0.9,0.5000000000000001,0.5000000000000001,0.4999999999999999,0.28,5.8599472604746556e-05,1.0,0.00011719207781553967
0.1,0.1,0.1,0.9,0.5000000000000001,0.7000000000000001,0.29999999999999993,0.28,0.0,0.0,0.0
0.1,0.1,0.1,0.9,0.5000000000000001,0.9000000000000001,0.09999999999999987,0.28,0.0,0.0,0.0
0.1,0.1,0.1,0.9,0.7000000000000001,0.1,0.9,0.28,0.0,0.0,0.0
0.1,0.1,0.1,0.9,0.7000000000000001,0.30000000000000004,0.7,0.28,0.0,0.0,0.0
0.1,0.1,0.1,0.9,0.7000000000000001,0.5000000000000001,0.4999999999999999,0.28,5.8599472604746556e-05,1.0,0.00011719207781553967
0.1,0.1,0.1,0.9,0.7000000000000001,0.7000000000000001,0.29999999999999993,0.28,0.0,0.0,0.0
0.1,0.1,0.1,0.9,0.7000000000000001,0.9000000000000001,0.09999999999999987,0.28,0.0,0.0,0.0
0.1,0.1,0.1,0.9,0.9000000000000001,0.1,0.9,0.28,0.0,0.0,0.0
0.1,0.1,0.1,0.9,0.9000000000000001,0.30000000000000004,0.7,0.28,0.0,0.0,0.0
0.1,0.1,0.1,0.9,0.9000000000000001,0.5000000000000001,0.4999999999999999,0.28,0.0,0.0,0.0
0.1,0.1,0.1,0.9,0.9000000000000001,0.7000000000000001,0.29999999999999993,0.28,0.0,0.0,0.0
0.1,0.1,0.1,0.9,0.9000000000000001,0.9000000000000001,0.09999999999999987,0.28,0.0,0.0,0.0
0.1,0.1,0.30000000000000004,0.7,0.1,0.1,0.9,0.28,5.8599472604746556e-05,1.0,0.00011719207781553967
0.1,0.1,0.30000000000000004,0.7,0.1,0.30000000000000004,0.7,0.28,5.8599472604746556e-05,1.0,0.00011719207781553967
0.1,0.1,0.30000000000000004,0.7,0.1,0.5000000000000001,0.4999999999999999,0.28,0.00011719207781553967,1.0,0.00023435669088352472
0.1,0.1,0.30000000000000004,0.7,0.1,0.7000000000000001,0.29999999999999993,0.28,5.8599472604746556e-05,1.0,0.00011719207781553967
0.1,0.1,0.30000000000000004,0.7,0.1,0.9000000000000001,0.09999999999999987,0.28,5.8599472604746556e-05,1.0,0.00011719207781553967
0.1,0.1,0.30000000000000004,0.7,0.30000000000000004,0.1,0.9,0.28,0.00011719207781553967,1.0,0.00023435669088352472
0.1,0.1,0.30000000000000004,0.7,0.30000000000000004,0.30000000000000004,0.7,0.28,5.8599472604746556e-05,1.0,0.00011719207781553967
0.1,0.1,0.30000000000000004,0.7,0.30000000000000004,0.5000000000000001,0.4999999999999999,0.28,5.8599472604746556e-05,1.0,0.00011719207781553967
0.1,0.1,0.30000000000000004,0.7,0.30000000000000004,0.7000000000000001,0.29999999999999993,0.28,0.00011719207781553967,1.0,0.00023435669088352472
0.1,0.1,0.30000000000000004,0.7,0.30000000000000004,0.9000000000000001,0.09999999999999987,0.28,0.00011719207781553967,1.0,0.00023435669088352472
0.1,0.1,0.30000000000000004,0.7,0.5000000000000001,0.1,0.9,0.28,5.8599472604746556e-05,1.0,0.00011719207781553967
0.1,0.1,0.30000000000000004,0.7,0.5000000000000001,0.30000000000000004,0.7,0.28,0.0,0.0,0.0
0.1,0.1,0.30000000000000004,0.7,0.5000000000000001,0.5000000000000001,0.4999999999999999,0.28,0.00011719207781553967,1.0,0.00023435669088352472
0.1,0.1,0.30000000000000004,0.7,0.5000000000000001,0.7000000000000001,0.29999999999999993,0.28,5.8599472604746556e-05,1.0,0.00011719207781553967
0.1,0.1,0.30000000000000004,0.7,0.5000000000000001,0.9000000000000001,0.09999999999999987,0.28,5.8599472604746556e-05,1.0,0.00011719207781553967
0.1,0.1,0.30000000000000004,0.7,0.7000000000000001,0.1,0.9,0.28,5.8599472604746556e-05,1.0,0.00011719207781553967
0.1,0.1,0.30000000000000004,0.7,0.7000000000000001,0.30000000000000004,0.7,0.28,0.0,0.0,0.0
0.1,0.1,0.30000000000000004,0.7,0.7000000000000001,0.5000000000000001,0.4999999999999999,0.28,5.8599472604746556e-05,1.0,0.00011719207781553967
0.1,0.1,0.30000000000000004,0.7,0.7000000000000001,0.7000000000000001,0.29999999999999993,0.28,5.8599472604746556e-05,1.0,0.00011719207781553967
0.1,0.1,0.30000000000000004,0.7,0.7000000000000001,0.9000000000000001,0.09999999999999987,0.28,0.0,0.0,0.0
0.1,0.1,0.30000000000000004,0.7,0.9000000000000001,0.1,0.9,0.28,0.0,0.0,0.0
0.1,0.1,0.30000000000000004,0.7,0.9000000000000001,0.30000000000000004,0.7,0.28,0.0,0.0,0.0
0.1,0.1,0.30000000000000004,0.7,0.9000000000000001,0.5000000000000001,0.4999999999999999,0.28,0.0,0.0,0.0
0.1,0.1,0.30000000000000004,0.7,0.9000000000000001,0.7000000000000001,0.29999999999999993,0.28,0.0,0.0,0.0
0.1,0.1,0.30000000000000004,0.7,0.9000000000000001,0.9000000000000001,0.09999999999999987,0.28,0.0,0.0,0.0
0.1,0.1,0.5000000000000001,0.4999999999999999,0.1,0.1,0.9,0.28,5.8599472604746556e-05,1.0,0.00011719207781553967
0.1,0.1,0.5000000000000001,0.4999999999999999,0.1,0.30000000000000004,0.7,0.28,5.8599472604746556e-05,1.0,0.00011719207781553967
0.1,0.1,0.5000000000000001,0.4999999999999999,0.1,0.5000000000000001,0.4999999999999999,0.28,0.00011719207781553967,1.0,0.00023435669088352472
0.1,0.1,0.5000000000000001,0.4999999999999999,0.1,0.7000000000000001,0.29999999999999993,0.28,0.00011719207781553967,1.0,0.00023435669088352472
0.1,0.1,0.5000000000000001,0.4999999999999999,0.1,0.9000000000000001,0.09999999999999987,0.28,0.00029292870115413906,1.0,0.0005856858381164344
0.1,0.1,0.5000000000000001,0.4999999999999999,0.30000000000000004,0.1,0.9,0.28,5.8599472604746556e-05,1.0,0.00011719207781553967
0.1,0.1,0.5000000000000001,0.4999999999999999,0.30000000000000004,0.30000000000000004,0.7,0.28,0.00011719207781553967,1.0,0.00023435669088352472
0.1,0.1,0.5000000000000001,0.4999999999999999,0.30000000000000004,0.5000000000000001,0.4999999999999999,0.28,0.00011719207781553967,1.0,0.00023435669088352472
0.1,0.1,0.5000000000000001,0.4999999999999999,0.30000000000000004,0.7000000000000001,0.29999999999999993,0.28,5.8599472604746556e-05,1.0,0.00011719207781553967
0.1,0.1,0.5000000000000001,0.4999999999999999,0.30000000000000004,0.9000000000000001,0.09999999999999987,0.28,0.00011719207781553967,1.0,0.00023435669088352472
0.1,0.1,0.5000000000000001,0.4999999999999999,0.5000000000000001,0.1,0.9,0.28,0.00017577781683951485,1.0,0.000351493848857645
0.1,0.1,0.5000000000000001,0.4999999999999999,0.5000000000000001,0.30000000000000004,0.7,0.28,0.0,0.0,0.0
0.1,0.1,0.5000000000000001,0.4999999999999999,0.5000000000000001,0.5000000000000001,0.4999999999999999,0.28,0.0,0.0,0.0
0.1,0.1,0.5000000000000001,0.4999999999999999,0.5000000000000001,0.7000000000000001,0.29999999999999993,0.28,0.0,0.0,0.0
0.1,0.1,0.5000000000000001,0.4999999999999999,0.5000000000000001,0.9000000000000001,0.09999999999999987,0.28,0.0,0.0,0.0
0.1,0.1,0.5000000000000001,0.4999999999999999,0.7000000000000001,0.1,0.9,0.28,0.0,0.0,0.0
0.1,0.1,0.5000000000000001,0.4999999999999999,0.7000000000000001,0.30000000000000004,0.7,0.28,0.0,0.0,0.0
0.1,0.1,0.5000000000000001,0.4999999999999999,0.7000000000000001,0.5000000000000001,0.4999999999999999,0.28,5.8599472604746556e-05,1.0,0.00011719207781553967
0.1,0.1,0.5000000000000001,0.4999999999999999,0.7000000000000001,0.7000000000000001,0.29999999999999993,0.28,0.0,0.0,0.0
0.1,0.1,0.5000000000000001,0.4999999999999999,0.7000000000000001,0.9000000000000001,0.09999999999999987,0.28,0.0,0.0,0.0
0.1,0.1,0.5000000000000001,0.4999999999999999,0.9000000000000001,0.1,0.9,0.28,0.0,0.0,0.0
0.1,0.1,0.5000000000000001,0.4999999999999999,0.9000000000000001,0.30000000000000004,0.7,0.28,0.0,0.0,0.0
0.1,0.1,0.5000000000000001,0.4999999999999999,0.9000000000000001,0.5000000000000001,0.4999999999999999,0.28,0.0,0.0,0.0
0.1,0.1,0.5000000000000001,0.4999999999999999,0.9000000000000001,0.7000000000000001,0.29999999999999993,0.28,5.8599472604746556e-05,1.0,0.00011719207781553967
0.1,0.1,0.5000000000000001,0.4999999999999999,0.9000000000000001,0.9000000000000001,0.09999999999999987,0.28,0.0,0.0,0.0
0.1,0.1,0.7000000000000001,0.29999999999999993,0.1,0.1,0.9,0.28,5.8599472604746556e-05,1.0,0.00011719207781553967
0.1,0.1,0.7000000000000001,0.29999999999999993,0.1,0.30000000000000004,0.7,0.28,5.8599472604746556e-05,1.0,0.00011719207781553967
0.1,0.1,0.7000000000000001,0.29999999999999993,0.1,0.5000000000000001,0.4999999999999999,0.28,5.8599472604746556e-05,1.0,0.00011719207781553967
0.1,0.1,0.7000000000000001,0.29999999999999993,0.1,0.7000000000000001,0.29999999999999993,0.28,5.8599472604746556e-05,1.0,0.00011719207781553967
0.1,0.1,0.7000000000000001,0.29999999999999993,0.1,0.9000000000000001,0.09999999999999987,0.28,5.8599472604746556e-05,1.0,0.00011719207781553967
0.1,0.1,0.7000000000000001,0.29999999999999993,0.30000000000000004,0.1,0.9,0.28,0.00011719207781553967,1.0,0.00023435669088352472
0.1,0.1,0.7000000000000001,0.29999999999999993,0.30000000000000004,0.30000000000000004,0.7,0.28,5.8599472604746556e-05,1.0,0.00011719207781553967
0.1,0.1,0.7000000000000001,0.29999999999999993,0.30000000000000004,0.5000000000000001,0.4999999999999999,0.28,0.00011719207781553967,1.0,0.00023435669088352472
0.1,0.1,0.7000000000000001,0.29999999999999993,0.30000000000000004,0.7000000000000001,0.29999999999999993,0.28,5.8599472604746556e-05,1.0,0.00011719207781553967
0.1,0.1,0.7000000000000001,0.29999999999999993,0.30000000000000004,0.9000000000000001,0.09999999999999987,0.28,5.8599472604746556e-05,1.0,0.00011719207781553967
0.1,0.1,0.7000000000000001,0.29999999999999993,0.5000000000000001,0.1,0.9,0.28,0.0,0.0,0.0
0.1,0.1,0.7000000000000001,0.29999999999999993,0.5000000000000001,0.30000000000000004,0.7,0.28,0.0,0.0,0.0
0.1,0.1,0.7000000000000001,0.29999999999999993,0.5000000000000001,0.5000000000000001,0.4999999999999999,0.28,5.8599472604746556e-05,1.0,0.00011719207781553967
0.1,0.1,0.7000000000000001,0.29999999999999993,0.5000000000000001,0.7000000000000001,0.29999999999999993,0.28,0.0,0.0,0.0
0.1,0.1,0.7000000000000001,0.29999999999999993,0.5000000000000001,0.9000000000000001,0.09999999999999987,0.28,0.0,0.0,0.0
0.1,0.1,0.7000000000000001,0.29999999999999993,0.7000000000000001,0.1,0.9,0.28,0.0,0.0,0.0
0.1,0.1,0.7000000000000001,0.29999999999999993,0.7000000000000001,0.30000000000000004,0.7,0.28,0.0,0.0,0.0
0.1,0.1,0.7000000000000001,0.29999999999999993,0.7000000000000001,0.5000000000000001,0.4999999999999999,0.28,5.8599472604746556e-05,1.0,0.00011719207781553967
0.1,0.1,0.7000000000000001,0.29999999999999993,0.7000000000000001,0.7000000000000001,0.29999999999999993,0.28,5.8599472604746556e-05,1.0,0.00011719207781553967
0.1,0.1,0.7000000000000001,0.29999999999999993,0.7000000000000001,0.9000000000000001,0.09999999999999987,0.28,0.0,0.0,0.0
0.1,0.1,0.7000000000000001,0.29999999999999993,0.9000000000000001,0.1,0.9,0.28,0.0,0.0,0.0
0.1,0.1,0.7000000000000001,0.29999999999999993,0.9000000000000001,0.30000000000000004,0.7,0.28,0.0,0.0,0.0
0.1,0.1,0.7000000000000001,0.29999999999999993,0.9000000000000001,0.5000000000000001,0.4999999999999999,0.28,0.0,0.0,0.0
0.1,0.1,0.7000000000000001,0.29999999999999993,0.9000000000000001,0.7000000000000001,0.29999999999999993,0.28,0.0,0.0,0.0
0.1,0.1,0.7000000000000001,0.29999999999999993,0.9000000000000001,0.9000000000000001,0.09999999999999987,0.28,0.0,0.0,0.0
0.1,0.1,0.9000000000000001,0.09999999999999987,0.1,0.1,0.9,0.28,5.8599472604746556e-05,1.0,0.00011719207781553967
0.1,0.1,0.9000000000000001,0.09999999999999987,0.1,0.30000000000000004,0.7,0.28,0.00011719207781553967,1.0,0.00023435669088352472
0.1,0.1,0.9000000000000001,0.09999999999999987,0.1,0.5000000000000001,0.4999999999999999,0.28,5.8599472604746556e-05,1.0,0.00011719207781553967
0.1,0.1,0.9000000000000001,0.09999999999999987,0.1,0.7000000000000001,0.29999999999999993,0.28,0.00011719207781553967,1.0,0.00023435669088352472
0.1,0.1,0.9000000000000001,0.09999999999999987,0.1,0.9000000000000001,0.09999999999999987,0.28,5.8599472604746556e-05,1.0,0.00011719207781553967
0.1,0.1,0.9000000000000001,0.09999999999999987,0.30000000000000004,0.1,0.9,0.28,0.00011719207781553967,1.0,0.00023435669088352472
0.1,0.1,0.9000000000000001,0.09999999999999987,0.30000000000000004,0.30000000000000004,0.7,0.28,5.8599472604746556e-05,1.0,0.00011719207781553967
0.1,0.1,0.9000000000000001,0.09999999999999987,0.30000000000000004,0.5000000000000001,0.4999999999999999,0.28,5.8599472604746556e-05,1.0,0.00011719207781553967
0.1,0.1,0.9000000000000001,0.09999999999999987,0.30000000000000004,0.7000000000000001,0.29999999999999993,0.28,0.00023435669088352472,1.0,0.00046860356138706655
0.1,0.1,0.9000000000000001,0.09999999999999987,0.30000000000000004,0.9000000000000001,0.09999999999999987,0.28,0.00011719207781553967,1.0,0.00023435669088352472
0.1,0.1,0.9000000000000001,0.09999999999999987,0.5000000000000001,0.1,0.9,0.28,5.8599472604746556e-05,1.0,0.00011719207781553967
0.1,0.1,0.9000000000000001,0.09999999999999987,0.5000000000000001,0.30000000000000004,0.7,0.28,0.0,0.0,0.0
0.1,0.1,0.9000000000000001,0.09999999999999987,0.5000000000000001,0.5000000000000001,0.4999999999999999,0.28,0.0,0.0,0.0
0.1,0.1,0.9000000000000001,0.09999999999999987,0.5000000000000001,0.7000000000000001,0.29999999999999993,0.28,0.0,0.0,0.0
0.1,0.1,0.9000000000000001,0.09999999999999987,0.5000000000000001,0.9000000000000001,0.09999999999999987,0.28,0.0,0.0,0.0
0.1,0.1,0.9000000000000001,0.09999999999999987,0.7000000000000001,0.1,0.9,0.28,0.0,0.0,0.0
0.1,0.1,0.9000000000000001,0.09999999999999987,0.7000000000000001,0.30000000000000004,0.7,0.28,5.8599472604746556e-05,1.0,0.00011719207781553967
0.1,0.1,0.9000000000000001,0.09999999999999987,0.7000000000000001,0.5000000000000001,0.4999999999999999,0.28,0.0,0.0,0.0
0.1,0.1,0.9000000000000001,0.09999999999999987,0.7000000000000001,0.7000000000000001,0.29999999999999993,0.28,0.0,0.0,0.0
0.1,0.1,0.9000000000000001,0.09999999999999987,0.7000000000000001,0.9000000000000001,0.09999999999999987,0.28,0.00011719207781553967,1.0,0.00023435669088352472
0.1,0.1,0.9000000000000001,0.09999999999999987,0.9000000000000001,0.1,0.9,0.28,0.0,0.0,0.0
0.1,0.1,0.9000000000000001,0.09999999999999987,0.9000000000000001,0.30000000000000004,0.7,0.28,0.0,0.0,0.0
0.1,0.1,0.9000000000000001,0.09999999999999987,0.9000000000000001,0.5000000000000001,0.4999999999999999,0.28,0.0,0.0,0.0
0.1,0.1,0.9000000000000001,0.09999999999999987,0.9000000000000001,0.7000000000000001,0.29999999999999993,0.28,0.0,0.0,0.0
0.1,0.1,0.9000000000000001,0.09999999999999987,0.9000000000000001,0.9000000000000001,0.09999999999999987,0.28,0.0,0.0,0.0
0.1,0.30000000000000004,0.1,0.9,0.1,0.1,0.9,0.28,5.8599472604746556e-05,1.0,0.00011719207781553967
0.1,0.30000000000000004,0.1,0.9,0.1,0.30000000000000004,0.7,0.28,0.00011719207781553967,1.0,0.00023435669088352472
0.1,0.30000000000000004,0.1,0.9,0.1,0.5000000000000001,0.4999999999999999,0.28,5.8599472604746556e-05,1.0,0.00011719207781553967
0.1,0.30000000000000004,0.1,0.9,0.1,0.7000000000000001,0.29999999999999993,0.28,5.8599472604746556e-05,1.0,0.00011719207781553967
0.1,0.30000000000000004,0.1,0.9,0.1,0.9000000000000001,0.09999999999999987,0.28,0.00011719207781553967,1.0,0.00023435669088352472
0.1,0.30000000000000004,0.1,0.9,0.30000000000000004,0.1,0.9,0.28,0.00011719207781553967,1.0,0.00023435669088352472
0.1,0.30000000000000004,0.1,0.9,0.30000000000000004,0.30000000000000004,0.7,0.28,0.00017577781683951485,1.0,0.000351493848857645
0.1,0.30000000000000004,0.1,0.9,0.30000000000000004,0.5000000000000001,0.4999999999999999,0.28,0.0,0.0,0.0
0.1,0.30000000000000004,0.1,0.9,0.30000000000000004,0.7000000000000001,0.29999999999999993,0.28,0.0,0.0,0.0
0.1,0.30000000000000004,0.1,0.9,0.30000000000000004,0.9000000000000001,0.09999999999999987,0.28,0.0,0.0,0.0
0.1,0.30000000000000004,0.1,0.9,0.5000000000000001,0.1,0.9,0.28,0.0,0.0,0.0
0.1,0.30000000000000004,0.1,0.9,0.5000000000000001,0.30000000000000004,0.7,0.28,0.0,0.0,0.0
0.1,0.30000000000000004,0.1,0.9,0.5000000000000001,0.5000000000000001,0.4999999999999999,0.28,0.0,0.0,0.0
0.1,0.30000000000000004,0.1,0.9,0.5000000000000001,0.7000000000000001,0.29999999999999993,0.28,5.8599472604746556e-05,1.0,0.00011719207781553967
0.1,0.30000000000000004,0.1,0.9,0.5000000000000001,0.9000000000000001,0.09999999999999987,0.28,0.0,0.0,0.0
0.1,0.30000000000000004,0.1,0.9,0.7000000000000001,0.1,0.9,0.28,0.0,0.0,0.0
0.1,0.30000000000000004,0.1,0.9,0.7000000000000001,0.30000000000000004,0.7,0.28,0.0,0.0,0.0
0.1,0.30000000000000004,0.1,0.9,0.7000000000000001,0.5000000000000001,0.4999999999999999,0.28,0.0,0.0,0.0
0.1,0.30000000000000004,0.1,0.9,0.7000000000000001,0.7000000000000001,0.29999999999999993,0.28,0.0,0.0,0.0
0.1,0.30000000000000004,0.1,0.9,0.7000000000000001,0.9000000000000001,0.09999999999999987,0.28,0.0,0.0,0.0
0.1,0.30000000000000004,0.1,0.9,0.9000000000000001,0.1,0.9,0.28,0.0,0.0,0.0
0.1,0.30000000000000004,0.1,0.9,0.9000000000000001,0.30000000000000004,0.7,0.28,0.0,0.0,0.0
0.1,0.30000000000000004,0.1,0.9,0.9000000000000001,0.5000000000000001,0.4999999999999999,0.28,0.0,0.0,0.0
0.1,0.30000000000000004,0.1,0.9,0.9000000000000001,0.7000000000000001,0.29999999999999993,0.28,0.0,0.0,0.0
0.1,0.30000000000000004,0.1,0.9,0.9000000000000001,0.9000000000000001,0.09999999999999987,0.28,0.0,0.0,0.0
0.1,0.30000000000000004,0.30000000000000004,0.7,0.1,0.1,0.9,0.28,5.8599472604746556e-05,1.0,0.00011719207781553967
0.1,0.30000000000000004,0.30000000000000004,0.7,0.1,0.30000000000000004,0.7,0.28,5.8599472604746556e-05,1.0,0.00011719207781553967
0.1,0.30000000000000004,0.30000000000000004,0.7,0.1,0.5000000000000001,0.4999999999999999,0.28,5.8599472604746556e-05,1.0,0.00011719207781553967
0.1,0.30000000000000004,0.30000000000000004,0.7,0.1,0.7000000000000001,0.29999999999999993,0.28,5.8599472604746556e-05,1.0,0.00011719207781553967
0.1,0.30000000000000004,0.30000000000000004,0.7,0.1,0.9000000000000001,0.09999999999999987,0.28,5.8599472604746556e-05,1.0,0.00011719207781553967
0.1,0.30000000000000004,0.30000000000000004,0.7,0.30000000000000004,0.1,0.9,0.28,5.8599472604746556e-05,1.0,0.00011719207781553967
0.1,0.30000000000000004,0.30000000000000004,0.7,0.30000000000000004,0.30000000000000004,0.7,0.28,0.0,0.0,0.0
0.1,0.30000000000000004,0.30000000000000004,0.7,0.30000000000000004,0.5000000000000001,0.4999999999999999,0.28,0.00011719207781553967,1.0,0.00023435669088352472
0.1,0.30000000000000004,0.30000000000000004,0.7,0.30000000000000004,0.7000000000000001,0.29999999999999993,0.28,5.8599472604746556e-05,1.0,0.00011719207781553967
0.1,0.30000000000000004,0.30000000000000004,0.7,0.30000000000000004,0.9000000000000001,0.09999999999999987,0.28,0.0,0.0,0.0
0.1,0.30000000000000004,0.30000000000000004,0.7,0.5000000000000001,0.1,0.9,0.28,0.0,0.0,0.0
0.1,0.30000000000000004,0.30000000000000004,0.7,0.5000000000000001,0.30000000000000004,0.7,0.28,0.0,0.0,0.0
0.1,0.30000000000000004,0.30000000000000004,0.7,0.5000000000000001,0.5000000000000001,0.4999999999999999,0.28,0.00011719207781553967,1.0,0.00023435669088352472
0.1,0.30000000000000004,0.30000000000000004,0.7,0.5000000000000001,0.7000000000000001,0.29999999999999993,0.28,5.8599472604746556e-05,1.0,0.00011719207781553967
0.1,0.30000000000000004,0.30000000000000004,0.7,0.5000000000000001,0.9000000000000001,0.09999999999999987,0.28,0.0,0.0,0.0
0.1,0.30000000000000004,0.30000000000000004,0.7,0.7000000000000001,0.1,0.9,0.28,5.8599472604746556e-05,1.0,0.00011719207781553967
0.1,0.30000000000000004,0.30000000000000004,0.7,0.7000000000000001,0.30000000000000004,0.7,0.28,0.00011719207781553967,1.0,0.00023435669088352472
0.1,0.30000000000000004,0.30000000000000004,0.7,0.7000000000000001,0.5000000000000001,0.4999999999999999,0.28,0.0,0.0,0.0
0.1,0.30000000000000004,0.30000000000000004,0.7,0.7000000000000001,0.7000000000000001,0.29999999999999993,0.28,0.0,0.0,0.0
0.1,0.30000000000000004,0.30000000000000004,0.7,0.7000000000000001,0.9000000000000001,0.09999999999999987,0.28,0.0,0.0,0.0
0.1,0.30000000000000004,0.30000000000000004,0.7,0.9000000000000001,0.1,0.9,0.28,0.0,0.0,0.0
0.1,0.30000000000000004,0.30000000000000004,0.7,0.9000000000000001,0.30000000000000004,0.7,0.28,0.0,0.0,0.0
0.1,0.30000000000000004,0.30000000000000004,0.7,0.9000000000000001,0.5000000000000001,0.4999999999999999,0.28,0.0,0.0,0.0
0.1,0.30000000000000004,0.30000000000000004,0.7,0.9000000000000001,0.7000000000000001,0.29999999999999993,0.28,0.0,0.0,0.0
0.1,0.30000000000000004,0.30000000000000004,0.7,0.9000000000000001,0.9000000000000001,0.09999999999999987,0.28,0.0,0.0,0.0
0.1,0.30000000000000004,0.5000000000000001,0.4999999999999999,0.1,0.1,0.9,0.28,5.8599472604746556e-05,1.0,0.00011719207781553967
0.1,0.30000000000000004,0.5000000000000001,0.4999999999999999,0.1,0.30000000000000004,0.7,0.28,5.8599472604746556e-05,1.0,0.00011719207781553967
0.1,0.30000000000000004,0.5000000000000001,0.4999999999999999,0.1,0.5000000000000001,0.4999999999999999,0.28,5.8599472604746556e-05,1.0,0.00011719207781553967
0.1,0.30000000000000004,0.5000000000000001,0.4999999999999999,0.1,0.7000000000000001,0.29999999999999993,0.28,5.8599472604746556e-05,1.0,0.00011719207781553967
0.1,0.30000000000000004,0.5000000000000001,0.4999999999999999,0.1,0.9000000000000001,0.09999999999999987,0.28,5.8599472604746556e-05,1.0,0.00011719207781553967
0.1,0.30000000000000004,0.5000000000000001,0.4999999999999999,0.30000000000000004,0.1,0.9,0.28,5.8599472604746556e-05,1.0,0.00011719207781553967
0.1,0.30000000000000004,0.5000000000000001,0.4999999999999999,0.30000000000000004,0.30000000000000004,0.7,0.28,0.0,0.0,0.0
0.1,0.30000000000000004,0.5000000000000001,0.4999999999999999,0.30000000000000004,0.5000000000000001,0.4999999999999999,0.28,0.0,0.0,0.0
0.1,0.30000000000000004,0.5000000000000001,0.4999999999999999,0.30000000000000004,0.7000000000000001,0.29999999999999993,0.28,0.0,0.0,0.0
0.1,0.30000000000000004,0.5000000000000001,0.4999999999999999,0.30000000000000004,0.9000000000000001,0.09999999999999987,0.28,5.8599472604746556e-05,1.0,0.00011719207781553967
0.1,0.30000000000000004,0.5000000000000001,0.4999999999999999,0.5000000000000001,0.1,0.9,0.28,0.0,0.0,0.0
0.1,0.30000000000000004,0.5000000000000001,0.4999999999999999,0.5000000000000001,0.30000000000000004,0.7,0.28,5.8599472604746556e-05,1.0,0.00011719207781553967
0.1,0.30000000000000004,0.5000000000000001,0.4999999999999999,0.5000000000000001,0.5000000000000001,0.4999999999999999,0.28,0.0,0.0,0.0
0.1,0.30000000000000004,0.5000000000000001,0.4999999999999999,0.5000000000000001,0.7000000000000001,0.29999999999999993,0.28,0.0,0.0,0.0
0.1,0.30000000000000004,0.5000000000000001,0.4999999999999999,0.5000000000000001,0.9000000000000001,0.09999999999999987,0.28,0.0,0.0,0.0
0.1,0.30000000000000004,0.5000000000000001,0.4999999999999999,0.7000000000000001,0.1,0.9,0.28,5.8599472604746556e-05,1.0,0.00011719207781553967
0.1,0.30000000000000004,0.5000000000000001,0.4999999999999999,0.7000000000000001,0.30000000000000004,0.7,0.28,0.0,0.0,0.0
0.1,0.30000000000000004,0.5000000000000001,0.4999999999999999,0.7000000000000001,0.5000000000000001,0.4999999999999999,0.28,0.0,0.0,0.0
0.1,0.30000000000000004,0.5000000000000001,0.4999999999999999,0.7000000000000001,0.7000000000000001,0.29999999999999993,0.28,5.8599472604746556e-05,1.0,0.00011719207781553967
0.1,0.30000000000000004,0.5000000000000001,0.4999999999999999,0.7000000000000001,0.9000000000000001,0.09999999999999987,0.28,0.0,0.0,0.0
0.1,0.30000000000000004,0.5000000000000001,0.4999999999999999,0.9000000000000001,0.1,0.9,0.28,0.0,0.0,0.0
0.1,0.30000000000000004,0.5000000000000001,0.4999999999999999,0.9000000000000001,0.30000000000000004,0.7,0.28,0.0,0.0,0.0
0.1,0.30000000000000004,0.5000000000000001,0.4999999999999999,0.9000000000000001,0.5000000000000001,0.4999999999999999,0.28,0.0,0.0,0.0
0.1,0.30000000000000004,0.5000000000000001,0.4999999999999999,0.9000000000000001,0.7000000000000001,0.29999999999999993,0.28,0.0,0.0,0.0
0.1,0.30000000000000004,0.5000000000000001,0.4999999999999999,0.9000000000000001,0.9000000000000001,0.09999999999999987,0.28,0.0,0.0,0.0
0.1,0.30000000000000004,0.7000000000000001,0.29999999999999993,0.1,0.1,0.9,0.28,5.8599472604746556e-05,1.0,0.00011719207781553967
0.1,0.30000000000000004,0.7000000000000001,0.29999999999999993,0.1,0.30000000000000004,0.7,0.28,5.8599472604746556e-05,1.0,0.00011719207781553967
0.1,0.30000000000000004,0.7000000000000001,0.29999999999999993,0.1,0.5000000000000001,0.4999999999999999,0.28,5.8599472604746556e-05,1.0,0.00011719207781553967
0.1,0.30000000000000004,0.7000000000000001,0.29999999999999993,0.1,0.7000000000000001,0.29999999999999993,0.28,5.8599472604746556e-05,1.0,0.00011719207781553967
0.1,0.30000000000000004,0.7000000000000001,0.29999999999999993,0.1,0.9000000000000001,0.09999999999999987,0.28,5.8599472604746556e-05,1.0,0.00011719207781553967
0.1,0.30000000000000004,0.7000000000000001,0.29999999999999993,0.30000000000000004,0.1,0.9,0.28,5.8599472604746556e-05,1.0,0.00011719207781553967
0.1,0.30000000000000004,0.7000000000000001,0.29999999999999993,0.30000000000000004,0.30000000000000004,0.7,0.28,0.0,0.0,0.0
0.1,0.30000000000000004,0.7000000000000001,0.29999999999999993,0.30000000000000004,0.5000000000000001,0.4999999999999999,0.28,5.8599472604746556e-05,1.0,0.00011719207781553967
0.1,0.30000000000000004,0.7000000000000001,0.29999999999999993,0.30000000000000004,0.7000000000000001,0.29999999999999993,0.28,0.0,0.0,0.0
0.1,0.30000000000000004,0.7000000000000001,0.29999999999999993,0.30000000000000004,0.9000000000000001,0.09999999999999987,0.28,0.0,0.0,0.0
0.1,0.30000000000000004,0.7000000000000001,0.29999999999999993,0.5000000000000001,0.1,0.9,0.28,0.0,0.0,0.0
0.1,0.30000000000000004,0.7000000000000001,0.29999999999999993,0.5000000000000001,0.30000000000000004,0.7,0.28,0.0,0.0,0.0
0.1,0.30000000000000004,0.7000000000000001,0.29999999999999993,0.5000000000000001,0.5000000000000001,0.4999999999999999,0.28,5.8599472604746556e-05,1.0,0.00011719207781553967
0.1,0.30000000000000004,0.7000000000000001,0.29999999999999993,0.5000000000000001,0.7000000000000001,0.29999999999999993,0.28,5.8599472604746556e-05,1.0,0.00011719207781553967
0.1,0.30000000000000004,0.7000000000000001,0.29999999999999993,0.5000000000000001,0.9000000000000001,0.09999999999999987,0.28,0.0,0.0,0.0
0.1,0.30000000000000004,0.7000000000000001,0.29999999999999993,0.7000000000000001,0.1,0.9,0.28,5.8599472604746556e-05,1.0,0.00011719207781553967
0.1,0.30000000000000004,0.7000000000000001,0.29999999999999993,0.7000000000000001,0.30000000000000004,0.7,0.28,0.0,0.0,0.0
0.1,0.30000000000000004,0.7000000000000001,0.29999999999999993,0.7000000000000001,0.5000000000000001,0.4999999999999999,0.28,0.0,0.0,0.0
0.1,0.30000000000000004,0.7000000000000001,0.29999999999999993,0.7000000000000001,0.7000000000000001,0.29999999999999993,0.28,0.0,0.0,0.0
0.1,0.30000000000000004,0.7000000000000001,0.29999999999999993,0.7000000000000001,0.9000000000000001,0.09999999999999987,0.28,0.00023435669088352472,1.0,0.00046860356138706655
0.1,0.30000000000000004,0.7000000000000001,0.29999999999999993,0.9000000000000001,0.1,0.9,0.28,0.0,0.0,0.0
0.1,0.30000000000000004,0.7000000000000001,0.29999999999999993,0.9000000000000001,0.30000000000000004,0.7,0.28,0.0,0.0,0.0
0.1,0.30000000000000004,0.7000000000000001,0.29999999999999993,0.9000000000000001,0.5000000000000001,0.4999999999999999,0.28,0.0,0.0,0.0
0.1,0.30000000000000004,0.7000000000000001,0.29999999999999993,0.9000000000000001,0.7000000000000001,0.29999999999999993,0.28,0.0,0.0,0.0
0.1,0.30000000000000004,0.7000000000000001,0.29999999999999993,0.9000000000000001,0.9000000000000001,0.09999999999999987,0.28,0.0,0.0,0.0
0.1,0.30000000000000004,0.9000000000000001,0.09999999999999987,0.1,0.1,0.9,0.28,5.8599472604746556e-05,1.0,0.00011719207781553967
0.1,0.30000000000000004,0.9000000000000001,0.09999999999999987,0.1,0.30000000000000004,0.7,0.28,0.00017577781683951485,1.0,0.000351493848857645
0.1,0.30000000000000004,0.9000000000000001,0.09999999999999987,0.1,0.5000000000000001,0.4999999999999999,0.28,5.8599472604746556e-05,1.0,0.00011719207781553967
0.1,0.30000000000000004,0.9000000000000001,0.09999999999999987,0.1,0.7000000000000001,0.29999999999999993,0.28,5.8599472604746556e-05,1.0,0.00011719207781553967
0.1,0.30000000000000004,0.9000000000000001,0.09999999999999987,0.1,0.9000000000000001,0.09999999999999987,0.28,5.8599472604746556e-05,1.0,0.00011719207781553967
0.1,0.30000000000000004,0.9000000000000001,0.09999999999999987,0.30000000000000004,0.1,0.9,0.28,0.0,0.0,0.0
0.1,0.30000000000000004,0.9000000000000001,0.09999999999999987,0.30000000000000004,0.30000000000000004,0.7,0.28,0.0,0.0,0.0
0.1,0.30000000000000004,0.9000000000000001,0.09999999999999987,0.30000000000000004,0.5000000000000001,0.4999999999999999,0.28,0.0,0.0,0.0
0.1,0.30000000000000004,0.9000000000000001,0.09999999999999987,0.30000000000000004,0.7000000000000001,0.29999999999999993,0.28,0.0,0.0,0.0
0.1,0.30000000000000004,0.9000000000000001,0.09999999999999987,0.30000000000000004,0.9000000000000001,0.09999999999999987,0.28,0.0,0.0,0.0
0.1,0.30000000000000004,0.9000000000000001,0.09999999999999987,0.5000000000000001,0.1,0.9,0.28,0.0,0.0,0.0
0.1,0.30000000000000004,0.9000000000000001,0.09999999999999987,0.5000000000000001,0.30000000000000004,0.7,0.28,5.8599472604746556e-05,1.0,0.00011719207781553967
0.1,0.30000000000000004,0.9000000000000001,0.09999999999999987,0.5000000000000001,0.5000000000000001,0.4999999999999999,0.28,0.0,0.0,0.0
0.1,0.30000000000000004,0.9000000000000001,0.09999999999999987,0.5000000000000001,0.7000000000000001,0.29999999999999993,0.28,0.0,0.0,0.0
0.1,0.30000000000000004,0.9000000000000001,0.09999999999999987,0.5000000000000001,0.9000000000000001,0.09999999999999987,0.28,0.0,0.0,0.0
0.1,0.30000000000000004,0.9000000000000001,0.09999999999999987,0.7000000000000001,0.1,0.9,0.28,0.0,0.0,0.0
0.1,0.30000000000000004,0.9000000000000001,0.09999999999999987,0.7000000000000001,0.30000000000000004,0.7,0.28,5.8599472604746556e-05,1.0,0.00011719207781553967
0.1,0.30000000000000004,0.9000000000000001,0.09999999999999987,0.7000000000000001,0.5000000000000001,0.4999999999999999,0.28,0.0,0.0,0.0
0.1,0.30000000000000004,0.9000000000000001,0.09999999999999987,0.7000000000000001,0.7000000000000001,0.29999999999999993,0.28,0.0,0.0,0.0
0.1,0.30000000000000004,0.9000000000000001,0.09999999999999987,0.7000000000000001,0.9000000000000001,0.09999999999999987,0.28,0.0,0.0,0.0
0.1,0.30000000000000004,0.9000000000000001,0.09999999999999987,0.9000000000000001,0.1,0.9,0.28,0.0,0.0,0.0
0.1,0.30000000000000004,0.9000000000000001,0.09999999999999987,0.9000000000000001,0.30000000000000004,0.7,0.28,0.0,0.0,0.0
0.1,0.30000000000000004,0.9000000000000001,0.09999999999999987,0.9000000000000001,0.5000000000000001,0.4999999999999999,0.28,0.0,0.0,0.0
0.1,0.30000000000000004,0.9000000000000001,0.09999999999999987,0.9000000000000001,0.7000000000000001,0.29999999999999993,0.28,0.0,0.0,0.0
0.1,0.30000000000000004,0.9000000000000001,0.09999999999999987,0.9000000000000001,0.9000000000000001,0.09999999999999987,0.28,0.0,0.0,0.0
0.1,0.5000000000000001,0.1,0.9,0.1,0.1,0.9,0.28,0.0,0.0,0.0
0.1,0.5000000000000001,0.1,0.9,0.1,0.30000000000000004,0.7,0.28,5.8599472604746556e-05,1.0,0.00011719207781553967
0.1,0.5000000000000001,0.1,0.9,0.1,0.5000000000000001,0.4999999999999999,0.28,0.0,0.0,0.0
0.1,0.5000000000000001,0.1,0.9,0.1,0.7000000000000001,0.29999999999999993,0.28,0.0,0.0,0.0
0.1,0.5000000000000001,0.1,0.9,0.1,0.9000000000000001,0.09999999999999987,0.28,0.0,0.0,0.0
0.1,0.5000000000000001,0.1,0.9,0.30000000000000004,0.1,0.9,0.28,0.00011719207781553967,1.0,0.00023435669088352472
0.1,0.5000000000000001,0.1,0.9,0.30000000000000004,0.30000000000000004,0.7,0.28,0.0,0.0,0.0
0.1,0.5000000000000001,0.1,0.9,0.30000000000000004,0.5000000000000001,0.4999999999999999,0.28,0.0,0.0,0.0
0.1,0.5000000000000001,0.1,0.9,0.30000000000000004,0.7000000000000001,0.29999999999999993,0.28,5.8599472604746556e-05,1.0,0.00011719207781553967
0.1,0.5000000000000001,0.1,0.9,0.30000000000000004,0.9000000000000001,0.09999999999999987,0.28,0.0,0.0,0.0
0.1,0.5000000000000001,0.1,0.9,0.5000000000000001,0.1,0.9,0.28,0.0,0.0,0.0
0.1,0.5000000000000001,0.1,0.9,0.5000000000000001,0.30000000000000004,0.7,0.28,0.0,0.0,0.0
0.1,0.5000000000000001,0.1,0.9,0.5000000000000001,0.5000000000000001,0.4999999999999999,0.28,0.0,0.0,0.0
0.1,0.5000000000000001,0.1,0.9,0.5000000000000001,0.7000000000000001,0.29999999999999993,0.28,0.0,0.0,0.0
0.1,0.5000000000000001,0.1,0.9,0.5000000000000001,0.9000000000000001,0.09999999999999987,0.28,0.0,0.0,0.0
0.1,0.5000000000000001,0.1,0.9,0.7000000000000001,0.1,0.9,0.28,0.0,0.0,0.0
0.1,0.5000000000000001,0.1,0.9,0.7000000000000001,0.30000000000000004,0.7,0.28,0.0,0.0,0.0
0.1,0.5000000000000001,0.1,0.9,0.7000000000000001,0.5000000000000001,0.4999999999999999,0.28,0.0,0.0,0.0
0.1,0.5000000000000001,0.1,0.9,0.7000000000000001,0.7000000000000001,0.29999999999999993,0.28,0.0,0.0,0.0
0.1,0.5000000000000001,0.1,0.9,0.7000000000000001,0.9000000000000001,0.09999999999999987,0.28,0.0,0.0,0.0
0.1,0.5000000000000001,0.1,0.9,0.9000000000000001,0.1,0.9,0.28,0.0,0.0,0.0
0.1,0.5000000000000001,0.1,0.9,0.9000000000000001,0.30000000000000004,0.7,0.28,0.0,0.0,0.0
0.1,0.5000000000000001,0.1,0.9,0.9000000000000001,0.5000000000000001,0.4999999999999999,0.28,0.0,0.0,0.0
0.1,0.5000000000000001,0.1,0.9,0.9000000000000001,0.7000000000000001,0.29999999999999993,0.28,0.0,0.0,0.0
0.1,0.5000000000000001,0.1,0.9,0.9000000000000001,0.9000000000000001,0.09999999999999987,0.28,0.0,0.0,0.0
0.1,0.5000000000000001,0.30000000000000004,0.7,0.1,0.1,0.9,0.28,0.0,0.0,0.0
0.1,0.5000000000000001,0.30000000000000004,0.7,0.1,0.30000000000000004,0.7,0.28,0.0,0.0,0.0
0.1,0.5000000000000001,0.30000000000000004,0.7,0.1,0.5000000000000001,0.4999999999999999,0.28,0.0,0.0,0.0
0.1,0.5000000000000001,0.30000000000000004,0.7,0.1,0.7000000000000001,0.29999999999999993,0.28,0.0,0.0,0.0
0.1,0.5000000000000001,0.30000000000000004,0.7,0.1,0.9000000000000001,0.09999999999999987,0.28,0.0,0.0,0.0
0.1,0.5000000000000001,0.30000000000000004,0.7,0.30000000000000004,0.1,0.9,0.28,5.8599472604746556e-05,1.0,0.00011719207781553967
0.1,0.5000000000000001,0.30000000000000004,0.7,0.30000000000000004,0.30000000000000004,0.7,0.28,0.0,0.0,0.0
0.1,0.5000000000000001,0.30000000000000004,0.7,0.30000000000000004,0.5000000000000001,0.4999999999999999,0.28,0.0,0.0,0.0
0.1,0.5000000000000001,0.30000000000000004,0.7,0.30000000000000004,0.7000000000000001,0.29999999999999993,0.28,0.0,0.0,0.0
0.1,0.5000000000000001,0.30000000000000004,0.7,0.30000000000000004,0.9000000000000001,0.09999999999999987,0.28,0.0,0.0,0.0
0.1,0.5000000000000001,0.30000000000000004,0.7,0.5000000000000001,0.1,0.9,0.28,0.0,0.0,0.0
0.1,0.5000000000000001,0.30000000000000004,0.7,0.5000000000000001,0.30000000000000004,0.7,0.28,0.0,0.0,0.0
0.1,0.5000000000000001,0.30000000000000004,0.7,0.5000000000000001,0.5000000000000001,0.4999999999999999,0.28,0.0,0.0,0.0
0.1,0.5000000000000001,0.30000000000000004,0.7,0.5000000000000001,0.7000000000000001,0.29999999999999993,0.28,0.0,0.0,0.0
0.1,0.5000000000000001,0.30000000000000004,0.7,0.5000000000000001,0.9000000000000001,0.09999999999999987,0.28,0.0,0.0,0.0
0.1,0.5000000000000001,0.30000000000000004,0.7,0.7000000000000001,0.1,0.9,0.28,0.0,0.0,0.0
0.1,0.5000000000000001,0.30000000000000004,0.7,0.7000000000000001,0.30000000000000004,0.7,0.28,0.0,0.0,0.0
0.1,0.5000000000000001,0.30000000000000004,0.7,0.7000000000000001,0.5000000000000001,0.4999999999999999,0.28,0.0,0.0,0.0
0.1,0.5000000000000001,0.30000000000000004,0.7,0.7000000000000001,0.7000000000000001,0.29999999999999993,0.28,0.0,0.0,0.0
0.1,0.5000000000000001,0.30000000000000004,0.7,0.7000000000000001,0.9000000000000001,0.09999999999999987,0.28,0.0,0.0,0.0
0.1,0.5000000000000001,0.30000000000000004,0.7,0.9000000000000001,0.1,0.9,0.28,0.0,0.0,0.0
0.1,0.5000000000000001,0.30000000000000004,0.7,0.9000000000000001,0.30000000000000004,0.7,0.28,0.0,0.0,0.0
0.1,0.5000000000000001,0.30000000000000004,0.7,0.9000000000000001,0.5000000000000001,0.4999999999999999,0.28,0.0,0.0,0.0
0.1,0.5000000000000001,0.30000000000000004,0.7,0.9000000000000001,0.7000000000000001,0.29999999999999993,0.28,0.0,0.0,0.0
0.1,0.5000000000000001,0.30000000000000004,0.7,0.9000000000000001,0.9000000000000001,0.09999999999999987,0.28,0.0,0.0,0.0
0.1,0.5000000000000001,0.5000000000000001,0.4999999999999999,0.1,0.1,0.9,0.28,0.00011719207781553967,1.0,0.00023435669088352472
0.1,0.5000000000000001,0.5000000000000001,0.4999999999999999,0.1,0.30000000000000004,0.7,0.28,5.8599472604746556e-05,1.0,0.00011719207781553967
0.1,0.5000000000000001,0.5000000000000001,0.4999999999999999,0.1,0.5000000000000001,0.4999999999999999,0.28,5.8599472604746556e-05,1.0,0.00011719207781553967
0.1,0.5000000000000001,0.5000000000000001,0.4999999999999999,0.1,0.7000000000000001,0.29999999999999993,0.28,0.0,0.0,0.0
0.1,0.5000000000000001,0.5000000000000001,0.4999999999999999,0.1,0.9000000000000001,0.09999999999999987,0.28,0.0,0.0,0.0
0.1,0.5000000000000001,0.5000000000000001,0.4999999999999999,0.30000000000000004,0.1,0.9,0.28,0.00017577781683951485,1.0,0.000351493848857645
0.1,0.5000000000000001,0.5000000000000001,0.4999999999999999,0.30000000000000004,0.30000000000000004,0.7,0.28,0.0,0.0,0.0
0.1,0.5000000000000001,0.5000000000000001,0.4999999999999999,0.30000000000000004,0.5000000000000001,0.4999999999999999,0.28,0.0,0.0,0.0
0.1,0.5000000000000001,0.5000000000000001,0.4999999999999999,0.30000000000000004,0.7000000000000001,0.29999999999999993,0.28,0.0,0.0,0.0
0.1,0.5000000000000001,0.5000000000000001,0.4999999999999999,0.30000000000000004,0.9000000000000001,0.09999999999999987,0.28,0.0,0.0,0.0
0.1,0.5000000000000001,0.5000000000000001,0.4999999999999999,0.5000000000000001,0.1,0.9,0.28,0.0,0.0,0.0
0.1,0.5000000000000001,0.5000000000000001,0.4999999999999999,0.5000000000000001,0.30000000000000004,0.7,0.28,5.8599472604746556e-05,1.0,0.00011719207781553967
0.1,0.5000000000000001,0.5000000000000001,0.4999999999999999,0.5000000000000001,0.5000000000000001,0.4999999999999999,0.28,0.0,0.0,0.0
0.1,0.5000000000000001,0.5000000000000001,0.4999999999999999,0.5000000000000001,0.7000000000000001,0.29999999999999993,0.28,0.0,0.0,0.0
0.1,0.5000000000000001,0.5000000000000001,0.4999999999999999,0.5000000000000001,0.9000000000000001,0.09999999999999987,0.28,0.0,0.0,0.0
0.1,0.5000000000000001,0.5000000000000001,0.4999999999999999,0.7000000000000001,0.1,0.9,0.28,0.0,0.0,0.0
0.1,0.5000000000000001,0.5000000000000001,0.4999999999999999,0.7000000000000001,0.30000000000000004,0.7,0.28,0.0,0.0,0.0
0.1,0.5000000000000001,0.5000000000000001,0.4999999999999999,0.7000000000000001,0.5000000000000001,0.4999999999999999,0.28,0.0,0.0,0.0
0.1,0.5000000000000001,0.5000000000000001,0.4999999999999999,0.7000000000000001,0.7000000000000001,0.29999999999999993,0.28,0.0,0.0,0.0
0.1,0.5000000000000001,0.5000000000000001,0.4999999999999999,0.7000000000000001,0.9000000000000001,0.09999999999999987,0.28,0.0,0.0,0.0
0.1,0.5000000000000001,0.5000000000000001,0.4999999999999999,0.9000000000000001,0.1,0.9,0.28,0.0,0.0,0.0
0.1,0.5000000000000001,0.5000000000000001,0.4999999999999999,0.9000000000000001,0.30000000000000004,0.7,0.28,0.0,0.0,0.0
0.1,0.5000000000000001,0.5000000000000001,0.4999999999999999,0.9000000000000001,0.5000000000000001,0.4999999999999999,0.28,0.0,0.0,0.0
0.1,0.5000000000000001,0.5000000000000001,0.4999999999999999,0.9000000000000001,0.7000000000000001,0.29999999999999993,0.28,0.0,0.0,0.0
0.1,0.5000000000000001,0.5000000000000001,0.4999999999999999,0.9000000000000001,0.9000000000000001,0.09999999999999987,0.28,0.0,0.0,0.0
0.1,0.5000000000000001,0.7000000000000001,0.29999999999999993,0.1,0.1,0.9,0.28,0.0,0.0,0.0
0.1,0.5000000000000001,0.7000000000000001,0.29999999999999993,0.1,0.30000000000000004,0.7,0.28,0.0,0.0,0.0
0.1,0.5000000000000001,0.7000000000000001,0.29999999999999993,0.1,0.5000000000000001,0.4999999999999999,0.28,0.0,0.0,0.0
0.1,0.5000000000000001,0.7000000000000001,0.29999999999999993,0.1,0.7000000000000001,0.29999999999999993,0.28,0.0,0.0,0.0
0.1,0.5000000000000001,0.7000000000000001,0.29999999999999993,0.1,0.9000000000000001,0.09999999999999987,0.28,0.0,0.0,0.0
0.1,0.5000000000000001,0.7000000000000001,0.29999999999999993,0.30000000000000004,0.1,0.9,0.28,0.0,0.0,0.0
0.1,0.5000000000000001,0.7000000000000001,0.29999999999999993,0.30000000000000004,0.30000000000000004,0.7,0.28,0.0,0.0,0.0
0.1,0.5000000000000001,0.7000000000000001,0.29999999999999993,0.30000000000000004,0.5000000000000001,0.4999999999999999,0.28,0.0,0.0,0.0
0.1,0.5000000000000001,0.7000000000000001,0.29999999999999993,0.30000000000000004,0.7000000000000001,0.29999999999999993,0.28,0.0,0.0,0.0
0.1,0.5000000000000001,0.7000000000000001,0.29999999999999993,0.30000000000000004,0.9000000000000001,0.09999999999999987,0.28,0.0,0.0,0.0
0.1,0.5000000000000001,0.7000000000000001,0.29999999999999993,0.5000000000000001,0.1,0.9,0.28,5.8599472604746556e-05,1.0,0.00011719207781553967
0.1,0.5000000000000001,0.7000000000000001,0.29999999999999993,0.5000000000000001,0.30000000000000004,0.7,0.28,0.0,0.0,0.0
0.1,0.5000000000000001,0.7000000000000001,0.29999999999999993,0.5000000000000001,0.5000000000000001,0.4999999999999999,0.28,0.0,0.0,0.0
0.1,0.5000000000000001,0.7000000000000001,0.29999999999999993,0.5000000000000001,0.7000000000000001,0.29999999999999993,0.28,0.0,0.0,0.0
0.1,0.5000000000000001,0.7000000000000001,0.29999999999999993,0.5000000000000001,0.9000000000000001,0.09999999999999987,0.28,0.0,0.0,0.0
0.1,0.5000000000000001,0.7000000000000001,0.29999999999999993,0.7000000000000001,0.1,0.9,0.28,0.0,0.0,0.0
0.1,0.5000000000000001,0.7000000000000001,0.29999999999999993,0.7000000000000001,0.30000000000000004,0.7,0.28,0.0,0.0,0.0
0.1,0.5000000000000001,0.7000000000000001,0.29999999999999993,0.7000000000000001,0.5000000000000001,0.4999999999999999,0.28,0.0,0.0,0.0
0.1,0.5000000000000001,0.7000000000000001,0.29999999999999993,0.7000000000000001,0.7000000000000001,0.29999999999999993,0.28,0.0,0.0,0.0
0.1,0.5000000000000001,0.7000000000000001,0.29999999999999993,0.7000000000000001,0.9000000000000001,0.09999999999999987,0.28,0.0,0.0,0.0
0.1,0.5000000000000001,0.7000000000000001,0.29999999999999993,0.9000000000000001,0.1,0.9,0.28,0.0,0.0,0.0
0.1,0.5000000000000001,0.7000000000000001,0.29999999999999993,0.9000000000000001,0.30000000000000004,0.7,0.28,0.0,0.0,0.0
0.1,0.5000000000000001,0.7000000000000001,0.29999999999999993,0.9000000000000001,0.5000000000000001,0.4999999999999999,0.28,0.0,0.0,0.0
0.1,0.5000000000000001,0.7000000000000001,0.29999999999999993,0.9000000000000001,0.7000000000000001,0.29999999999999993,0.28,0.0,0.0,0.0
0.1,0.5000000000000001,0.7000000000000001,0.29999999999999993,0.9000000000000001,0.9000000000000001,0.09999999999999987,0.28,0.0,0.0,0.0
0.1,0.5000000000000001,0.9000000000000001,0.09999999999999987,0.1,0.1,0.9,0.28,5.8599472604746556e-05,1.0,0.00011719207781553967
0.1,0.5000000000000001,0.9000000000000001,0.09999999999999987,0.1,0.30000000000000004,0.7,0.28,0.0,0.0,0.0
0.1,0.5000000000000001,0.9000000000000001,0.09999999999999987,0.1,0.5000000000000001,0.4999999999999999,0.28,0.0,0.0,0.0
0.1,0.5000000000000001,0.9000000000000001,0.09999999999999987,0.1,0.7000000000000001,0.29999999999999993,0.28,0.0,0.0,0.0
0.1,0.5000000000000001,0.9000000000000001,0.09999999999999987,0.1,0.9000000000000001,0.09999999999999987,0.28,0.0,0.0,0.0
0.1,0.5000000000000001,0.9000000000000001,0.09999999999999987,0.30000000000000004,0.1,0.9,0.28,0.0,0.0,0.0
0.1,0.5000000000000001,0.9000000000000001,0.09999999999999987,0.30000000000000004,0.30000000000000004,0.7,0.28,0.0,0.0,0.0
0.1,0.5000000000000001,0.9000000000000001,0.09999999999999987,0.30000000000000004,0.5000000000000001,0.4999999999999999,0.28,0.0,0.0,0.0
0.1,0.5000000000000001,0.9000000000000001,0.09999999999999987,0.30000000000000004,0.7000000000000001,0.29999999999999993,0.28,0.0,0.0,0.0
0.1,0.5000000000000001,0.9000000000000001,0.09999999999999987,0.30000000000000004,0.9000000000000001,0.09999999999999987,0.28,0.0,0.0,0.0
0.1,0.5000000000000001,0.9000000000000001,0.09999999999999987,0.5000000000000001,0.1,0.9,0.28,5.8599472604746556e-05,1.0,0.00011719207781553967
0.1,0.5000000000000001,0.9000000000000001,0.09999999999999987,0.5000000000000001,0.30000000000000004,0.7,0.28,0.0,0.0,0.0
0.1,0.5000000000000001,0.9000000000000001,0.09999999999999987,0.5000000000000001,0.5000000000000001,0.4999999999999999,0.28,0.0,0.0,0.0
0.1,0.5000000000000001,0.9000000000000001,0.09999999999999987,0.5000000000000001,0.7000000000000001,0.29999999999999993,0.28,0.0,0.0,0.0
0.1,0.5000000000000001,0.9000000000000001,0.09999999999999987,0.5000000000000001,0.9000000000000001,0.09999999999999987,0.28,0.0,0.0,0.0
0.1,0.5000000000000001,0.9000000000000001,0.09999999999999987,0.7000000000000001,0.1,0.9,0.28,0.0,0.0,0.0
0.1,0.5000000000000001,0.9000000000000001,0.09999999999999987,0.7000000000000001,0.30000000000000004,0.7,0.28,0.0,0.0,0.0
0.1,0.5000000000000001,0.9000000000000001,0.09999999999999987,0.7000000000000001,0.5000000000000001,0.4999999999999999,0.28,0.0,0.0,0.0
0.1,0.5000000000000001,0.9000000000000001,0.09999999999999987,0.7000000000000001,0.7000000000000001,0.29999999999999993,0.28,0.0,0.0,0.0
0.1,0.5000000000000001,0.9000000000000001,0.09999999999999987,0.7000000000000001,0.9000000000000001,0.09999999999999987,0.28,0.0,0.0,0.0
0.1,0.5000000000000001,0.9000000000000001,0.09999999999999987,0.9000000000000001,0.1,0.9,0.28,0.0,0.0,0.0
0.1,0.5000000000000001,0.9000000000000001,0.09999999999999987,0.9000000000000001,0.30000000000000004,0.7,0.28,0.0,0.0,0.0
0.1,0.5000000000000001,0.9000000000000001,0.09999999999999987,0.9000000000000001,0.5000000000000001,0.4999999999999999,0.28,0.0,0.0,0.0
0.1,0.5000000000000001,0.9000000000000001,0.09999999999999987,0.9000000000000001,0.7000000000000001,0.29999999999999993,0.28,0.0,0.0,0.0
0.1,0.5000000000000001,0.9000000000000001,0.09999999999999987,0.9000000000000001,0.9000000000000001,0.09999999999999987,0.28,0.0,0.0,0.0
0.1,0.7000000000000001,0.1,0.9,0.1,0.1,0.9,0.28,0.0,0.0,0.0
0.1,0.7000000000000001,0.1,0.9,0.1,0.30000000000000004,0.7,0.28,0.0,0.0,0.0
0.1,0.7000000000000001,0.1,0.9,0.1,0.5000000000000001,0.4999999999999999,0.28,0.0,0.0,0.0
0.1,0.7000000000000001,0.1,0.9,0.1,0.7000000000000001,0.29999999999999993,0.28,0.0,0.0,0.0
0.1,0.7000000000000001,0.1,0.9,0.1,0.9000000000000001,0.09999999999999987,0.28,0.0,0.0,0.0
0.1,0.7000000000000001,0.1,0.9,0.30000000000000004,0.1,0.9,0.28,0.0,0.0,0.0
0.1,0.7000000000000001,0.1,0.9,0.30000000000000004,0.30000000000000004,0.7,0.28,0.0,0.0,0.0
0.1,0.7000000000000001,0.1,0.9,0.30000000000000004,0.5000000000000001,0.4999999999999999,0.28,0.0,0.0,0.0
0.1,0.7000000000000001,0.1,0.9,0.30000000000000004,0.7000000000000001,0.29999999999999993,0.28,0.0,0.0,0.0
0.1,0.7000000000000001,0.1,0.9,0.30000000000000004,0.9000000000000001,0.09999999999999987,0.28,0.0,0.0,0.0
0.1,0.7000000000000001,0.1,0.9,0.5000000000000001,0.1,0.9,0.28,0.0,0.0,0.0
0.1,0.7000000000000001,0.1,0.9,0.5000000000000001,0.30000000000000004,0.7,0.28,0.0,0.0,0.0
0.1,0.7000000000000001,0.1,0.9,0.5000000000000001,0.5000000000000001,0.4999999999999999,0.28,0.0,0.0,0.0
0.1,0.7000000000000001,0.1,0.9,0.5000000000000001,0.7000000000000001,0.29999999999999993,0.28,0.0,0.0,0.0
0.1,0.7000000000000001,0.1,0.9,0.5000000000000001,0.9000000000000001,0.09999999999999987,0.28,0.0,0.0,0.0
0.1,0.7000000000000001,0.1,0.9,0.7000000000000001,0.1,0.9,0.28,0.0,0.0,0.0
0.1,0.7000000000000001,0.1,0.9,0.7000000000000001,0.30000000000000004,0.7,0.28,0.0,0.0,0.0
0.1,0.7000000000000001,0.1,0.9,0.7000000000000001,0.5000000000000001,0.4999999999999999,0.28,0.0,0.0,0.0
0.1,0.7000000000000001,0.1,0.9,0.7000000000000001,0.7000000000000001,0.29999999999999993,0.28,0.0,0.0,0.0
0.1,0.7000000000000001,0.1,0.9,0.7000000000000001,0.9000000000000001,0.09999999999999987,0.28,0.0,0.0,0.0
0.1,0.7000000000000001,0.1,0.9,0.9000000000000001,0.1,0.9,0.28,0.0,0.0,0.0
0.1,0.7000000000000001,0.1,0.9,0.9000000000000001,0.30000000000000004,0.7,0.28,0.0,0.0,0.0
0.1,0.7000000000000001,0.1,0.9,0.9000000000000001,0.5000000000000001,0.4999999999999999,0.28,0.0,0.0,0.0
0.1,0.7000000000000001,0.1,0.9,0.9000000000000001,0.7000000000000001,0.29999999999999993,0.28,0.0,0.0,0.0
0.1,0.7000000000000001,0.1,0.9,0.9000000000000001,0.9000000000000001,0.09999999999999987,0.28,0.0,0.0,0.0
0.1,0.7000000000000001,0.30000000000000004,0.7,0.1,0.1,0.9,0.28,0.0,0.0,0.0
0.1,0.7000000000000001,0.30000000000000004,0.7,0.1,0.30000000000000004,0.7,0.28,0.0,0.0,0.0
0.1,0.7000000000000001,0.30000000000000004,0.7,0.1,0.5000000000000001,0.4999999999999999,0.28,0.0,0.0,0.0
0.1,0.7000000000000001,0.30000000000000004,0.7,0.1,0.7000000000000001,0.29999999999999993,0.28,0.0,0.0,0.0
0.1,0.7000000000000001,0.30000000000000004,0.7,0.1,0.9000000000000001,0.09999999999999987,0.28,0.0,0.0,0.0
0.1,0.7000000000000001,0.30000000000000004,0.7,0.30000000000000004,0.1,0.9,0.28,0.0,0.0,0.0
0.1,0.7000000000000001,0.30000000000000004,0.7,0.30000000000000004,0.30000000000000004,0.7,0.28,0.0,0.0,0.0
0.1,0.7000000000000001,0.30000000000000004,0.7,0.30000000000000004,0.5000000000000001,0.4999999999999999,0.28,0.0,0.0,0.0
0.1,0.7000000000000001,0.30000000000000004,0.7,0.30000000000000004,0.7000000000000001,0.29999999999999993,0.28,0.0,0.0,0.0
0.1,0.7000000000000001,0.30000000000000004,0.7,0.30000000000000004,0.9000000000000001,0.09999999999999987,0.28,0.0,0.0,0.0
0.1,0.7000000000000001,0.30000000000000004,0.7,0.5000000000000001,0.1,0.9,0.28,0.0,0.0,0.0
0.1,0.7000000000000001,0.30000000000000004,0.7,0.5000000000000001,0.30000000000000004,0.7,0.28,0.0,0.0,0.0
0.1,0.7000000000000001,0.30000000000000004,0.7,0.5000000000000001,0.5000000000000001,0.4999999999999999,0.28,0.0,0.0,0.0
0.1,0.7000000000000001,0.30000000000000004,0.7,0.5000000000000001,0.7000000000000001,0.29999999999999993,0.28,0.0,0.0,0.0
0.1,0.7000000000000001,0.30000000000000004,0.7,0.5000000000000001,0.9000000000000001,0.09999999999999987,0.28,0.0,0.0,0.0
0.1,0.7000000000000001,0.30000000000000004,0.7,0.7000000000000001,0.1,0.9,0.28,0.0,0.0,0.0
0.1,0.7000000000000001,0.30000000000000004,0.7,0.7000000000000001,0.30000000000000004,0.7,0.28,0.0,0.0,0.0
0.1,0.7000000000000001,0.30000000000000004,0.7,0.7000000000000001,0.5000000000000001,0.4999999999999999,0.28,0.0,0.0,0.0
0.1,0.7000000000000001,0.30000000000000004,0.7,0.7000000000000001,0.7000000000000001,0.29999999999999993,0.28,0.0,0.0,0.0
0.1,0.7000000000000001,0.30000000000000004,0.7,0.7000000000000001,0.9000000000000001,0.09999999999999987,0.28,0.0,0.0,0.0
0.1,0.7000000000000001,0.30000000000000004,0.7,0.9000000000000001,0.1,0.9,0.28,0.0,0.0,0.0
0.1,0.7000000000000001,0.30000000000000004,0.7,0.9000000000000001,0.30000000000000004,0.7,0.28,0.0,0.0,0.0
0.1,0.7000000000000001,0.30000000000000004,0.7,0.9000000000000001,0.5000000000000001,0.4999999999999999,0.28,0.0,0.0,0.0
0.1,0.7000000000000001,0.30000000000000004,0.7,0.9000000000000001,0.7000000000000001,0.29999999999999993,0.28,0.0,0.0,0.0
0.1,0.7000000000000001,0.30000000000000004,0.7,0.9000000000000001,0.9000000000000001,0.09999999999999987,0.28,0.0,0.0,0.0
0.1,0.7000000000000001,0.5000000000000001,0.4999999999999999,0.1,0.1,0.9,0.28,0.0,0.0,0.0
0.1,0.7000000000000001,0.5000000000000001,0.4999999999999999,0.1,0.30000000000000004,0.7,0.28,0.0,0.0,0.0
0.1,0.7000000000000001,0.5000000000000001,0.4999999999999999,0.1,0.5000000000000001,0.4999999999999999,0.28,0.0,0.0,0.0
0.1,0.7000000000000001,0.5000000000000001,0.4999999999999999,0.1,0.7000000000000001,0.29999999999999993,0.28,0.0,0.0,0.0
0.1,0.7000000000000001,0.5000000000000001,0.4999999999999999,0.1,0.9000000000000001,0.09999999999999987,0.28,0.0,0.0,0.0
0.1,0.7000000000000001,0.5000000000000001,0.4999999999999999,0.30000000000000004,0.1,0.9,0.28,0.0,0.0,0.0
0.1,0.7000000000000001,0.5000000000000001,0.4999999999999999,0.30000000000000004,0.30000000000000004,0.7,0.28,0.0,0.0,0.0
0.1,0.7000000000000001,0.5000000000000001,0.4999999999999999,0.30000000000000004,0.5000000000000001,0.4999999999999999,0.28,0.0,0.0,0.0
0.1,0.7000000000000001,0.5000000000000001,0.4999999999999999,0.30000000000000004,0.7000000000000001,0.29999999999999993,0.28,0.0,0.0,0.0
0.1,0.7000000000000001,0.5000000000000001,0.4999999999999999,0.30000000000000004,0.9000000000000001,0.09999999999999987,0.28,0.0,0.0,0.0
0.1,0.7000000000000001,0.5000000000000001,0.4999999999999999,0.5000000000000001,0.1,0.9,0.28,0.0,0.0,0.0
0.1,0.7000000000000001,0.5000000000000001,0.4999999999999999,0.5000000000000001,0.30000000000000004,0.7,0.28,0.0,0.0,0.0
0.1,0.7000000000000001,0.5000000000000001,0.4999999999999999,0.5000000000000001,0.5000000000000001,0.4999999999999999,0.28,0.0,0.0,0.0
0.1,0.7000000000000001,0.5000000000000001,0.4999999999999999,0.5000000000000001,0.7000000000000001,0.29999999999999993,0.28,0.0,0.0,0.0
0.1,0.7000000000000001,0.5000000000000001,0.4999999999999999,0.5000000000000001,0.9000000000000001,0.09999999999999987,0.28,0.0,0.0,0.0
0.1,0.7000000000000001,0.5000000000000001,0.4999999999999999,0.7000000000000001,0.1,0.9,0.28,0.0,0.0,0.0
0.1,0.7000000000000001,0.5000000000000001,0.4999999999999999,0.7000000000000001,0.30000000000000004,0.7,0.28,0.0,0.0,0.0
0.1,0.7000000000000001,0.5000000000000001,0.4999999999999999,0.7000000000000001,0.5000000000000001,0.4999999999999999,0.28,0.0,0.0,0.0
0.1,0.7000000000000001,0.5000000000000001,0.4999999999999999,0.7000000000000001,0.7000000000000001,0.29999999999999993,0.28,0.0,0.0,0.0
0.1,0.7000000000000001,0.5000000000000001,0.4999999999999999,0.7000000000000001,0.9000000000000001,0.09999999999999987,0.28,0.0,0.0,0.0
0.1,0.7000000000000001,0.5000000000000001,0.4999999999999999,0.9000000000000001,0.1,0.9,0.28,0.0,0.0,0.0
0.1,0.7000000000000001,0.5000000000000001,0.4999999999999999,0.9000000000000001,0.30000000000000004,0.7,0.28,0.0,0.0,0.0
0.1,0.7000000000000001,0.5000000000000001,0.4999999999999999,0.9000000000000001,0.5000000000000001,0.4999999999999999,0.28,0.0,0.0,0.0
0.1,0.7000000000000001,0.5000000000000001,0.4999999999999999,0.9000000000000001,0.7000000000000001,0.29999999999999993,0.28,0.0,0.0,0.0
0.1,0.7000000000000001,0.5000000000000001,0.4999999999999999,0.9000000000000001,0.9000000000000001,0.09999999999999987,0.28,0.0,0.0,0.0
0.1,0.7000000000000001,0.7000000000000001,0.29999999999999993,0.1,0.1,0.9,0.28,0.0,0.0,0.0
0.1,0.7000000000000001,0.7000000000000001,0.29999999999999993,0.1,0.30000000000000004,0.7,0.28,0.0,0.0,0.0
0.1,0.7000000000000001,0.7000000000000001,0.29999999999999993,0.1,0.5000000000000001,0.4999999999999999,0.28,0.0,0.0,0.0
0.1,0.7000000000000001,0.7000000000000001,0.29999999999999993,0.1,0.7000000000000001,0.29999999999999993,0.28,0.0,0.0,0.0
0.1,0.7000000000000001,0.7000000000000001,0.29999999999999993,0.1,0.9000000000000001,0.09999999999999987,0.28,0.0,0.0,0.0
0.1,0.7000000000000001,0.7000000000000001,0.29999999999999993,0.30000000000000004,0.1,0.9,0.28,0.0,0.0,0.0
0.1,0.7000000000000001,0.7000000000000001,0.29999999999999993,0.30000000000000004,0.30000000000000004,0.7,0.28,0.0,0.0,0.0
0.1,0.7000000000000001,0.7000000000000001,0.29999999999999993,0.30000000000000004,0.5000000000000001,0.4999999999999999,0.28,0.0,0.0,0.0
0.1,0.7000000000000001,0.7000000000000001,0.29999999999999993,0.30000000000000004,0.7000000000000001,0.29999999999999993,0.28,0.0,0.0,0.0
0.1,0.7000000000000001,0.7000000000000001,0.29999999999999993,0.30000000000000004,0.9000000000000001,0.09999999999999987,0.28,0.0,0.0,0.0
0.1,0.7000000000000001,0.7000000000000001,0.29999999999999993,0.5000000000000001,0.1,0.9,0.28,0.0,0.0,0.0
0.1,0.7000000000000001,0.7000000000000001,0.29999999999999993,0.5000000000000001,0.30000000000000004,0.7,0.28,0.0,0.0,0.0
0.1,0.7000000000000001,0.7000000000000001,0.29999999999999993,0.5000000000000001,0.5000000000000001,0.4999999999999999,0.28,0.0,0.0,0.0
0.1,0.7000000000000001,0.7000000000000001,0.29999999999999993,0.5000000000000001,0.7000000000000001,0.29999999999999993,0.28,0.0,0.0,0.0
0.1,0.7000000000000001,0.7000000000000001,0.29999999999999993,0.5000000000000001,0.9000000000000001,0.09999999999999987,0.28,0.0,0.0,0.0
0.1,0.7000000000000001,0.7000000000000001,0.29999999999999993,0.7000000000000001,0.1,0.9,0.28,0.0,0.0,0.0
0.1,0.7000000000000001,0.7000000000000001,0.29999999999999993,0.7000000000000001,0.30000000000000004,0.7,0.28,0.0,0.0,0.0
0.1,0.7000000000000001,0.7000000000000001,0.29999999999999993,0.7000000000000001,0.5000000000000001,0.4999999999999999,0.28,0.0,0.0,0.0
0.1,0.7000000000000001,0.7000000000000001,0.29999999999999993,0.7000000000000001,0.7000000000000001,0.29999999999999993,0.28,0.0,0.0,0.0
0.1,0.7000000000000001,0.7000000000000001,0.29999999999999993,0.7000000000000001,0.9000000000000001,0.09999999999999987,0.28,0.0,0.0,0.0
0.1,0.7000000000000001,0.7000000000000001,0.29999999999999993,0.9000000000000001,0.1,0.9,0.28,0.0,0.0,0.0
0.1,0.7000000000000001,0.7000000000000001,0.29999999999999993,0.9000000000000001,0.30000000000000004,0.7,0.28,0.0,0.0,0.0
0.1,0.7000000000000001,0.7000000000000001,0.29999999999999993,0.9000000000000001,0.5000000000000001,0.4999999999999999,0.28,0.0,0.0,0.0
0.1,0.7000000000000001,0.7000000000000001,0.29999999999999993,0.9000000000000001,0.7000000000000001,0.29999999999999993,0.28,0.0,0.0,0.0
0.1,0.7000000000000001,0.7000000000000001,0.29999999999999993,0.9000000000000001,0.9000000000000001,0.09999999999999987,0.28,0.0,0.0,0.0
0.1,0.7000000000000001,0.9000000000000001,0.09999999999999987,0.1,0.1,0.9,0.28,0.0,0.0,0.0
0.1,0.7000000000000001,0.9000000000000001,0.09999999999999987,0.1,0.30000000000000004,0.7,0.28,0.0,0.0,0.0
0.1,0.7000000000000001,0.9000000000000001,0.09999999999999987,0.1,0.5000000000000001,0.4999999999999999,0.28,0.0,0.0,0.0
0.1,0.7000000000000001,0.9000000000000001,0.09999999999999987,0.1,0.7000000000000001,0.29999999999999993,0.28,0.0,0.0,0.0
0.1,0.7000000000000001,0.9000000000000001,0.09999999999999987,0.1,0.9000000000000001,0.09999999999999987,0.28,0.0,0.0,0.0
0.1,0.7000000000000001,0.9000000000000001,0.09999999999999987,0.30000000000000004,0.1,0.9,0.28,0.0,0.0,0.0
0.1,0.7000000000000001,0.9000000000000001,0.09999999999999987,0.30000000000000004,0.30000000000000004,0.7,0.28,0.0,0.0,0.0
0.1,0.7000000000000001,0.9000000000000001,0.09999999999999987,0.30000000000000004,0.5000000000000001,0.4999999999999999,0.28,0.0,0.0,0.0
0.1,0.7000000000000001,0.9000000000000001,0.09999999999999987,0.30000000000000004,0.7000000000000001,0.29999999999999993,0.28,0.0,0.0,0.0
0.1,0.7000000000000001,0.9000000000000001,0.09999999999999987,0.30000000000000004,0.9000000000000001,0.09999999999999987,0.28,0.0,0.0,0.0
0.1,0.7000000000000001,0.9000000000000001,0.09999999999999987,0.5000000000000001,0.1,0.9,0.28,0.0,0.0,0.0
0.1,0.7000000000000001,0.9000000000000001,0.09999999999999987,0.5000000000000001,0.30000000000000004,0.7,0.28,0.0,0.0,0.0
0.1,0.7000000000000001,0.9000000000000001,0.09999999999999987,0.5000000000000001,0.5000000000000001,0.4999999999999999,0.28,0.0,0.0,0.0
0.1,0.7000000000000001,0.9000000000000001,0.09999999999999987,0.5000000000000001,0.7000000000000001,0.29999999999999993,0.28,0.0,0.0,0.0
0.1,0.7000000000000001,0.9000000000000001,0.09999999999999987,0.5000000000000001,0.9000000000000001,0.09999999999999987,0.28,0.0,0.0,0.0
0.1,0.7000000000000001,0.9000000000000001,0.09999999999999987,0.7000000000000001,0.1,0.9,0.28,0.0,0.0,0.0
0.1,0.7000000000000001,0.9000000000000001,0.09999999999999987,0.7000000000000001,0.30000000000000004,0.7,0.28,0.0,0.0,0.0
0.1,0.7000000000000001,0.9000000000000001,0.09999999999999987,0.7000000000000001,0.5000000000000001,0.4999999999999999,0.28,0.0,0.0,0.0
0.1,0.7000000000000001,0.9000000000000001,0.09999999999999987,0.7000000000000001,0.7000000000000001,0.29999999999999993,0.28,0.0,0.0,0.0
0.1,0.7000000000000001,0.9000000000000001,0.09999999999999987,0.7000000000000001,0.9000000000000001,0.09999999999999987,0.28,0.0,0.0,0.0
0.1,0.7000000000000001,0.9000000000000001,0.09999999999999987,0.9000000000000001,0.1,0.9,0.28,0.0,0.0,0.0
0.1,0.7000000000000001,0.9000000000000001,0.09999999999999987,0.9000000000000001,0.30000000000000004,0.7,0.28,0.0,0.0,0.0
0.1,0.7000000000000001,0.9000000000000001,0.09999999999999987,0.9000000000000001,0.5000000000000001,0.4999999999999999,0.28,0.0,0.0,0.0
0.1,0.7000000000000001,0.9000000000000001,0.09999999999999987,0.9000000000000001,0.7000000000000001,0.29999999999999993,0.28,0.0,0.0,0.0
0.1,0.7000000000000001,0.9000000000000001,0.09999999999999987,0.9000000000000001,0.9000000000000001,0.09999999999999987,0.28,0.0,0.0,0.0
0.1,0.9000000000000001,0.1,0.9,0.1,0.1,0.9,0.28,0.0,0.0,0.0
0.1,0.9000000000000001,0.1,0.9,0.1,0.30000000000000004,0.7,0.28,0.0,0.0,0.0
0.1,0.9000000000000001,0.1,0.9,0.1,0.5000000000000001,0.4999999999999999,0.28,0.0,0.0,0.0
0.1,0.9000000000000001,0.1,0.9,0.1,0.7000000000000001,0.29999999999999993,0.28,0.0,0.0,0.0
0.1,0.9000000000000001,0.1,0.9,0.1,0.9000000000000001,0.09999999999999987,0.28,0.0,0.0,0.0
0.1,0.9000000000000001,0.1,0.9,0.30000000000000004,0.1,0.9,0.28,0.0,0.0,0.0
0.1,0.9000000000000001,0.1,0.9,0.30000000000000004,0.30000000000000004,0.7,0.28,0.0,0.0,0.0
0.1,0.9000000000000001,0.1,0.9,0.30000000000000004,0.5000000000000001,0.4999999999999999,0.28,0.0,0.0,0.0
0.1,0.9000000000000001,0.1,0.9,0.30000000000000004,0.7000000000000001,0.29999999999999993,0.28,0.0,0.0,0.0
0.1,0.9000000000000001,0.1,0.9,0.30000000000000004,0.9000000000000001,0.09999999999999987,0.28,0.0,0.0,0.0
0.1,0.9000000000000001,0.1,0.9,0.5000000000000001,0.1,0.9,0.28,0.0,0.0,0.0
0.1,0.9000000000000001,0.1,0.9,0.5000000000000001,0.30000000000000004,0.7,0.28,0.0,0.0,0.0
0.1,0.9000000000000001,0.1,0.9,0.5000000000000001,0.5000000000000001,0.4999999999999999,0.28,0.0,0.0,0.0
0.1,0.9000000000000001,0.1,0.9,0.5000000000000001,0.7000000000000001,0.29999999999999993,0.28,0.0,0.0,0.0
0.1,0.9000000000000001,0.1,0.9,0.5000000000000001,0.9000000000000001,0.09999999999999987,0.28,0.0,0.0,0.0
0.1,0.9000000000000001,0.1,0.9,0.7000000000000001,0.1,0.9,0.28,0.0,0.0,0.0
0.1,0.9000000000000001,0.1,0.9,0.7000000000000001,0.30000000000000004,0.7,0.28,0.0,0.0,0.0
0.1,0.9000000000000001,0.1,0.9,0.7000000000000001,0.5000000000000001,0.4999999999999999,0.28,0.0,0.0,0.0
0.1,0.9000000000000001,0.1,0.9,0.7000000000000001,0.7000000000000001,0.29999999999999993,0.28,0.0,0.0,0.0
0.1,0.9000000000000001,0.1,0.9,0.7000000000000001,0.9000000000000001,0.09999999999999987,0.28,0.0,0.0,0.0
0.1,0.9000000000000001,0.1,0.9,0.9000000000000001,0.1,0.9,0.28,0.0,0.0,0.0
0.1,0.9000000000000001,0.1,0.9,0.9000000000000001,0.30000000000000004,0.7,0.28,0.0,0.0,0.0
0.1,0.9000000000000001,0.1,0.9,0.9000000000000001,0.5000000000000001,0.4999999999999999,0.28,0.0,0.0,0.0
0.1,0.9000000000000001,0.1,0.9,0.9000000000000001,0.7000000000000001,0.29999999999999993,0.28,0.0,0.0,0.0
0.1,0.9000000000000001,0.1,0.9,0.9000000000000001,0.9000000000000001,0.09999999999999987,0.28,0.0,0.0,0.0
0.1,0.9000000000000001,0.30000000000000004,0.7,0.1,0.1,0.9,0.28,0.0,0.0,0.0
0.1,0.9000000000000001,0.30000000000000004,0.7,0.1,0.30000000000000004,0.7,0.28,0.0,0.0,0.0
0.1,0.9000000000000001,0.30000000000000004,0.7,0.1,0.5000000000000001,0.4999999999999999,0.28,0.0,0.0,0.0
0.1,0.9000000000000001,0.30000000000000004,0.7,0.1,0.7000000000000001,0.29999999999999993,0.28,0.0,0.0,0.0
0.1,0.9000000000000001,0.30000000000000004,0.7,0.1,0.9000000000000001,0.09999999999999987,0.28,0.0,0.0,0.0
0.1,0.9000000000000001,0.30000000000000004,0.7,0.30000000000000004,0.1,0.9,0.28,0.0,0.0,0.0
0.1,0.9000000000000001,0.30000000000000004,0.7,0.30000000000000004,0.30000000000000004,0.7,0.28,0.0,0.0,0.0
0.1,0.9000000000000001,0.30000000000000004,0.7,0.30000000000000004,0.5000000000000001,0.4999999999999999,0.28,0.0,0.0,0.0
0.1,0.9000000000000001,0.30000000000000004,0.7,0.30000000000000004,0.7000000000000001,0.29999999999999993,0.28,0.0,0.0,0.0
0.1,0.9000000000000001,0.30000000000000004,0.7,0.30000000000000004,0.9000000000000001,0.09999999999999987,0.28,0.0,0.0,0.0
0.1,0.9000000000000001,0.30000000000000004,0.7,0.5000000000000001,0.1,0.9,0.28,0.0,0.0,0.0
0.1,0.9000000000000001,0.30000000000000004,0.7,0.5000000000000001,0.30000000000000004,0.7,0.28,0.0,0.0,0.0
0.1,0.9000000000000001,0.30000000000000004,0.7,0.5000000000000001,0.5000000000000001,0.4999999999999999,0.28,0.0,0.0,0.0
0.1,0.9000000000000001,0.30000000000000004,0.7,0.5000000000000001,0.7000000000000001,0.29999999999999993,0.28,0.0,0.0,0.0
0.1,0.9000000000000001,0.30000000000000004,0.7,0.5000000000000001,0.9000000000000001,0.09999999999999987,0.28,0.0,0.0,0.0
0.1,0.9000000000000001,0.30000000000000004,0.7,0.7000000000000001,0.1,0.9,0.28,0.0,0.0,0.0
0.1,0.9000000000000001,0.30000000000000004,0.7,0.7000000000000001,0.30000000000000004,0.7,0.28,0.0,0.0,0.0
0.1,0.9000000000000001,0.30000000000000004,0.7,0.7000000000000001,0.5000000000000001,0.4999999999999999,0.28,0.0,0.0,0.0
0.1,0.9000000000000001,0.30000000000000004,0.7,0.7000000000000001,0.7000000000000001,0.29999999999999993,0.28,0.0,0.0,0.0
0.1,0.9000000000000001,0.30000000000000004,0.7,0.7000000000000001,0.9000000000000001,0.09999999999999987,0.28,0.0,0.0,0.0
0.1,0.9000000000000001,0.30000000000000004,0.7,0.9000000000000001,0.1,0.9,0.28,0.0,0.0,0.0
0.1,0.9000000000000001,0.30000000000000004,0.7,0.9000000000000001,0.30000000000000004,0.7,0.28,0.0,0.0,0.0
0.1,0.9000000000000001,0.30000000000000004,0.7,0.9000000000000001,0.5000000000000001,0.4999999999999999,0.28,0.0,0.0,0.0
0.1,0.9000000000000001,0.30000000000000004,0.7,0.9000000000000001,0.7000000000000001,0.29999999999999993,0.28,0.0,0.0,0.0
0.1,0.9000000000000001,0.30000000000000004,0.7,0.9000000000000001,0.9000000000000001,0.09999999999999987,0.28,0.0,0.0,0.0
0.1,0.9000000000000001,0.5000000000000001,0.4999999999999999,0.1,0.1,0.9,0.28,0.0,0.0,0.0
0.1,0.9000000000000001,0.5000000000000001,0.4999999999999999,0.1,0.30000000000000004,0.7,0.28,0.0,0.0,0.0
0.1,0.9000000000000001,0.5000000000000001,0.4999999999999999,0.1,0.5000000000000001,0.4999999999999999,0.28,0.0,0.0,0.0
0.1,0.9000000000000001,0.5000000000000001,0.4999999999999999,0.1,0.7000000000000001,0.29999999999999993,0.28,0.0,0.0,0.0
0.1,0.9000000000000001,0.5000000000000001,0.4999999999999999,0.1,0.9000000000000001,0.09999999999999987,0.28,0.0,0.0,0.0
0.1,0.9000000000000001,0.5000000000000001,0.4999999999999999,0.30000000000000004,0.1,0.9,0.28,0.0,0.0,0.0
0.1,0.9000000000000001,0.5000000000000001,0.4999999999999999,0.30000000000000004,0.30000000000000004,0.7,0.28,0.0,0.0,0.0
0.1,0.9000000000000001,0.5000000000000001,0.4999999999999999,0.30000000000000004,0.5000000000000001,0.4999999999999999,0.28,0.0,0.0,0.0
0.1,0.9000000000000001,0.5000000000000001,0.4999999999999999,0.30000000000000004,0.7000000000000001,0.29999999999999993,0.28,0.0,0.0,0.0
0.1,0.9000000000000001,0.5000000000000001,0.4999999999999999,0.30000000000000004,0.9000000000000001,0.09999999999999987,0.28,0.0,0.0,0.0
0.1,0.9000000000000001,0.5000000000000001,0.4999999999999999,0.5000000000000001,0.1,0.9,0.28,0.0,0.0,0.0
0.1,0.9000000000000001,0.5000000000000001,0.4999999999999999,0.5000000000000001,0.30000000000000004,0.7,0.28,0.0,0.0,0.0
0.1,0.9000000000000001,0.5000000000000001,0.4999999999999999,0.5000000000000001,0.5000000000000001,0.4999999999999999,0.28,0.0,0.0,0.0
0.1,0.9000000000000001,0.5000000000000001,0.4999999999999999,0.5000000000000001,0.7000000000000001,0.29999999999999993,0.28,0.0,0.0,0.0
0.1,0.9000000000000001,0.5000000000000001,0.4999999999999999,0.5000000000000001,0.9000000000000001,0.09999999999999987,0.28,0.0,0.0,0.0
0.1,0.9000000000000001,0.5000000000000001,0.4999999999999999,0.7000000000000001,0.1,0.9,0.28,0.0,0.0,0.0
0.1,0.9000000000000001,0.5000000000000001,0.4999999999999999,0.7000000000000001,0.30000000000000004,0.7,0.28,0.0,0.0,0.0
0.1,0.9000000000000001,0.5000000000000001,0.4999999999999999,0.7000000000000001,0.5000000000000001,0.4999999999999999,0.28,0.0,0.0,0.0
0.1,0.9000000000000001,0.5000000000000001,0.4999999999999999,0.7000000000000001,0.7000000000000001,0.29999999999999993,0.28,0.0,0.0,0.0
0.1,0.9000000000000001,0.5000000000000001,0.4999999999999999,0.7000000000000001,0.9000000000000001,0.09999999999999987,0.28,0.0,0.0,0.0
0.1,0.9000000000000001,0.5000000000000001,0.4999999999999999,0.9000000000000001,0.1,0.9,0.28,0.0,0.0,0.0
0.1,0.9000000000000001,0.5000000000000001,0.4999999999999999,0.9000000000000001,0.30000000000000004,0.7,0.28,0.0,0.0,0.0
0.1,0.9000000000000001,0.5000000000000001,0.4999999999999999,0.9000000000000001,0.5000000000000001,0.4999999999999999,0.28,0.0,0.0,0.0
0.1,0.9000000000000001,0.5000000000000001,0.4999999999999999,0.9000000000000001,0.7000000000000001,0.29999999999999993,0.28,0.0,0.0,0.0
0.1,0.9000000000000001,0.5000000000000001,0.4999999999999999,0.9000000000000001,0.9000000000000001,0.09999999999999987,0.28,0.0,0.0,0.0
0.1,0.9000000000000001,0.7000000000000001,0.29999999999999993,0.1,0.1,0.9,0.28,0.0,0.0,0.0
0.1,0.9000000000000001,0.7000000000000001,0.29999999999999993,0.1,0.30000000000000004,0.7,0.28,0.0,0.0,0.0
0.1,0.9000000000000001,0.7000000000000001,0.29999999999999993,0.1,0.5000000000000001,0.4999999999999999,0.28,0.0,0.0,0.0
0.1,0.9000000000000001,0.7000000000000001,0.29999999999999993,0.1,0.7000000000000001,0.29999999999999993,0.28,0.0,0.0,0.0
0.1,0.9000000000000001,0.7000000000000001,0.29999999999999993,0.1,0.9000000000000001,0.09999999999999987,0.28,0.0,0.0,0.0
0.1,0.9000000000000001,0.7000000000000001,0.29999999999999993,0.30000000000000004,0.1,0.9,0.28,0.0,0.0,0.0
0.1,0.9000000000000001,0.7000000000000001,0.29999999999999993,0.30000000000000004,0.30000000000000004,0.7,0.28,0.0,0.0,0.0
0.1,0.9000000000000001,0.7000000000000001,0.29999999999999993,0.30000000000000004,0.5000000000000001,0.4999999999999999,0.28,0.0,0.0,0.0
0.1,0.9000000000000001,0.7000000000000001,0.29999999999999993,0.30000000000000004,0.7000000000000001,0.29999999999999993,0.28,0.0,0.0,0.0
0.1,0.9000000000000001,0.7000000000000001,0.29999999999999993,0.30000000000000004,0.9000000000000001,0.09999999999999987,0.28,0.0,0.0,0.0
0.1,0.9000000000000001,0.7000000000000001,0.29999999999999993,0.5000000000000001,0.1,0.9,0.28,0.0,0.0,0.0
0.1,0.9000000000000001,0.7000000000000001,0.29999999999999993,0.5000000000000001,0.30000000000000004,0.7,0.28,0.0,0.0,0.0
0.1,0.9000000000000001,0.7000000000000001,0.29999999999999993,0.5000000000000001,0.5000000000000001,0.4999999999999999,0.28,0.0,0.0,0.0
0.1,0.9000000000000001,0.7000000000000001,0.29999999999999993,0.5000000000000001,0.7000000000000001,0.29999999999999993,0.28,0.0,0.0,0.0
0.1,0.9000000000000001,0.7000000000000001,0.29999999999999993,0.5000000000000001,0.9000000000000001,0.09999999999999987,0.28,0.0,0.0,0.0
0.1,0.9000000000000001,0.7000000000000001,0.29999999999999993,0.7000000000000001,0.1,0.9,0.28,0.0,0.0,0.0
0.1,0.9000000000000001,0.7000000000000001,0.29999999999999993,0.7000000000000001,0.30000000000000004,0.7,0.28,0.0,0.0,0.0
0.1,0.9000000000000001,0.7000000000000001,0.29999999999999993,0.7000000000000001,0.5000000000000001,0.4999999999999999,0.28,0.0,0.0,0.0
0.1,0.9000000000000001,0.7000000000000001,0.29999999999999993,0.7000000000000001,0.7000000000000001,0.29999999999999993,0.28,0.0,0.0,0.0
0.1,0.9000000000000001,0.7000000000000001,0.29999999999999993,0.7000000000000001,0.9000000000000001,0.09999999999999987,0.28,0.0,0.0,0.0
0.1,0.9000000000000001,0.7000000000000001,0.29999999999999993,0.9000000000000001,0.1,0.9,0.28,0.0,0.0,0.0
0.1,0.9000000000000001,0.7000000000000001,0.29999999999999993,0.9000000000000001,0.30000000000000004,0.7,0.28,0.0,0.0,0.0
0.1,0.9000000000000001,0.7000000000000001,0.29999999999999993,0.9000000000000001,0.5000000000000001,0.4999999999999999,0.28,0.0,0.0,0.0
0.1,0.9000000000000001,0.7000000000000001,0.29999999999999993,0.9000000000000001,0.7000000000000001,0.29999999999999993,0.28,0.0,0.0,0.0
0.1,0.9000000000000001,0.7000000000000001,0.29999999999999993,0.9000000000000001,0.9000000000000001,0.09999999999999987,0.28,0.0,0.0,0.0
0.1,0.9000000000000001,0.9000000000000001,0.09999999999999987,0.1,0.1,0.9,0.28,0.0,0.0,0.0
0.1,0.9000000000000001,0.9000000000000001,0.09999999999999987,0.1,0.30000000000000004,0.7,0.28,0.0,0.0,0.0
0.1,0.9000000000000001,0.9000000000000001,0.09999999999999987,0.1,0.5000000000000001,0.4999999999999999,0.28,0.0,0.0,0.0
0.1,0.9000000000000001,0.9000000000000001,0.09999999999999987,0.1,0.7000000000000001,0.29999999999999993,0.28,0.0,0.0,0.0
0.1,0.9000000000000001,0.9000000000000001,0.09999999999999987,0.1,0.9000000000000001,0.09999999999999987,0.28,0.0,0.0,0.0
0.1,0.9000000000000001,0.9000000000000001,0.09999999999999987,0.30000000000000004,0.1,0.9,0.28,0.0,0.0,0.0
0.1,0.9000000000000001,0.9000000000000001,0.09999999999999987,0.30000000000000004,0.30000000000000004,0.7,0.28,0.0,0.0,0.0
0.1,0.9000000000000001,0.9000000000000001,0.09999999999999987,0.30000000000000004,0.5000000000000001,0.4999999999999999,0.28,0.0,0.0,0.0
0.1,0.9000000000000001,0.9000000000000001,0.09999999999999987,0.30000000000000004,0.7000000000000001,0.29999999999999993,0.28,0.0,0.0,0.0
0.1,0.9000000000000001,0.9000000000000001,0.09999999999999987,0.30000000000000004,0.9000000000000001,0.09999999999999987,0.28,0.0,0.0,0.0
0.1,0.9000000000000001,0.9000000000000001,0.09999999999999987,0.5000000000000001,0.1,0.9,0.28,0.0,0.0,0.0
0.1,0.9000000000000001,0.9000000000000001,0.09999999999999987,0.5000000000000001,0.30000000000000004,0.7,0.28,0.0,0.0,0.0
0.1,0.9000000000000001,0.9000000000000001,0.09999999999999987,0.5000000000000001,0.5000000000000001,0.4999999999999999,0.28,0.0,0.0,0.0
0.1,0.9000000000000001,0.9000000000000001,0.09999999999999987,0.5000000000000001,0.7000000000000001,0.29999999999999993,0.28,0.0,0.0,0.0
0.1,0.9000000000000001,0.9000000000000001,0.09999999999999987,0.5000000000000001,0.9000000000000001,0.09999999999999987,0.28,0.0,0.0,0.0
0.1,0.9000000000000001,0.9000000000000001,0.09999999999999987,0.7000000000000001,0.1,0.9,0.28,0.0,0.0,0.0
0.1,0.9000000000000001,0.9000000000000001,0.09999999999999987,0.7000000000000001,0.30000000000000004,0.7,0.28,0.0,0.0,0.0
0.1,0.9000000000000001,0.9000000000000001,0.09999999999999987,0.7000000000000001,0.5000000000000001,0.4999999999999999,0.28,0.0,0.0,0.0
0.1,0.9000000000000001,0.9000000000000001,0.09999999999999987,0.7000000000000001,0.7000000000000001,0.29999999999999993,0.28,0.0,0.0,0.0
0.1,0.9000000000000001,0.9000000000000001,0.09999999999999987,0.7000000000000001,0.9000000000000001,0.09999999999999987,0.28,0.0,0.0,0.0
0.1,0.9000000000000001,0.9000000000000001,0.09999999999999987,0.9000000000000001,0.1,0.9,0.28,0.0,0.0,0.0
0.1,0.9000000000000001,0.9000000000000001,0.09999999999999987,0.9000000000000001,0.30000000000000004,0.7,0.28,0.0,0.0,0.0
0.1,0.9000000000000001,0.9000000000000001,0.09999999999999987,0.9000000000000001,0.5000000000000001,0.4999999999999999,0.28,0.0,0.0,0.0
0.1,0.9000000000000001,0.9000000000000001,0.09999999999999987,0.9000000000000001,0.7000000000000001,0.29999999999999993,0.28,0.0,0.0,0.0
0.1,0.9000000000000001,0.9000000000000001,0.09999999999999987,0.9000000000000001,0.9000000000000001,0.09999999999999987,0.28,0.0,0.0,0.0
0.30000000000000004,0.1,0.1,0.9,0.1,0.1,0.9,0.28,5.8599472604746556e-05,1.0,0.00011719207781553967
0.30000000000000004,0.1,0.1,0.9,0.1,0.30000000000000004,0.7,0.28,0.00011719207781553967,1.0,0.00023435669088352472
0.30000000000000004,0.1,0.1,0.9,0.1,0.5000000000000001,0.4999999999999999,0.28,5.8599472604746556e-05,1.0,0.00011719207781553967
0.30000000000000004,0.1,0.1,0.9,0.1,0.7000000000000001,0.29999999999999993,0.28,5.8599472604746556e-05,1.0,0.00011719207781553967
0.30000000000000004,0.1,0.1,0.9,0.1,0.9000000000000001,0.09999999999999987,0.28,5.8599472604746556e-05,1.0,0.00011719207781553967
0.30000000000000004,0.1,0.1,0.9,0.30000000000000004,0.1,0.9,0.28,5.8599472604746556e-05,1.0,0.00011719207781553967
0.30000000000000004,0.1,0.1,0.9,0.30000000000000004,0.30000000000000004,0.7,0.28,5.8599472604746556e-05,1.0,0.00011719207781553967
0.30000000000000004,0.1,0.1,0.9,0.30000000000000004,0.5000000000000001,0.4999999999999999,0.28,0.00011719207781553967,1.0,0.00023435669088352472
0.30000000000000004,0.1,0.1,0.9,0.30000000000000004,0.7000000000000001,0.29999999999999993,0.28,5.8599472604746556e-05,1.0,0.00011719207781553967
0.30000000000000004,0.1,0.1,0.9,0.30000000000000004,0.9000000000000001,0.09999999999999987,0.28,5.8599472604746556e-05,1.0,0.00011719207781553967
0.30000000000000004,0.1,0.1,0.9,0.5000000000000001,0.1,0.9,0.28,5.8599472604746556e-05,1.0,0.00011719207781553967
0.30000000000000004,0.1,0.1,0.9,0.5000000000000001,0.30000000000000004,0.7,0.28,5.8599472604746556e-05,1.0,0.00011719207781553967
0.30000000000000004,0.1,0.1,0.9,0.5000000000000001,0.5000000000000001,0.4999999999999999,0.28,5.8599472604746556e-05,1.0,0.00011719207781553967
0.30000000000000004,0.1,0.1,0.9,0.5000000000000001,0.7000000000000001,0.29999999999999993,0.28,5.8599472604746556e-05,1.0,0.00011719207781553967
0.30000000000000004,0.1,0.1,0.9,0.5000000000000001,0.9000000000000001,0.09999999999999987,0.28,5.8599472604746556e-05,1.0,0.00011719207781553967
0.30000000000000004,0.1,0.1,0.9,0.7000000000000001,0.1,0.9,0.28,5.8599472604746556e-05,1.0,0.00011719207781553967
0.30000000000000004,0.1,0.1,0.9,0.7000000000000001,0.30000000000000004,0.7,0.28,0.0,0.0,0.0
0.30000000000000004,0.1,0.1,0.9,0.7000000000000001,0.5000000000000001,0.4999999999999999,0.28,0.0,0.0,0.0
0.30000000000000004,0.1,0.1,0.9,0.7000000000000001,0.7000000000000001,0.29999999999999993,0.28,5.8599472604746556e-05,1.0,0.00011719207781553967
0.30000000000000004,0.1,0.1,0.9,0.7000000000000001,0.9000000000000001,0.09999999999999987,0.28,0.0,0.0,0.0
0.30000000000000004,0.1,0.1,0.9,0.9000000000000001,0.1,0.9,0.28,0.00011719207781553967,1.0,0.00023435669088352472
0.30000000000000004,0.1,0.1,0.9,0.9000000000000001,0.30000000000000004,0.7,0.28,0.0,0.0,0.0
0.30000000000000004,0.1,0.1,0.9,0.9000000000000001,0.5000000000000001,0.4999999999999999,0.28,0.0,0.0,0.0
0.30000000000000004,0.1,0.1,0.9,0.9000000000000001,0.7000000000000001,0.29999999999999993,0.28,0.0,0.0,0.0
0.30000000000000004,0.1,0.1,0.9,0.9000000000000001,0.9000000000000001,0.09999999999999987,0.28,0.0,0.0,0.0
0.30000000000000004,0.1,0.30000000000000004,0.7,0.1,0.1,0.9,0.28,5.8599472604746556e-05,1.0,0.00011719207781553967
0.30000000000000004,0.1,0.30000000000000004,0.7,0.1,0.30000000000000004,0.7,0.28,5.8599472604746556e-05,1.0,0.00011719207781553967
0.30000000000000004,0.1,0.30000000000000004,0.7,0.1,0.5000000000000001,0.4999999999999999,0.28,5.8599472604746556e-05,1.0,0.00011719207781553967
0.30000000000000004,0.1,0.30000000000000004,0.7,0.1,0.7000000000000001,0.29999999999999993,0.28,0.00011719207781553967,1.0,0.00023435669088352472
0.30000000000000004,0.1,0.30000000000000004,0.7,0.1,0.9000000000000001,0.09999999999999987,0.28,0.00011719207781553967,1.0,0.00023435669088352472
0.30000000000000004,0.1,0.30000000000000004,0.7,0.30000000000000004,0.1,0.9,0.28,5.8599472604746556e-05,1.0,0.00011719207781553967
0.30000000000000004,0.1,0.30000000000000004,0.7,0.30000000000000004,0.30000000000000004,0.7,0.28,5.8599472604746556e-05,1.0,0.00011719207781553967
0.30000000000000004,0.1,0.30000000000000004,0.7,0.30000000000000004,0.5000000000000001,0.4999999999999999,0.28,0.00011719207781553967,1.0,0.00023435669088352472
0.30000000000000004,0.1,0.30000000000000004,0.7,0.30000000000000004,0.7000000000000001,0.29999999999999993,0.28,0.00011719207781553967,1.0,0.00023435669088352472
0.30000000000000004,0.1,0.30000000000000004,0.7,0.30000000000000004,0.9000000000000001,0.09999999999999987,0.28,0.00017577781683951485,1.0,0.000351493848857645
0.30000000000000004,0.1,0.30000000000000004,0.7,0.5000000000000001,0.1,0.9,0.28,5.8599472604746556e-05,1.0,0.00011719207781553967
0.30000000000000004,0.1,0.30000000000000004,0.7,0.5000000000000001,0.30000000000000004,0.7,0.28,5.8599472604746556e-05,1.0,0.00011719207781553967
0.30000000000000004,0.1,0.30000000000000004,0.7,0.5000000000000001,0.5000000000000001,0.4999999999999999,0.28,5.8599472604746556e-05,1.0,0.00011719207781553967
0.30000000000000004,0.1,0.30000000000000004,0.7,0.5000000000000001,0.7000000000000001,0.29999999999999993,0.28,5.8599472604746556e-05,1.0,0.00011719207781553967
0.30000000000000004,0.1,0.30000000000000004,0.7,0.5000000000000001,0.9000000000000001,0.09999999999999987,0.28,0.00011719207781553967,1.0,0.00023435669088352472
0.30000000000000004,0.1,0.30000000000000004,0.7,0.7000000000000001,0.1,0.9,0.28,0.0,0.0,0.0
0.30000000000000004,0.1,0.30000000000000004,0.7,0.7000000000000001,0.30000000000000004,0.7,0.28,5.8599472604746556e-05,1.0,0.00011719207781553967
0.30000000000000004,0.1,0.30000000000000004,0.7,0.7000000000000001,0.5000000000000001,0.4999999999999999,0.28,0.0,0.0,0.0
0.30000000000000004,0.1,0.30000000000000004,0.7,0.7000000000000001,0.7000000000000001,0.29999999999999993,0.28,0.0,0.0,0.0
0.30000000000000004,0.1,0.30000000000000004,0.7,0.7000000000000001,0.9000000000000001,0.09999999999999987,0.28,0.0,0.0,0.0
0.30000000000000004,0.1,0.30000000000000004,0.7,0.9000000000000001,0.1,0.9,0.28,5.8599472604746556e-05,1.0,0.00011719207781553967
0.30000000000000004,0.1,0.30000000000000004,0.7,0.9000000000000001,0.30000000000000004,0.7,0.28,0.0,0.0,0.0
0.30000000000000004,0.1,0.30000000000000004,0.7,0.9000000000000001,0.5000000000000001,0.4999999999999999,0.28,5.8599472604746556e-05,1.0,0.00011719207781553967
0.30000000000000004,0.1,0.30000000000000004,0.7,0.9000000000000001,0.7000000000000001,0.29999999999999993,0.28,0.0,0.0,0.0
0.30000000000000004,0.1,0.30000000000000004,0.7,0.9000000000000001,0.9000000000000001,0.09999999999999987,0.28,5.8599472604746556e-05,1.0,0.00011719207781553967
0.30000000000000004,0.1,0.5000000000000001,0.4999999999999999,0.1,0.1,0.9,0.28,5.8599472604746556e-05,1.0,0.00011719207781553967
0.30000000000000004,0.1,0.5000000000000001,0.4999999999999999,0.1,0.30000000000000004,0.7,0.28,5.8599472604746556e-05,1.0,0.00011719207781553967
0.30000000000000004,0.1,0.5000000000000001,0.4999999999999999,0.1,0.5000000000000001,0.4999999999999999,0.28,5.8599472604746556e-05,1.0,0.00011719207781553967
0.30000000000000004,0.1,0.5000000000000001,0.4999999999999999,0.1,0.7000000000000001,0.29999999999999993,0.28,5.8599472604746556e-05,1.0,0.00011719207781553967
0.30000000000000004,0.1,0.5000000000000001,0.4999999999999999,0.1,0.9000000000000001,0.09999999999999987,0.28,5.8599472604746556e-05,1.0,0.00011719207781553967
0.30000000000000004,0.1,0.5000000000000001,0.4999999999999999,0.30000000000000004,0.1,0.9,0.28,5.8599472604746556e-05,1.0,0.00011719207781553967
0.30000000000000004,0.1,0.5000000000000001,0.4999999999999999,0.30000000000000004,0.30000000000000004,0.7,0.28,5.8599472604746556e-05,1.0,0.00011719207781553967
0.30000000000000004,0.1,0.5000000000000001,0.4999999999999999,0.30000000000000004,0.5000000000000001,0.4999999999999999,0.28,5.8599472604746556e-05,1.0,0.00011719207781553967
0.30000000000000004,0.1,0.5000000000000001,0.4999999999999999,0.30000000000000004,0.7000000000000001,0.29999999999999993,0.28,5.8599472604746556e-05,1.0,0.00011719207781553967
0.30000000000000004,0.1,0.5000000000000001,0.4999999999999999,0.30000000000000004,0.9000000000000001,0.09999999999999987,0.28,5.8599472604746556e-05,1.0,0.00011719207781553967
0.30000000000000004,0.1,0.5000000000000001,0.4999999999999999,0.5000000000000001,0.1,0.9,0.28,0.00011719207781553967,1.0,0.00023435669088352472
0.30000000000000004,0.1,0.5000000000000001,0.4999999999999999,0.5000000000000001,0.30000000000000004,0.7,0.28,5.8599472604746556e-05,1.0,0.00011719207781553967
0.30000000000000004,0.1,0.5000000000000001,0.4999999999999999,0.5000000000000001,0.5000000000000001,0.4999999999999999,0.28,5.8599472604746556e-05,1.0,0.00011719207781553967
0.30000000000000004,0.1,0.5000000000000001,0.4999999999999999,0.5000000000000001,0.7000000000000001,0.29999999999999993,0.28,0.00011719207781553967,1.0,0.00023435669088352472
0.30000000000000004,0.1,0.5000000000000001,0.4999999999999999,0.5000000000000001,0.9000000000000001,0.09999999999999987,0.28,5.8599472604746556e-05,1.0,0.00011719207781553967
0.30000000000000004,0.1,0.5000000000000001,0.4999999999999999,0.7000000000000001,0.1,0.9,0.28,0.0,0.0,0.0
0.30000000000000004,0.1,0.5000000000000001,0.4999999999999999,0.7000000000000001,0.30000000000000004,0.7,0.28,0.0,0.0,0.0
0.30000000000000004,0.1,0.5000000000000001,0.4999999999999999,0.7000000000000001,0.5000000000000001,0.4999999999999999,0.28,0.0,0.0,0.0
0.30000000000000004,0.1,0.5000000000000001,0.4999999999999999,0.7000000000000001,0.7000000000000001,0.29999999999999993,0.28,0.0,0.0,0.0
0.30000000000000004,0.1,0.5000000000000001,0.4999999999999999,0.7000000000000001,0.9000000000000001,0.09999999999999987,0.28,5.8599472604746556e-05,1.0,0.00011719207781553967
0.30000000000000004,0.1,0.5000000000000001,0.4999999999999999,0.9000000000000001,0.1,0.9,0.28,0.0,0.0,0.0
0.30000000000000004,0.1,0.5000000000000001,0.4999999999999999,0.9000000000000001,0.30000000000000004,0.7,0.28,5.8599472604746556e-05,1.0,0.00011719207781553967
0.30000000000000004,0.1,0.5000000000000001,0.4999999999999999,0.9000000000000001,0.5000000000000001,0.4999999999999999,0.28,5.8599472604746556e-05,1.0,0.00011719207781553967
0.30000000000000004,0.1,0.5000000000000001,0.4999999999999999,0.9000000000000001,0.7000000000000001,0.29999999999999993,0.28,0.0,0.0,0.0
0.30000000000000004,0.1,0.5000000000000001,0.4999999999999999,0.9000000000000001,0.9000000000000001,0.09999999999999987,0.28,0.0,0.0,0.0
0.30000000000000004,0.1,0.7000000000000001,0.29999999999999993,0.1,0.1,0.9,0.28,5.8599472604746556e-05,1.0,0.00011719207781553967
0.30000000000000004,0.1,0.7000000000000001,0.29999999999999993,0.1,0.30000000000000004,0.7,0.28,5.8599472604746556e-05,1.0,0.00011719207781553967
0.30000000000000004,0.1,0.7000000000000001,0.29999999999999993,0.1,0.5000000000000001,0.4999999999999999,0.28,5.8599472604746556e-05,1.0,0.00011719207781553967
0.30000000000000004,0.1,0.7000000000000001,0.29999999999999993,0.1,0.7000000000000001,0.29999999999999993,0.28,5.8599472604746556e-05,1.0,0.00011719207781553967
0.30000000000000004,0.1,0.7000000000000001,0.29999999999999993,0.1,0.9000000000000001,0.09999999999999987,0.28,5.8599472604746556e-05,1.0,0.00011719207781553967
0.30000000000000004,0.1,0.7000000000000001,0.29999999999999993,0.30000000000000004,0.1,0.9,0.28,5.8599472604746556e-05,1.0,0.00011719207781553967
0.30000000000000004,0.1,0.7000000000000001,0.29999999999999993,0.30000000000000004,0.30000000000000004,0.7,0.28,5.8599472604746556e-05,1.0,0.00011719207781553967
0.30000000000000004,0.1,0.7000000000000001,0.29999999999999993,0.30000000000000004,0.5000000000000001,0.4999999999999999,0.28,5.8599472604746556e-05,1.0,0.00011719207781553967
0.30000000000000004,0.1,0.7000000000000001,0.29999999999999993,0.30000000000000004,0.7000000000000001,0.29999999999999993,0.28,0.00023435669088352472,1.0,0.00046860356138706655
0.30000000000000004,0.1,0.7000000000000001,0.29999999999999993,0.30000000000000004,0.9000000000000001,0.09999999999999987,0.28,5.8599472604746556e-05,1.0,0.00011719207781553967
0.30000000000000004,0.1,0.7000000000000001,0.29999999999999993,0.5000000000000001,0.1,0.9,0.28,0.00011719207781553967,1.0,0.00023435669088352472
0.30000000000000004,0.1,0.7000000000000001,0.29999999999999993,0.5000000000000001,0.30000000000000004,0.7,0.28,5.8599472604746556e-05,1.0,0.00011719207781553967
0.30000000000000004,0.1,0.7000000000000001,0.29999999999999993,0.5000000000000001,0.5000000000000001,0.4999999999999999,0.28,5.8599472604746556e-05,1.0,0.00011719207781553967
0.30000000000000004,0.1,0.7000000000000001,0.29999999999999993,0.5000000000000001,0.7000000000000001,0.29999999999999993,0.28,0.00011719207781553967,1.0,0.00023435669088352472
0.30000000000000004,0.1,0.7000000000000001,0.29999999999999993,0.5000000000000001,0.9000000000000001,0.09999999999999987,0.28,5.8599472604746556e-05,1.0,0.00011719207781553967
0.30000000000000004,0.1,0.7000000000000001,0.29999999999999993,0.7000000000000001,0.1,0.9,0.28,5.8599472604746556e-05,1.0,0.00011719207781553967
0.30000000000000004,0.1,0.7000000000000001,0.29999999999999993,0.7000000000000001,0.30000000000000004,0.7,0.28,0.00011719207781553967,1.0,0.00023435669088352472
0.30000000000000004,0.1,0.7000000000000001,0.29999999999999993,0.7000000000000001,0.5000000000000001,0.4999999999999999,0.28,0.0,0.0,0.0
0.30000000000000004,0.1,0.7000000000000001,0.29999999999999993,0.7000000000000001,0.7000000000000001,0.29999999999999993,0.28,0.0,0.0,0.0
0.30000000000000004,0.1,0.7000000000000001,0.29999999999999993,0.7000000000000001,0.9000000000000001,0.09999999999999987,0.28,0.0,0.0,0.0
0.30000000000000004,0.1,0.7000000000000001,0.29999999999999993,0.9000000000000001,0.1,0.9,0.28,0.0,0.0,0.0
0.30000000000000004,0.1,0.7000000000000001,0.29999999999999993,0.9000000000000001,0.30000000000000004,0.7,0.28,0.00017577781683951485,1.0,0.000351493848857645
0.30000000000000004,0.1,0.7000000000000001,0.29999999999999993,0.9000000000000001,0.5000000000000001,0.4999999999999999,0.28,0.0,0.0,0.0
0.30000000000000004,0.1,0.7000000000000001,0.29999999999999993,0.9000000000000001,0.7000000000000001,0.29999999999999993,0.28,0.0,0.0,0.0
0.30000000000000004,0.1,0.7000000000000001,0.29999999999999993,0.9000000000000001,0.9000000000000001,0.09999999999999987,0.28,0.0,0.0,0.0
0.30000000000000004,0.1,0.9000000000000001,0.09999999999999987,0.1,0.1,0.9,0.28,0.00023435669088352472,1.0,0.00046860356138706655
0.30000000000000004,0.1,0.9000000000000001,0.09999999999999987,0.1,0.30000000000000004,0.7,0.28,5.8599472604746556e-05,1.0,0.00011719207781553967
0.30000000000000004,0.1,0.9000000000000001,0.09999999999999987,0.1,0.5000000000000001,0.4999999999999999,0.28,5.8599472604746556e-05,1.0,0.00011719207781553967
0.30000000000000004,0.1,0.9000000000000001,0.09999999999999987,0.1,0.7000000000000001,0.29999999999999993,0.28,5.8599472604746556e-05,1.0,0.00011719207781553967
0.30000000000000004,0.1,0.9000000000000001,0.09999999999999987,0.1,0.9000000000000001,0.09999999999999987,0.28,0.00011719207781553967,1.0,0.00023435669088352472
0.30000000000000004,0.1,0.9000000000000001,0.09999999999999987,0.30000000000000004,0.1,0.9,0.28,5.8599472604746556e-05,1.0,0.00011719207781553967
0.30000000000000004,0.1,0.9000000000000001,0.09999999999999987,0.30000000000000004,0.30000000000000004,0.7,0.28,0.00011719207781553967,1.0,0.00023435669088352472
0.30000000000000004,0.1,0.9000000000000001,0.09999999999999987,0.30000000000000004,0.5000000000000001,0.4999999999999999,0.28,5.8599472604746556e-05,1.0,0.00011719207781553967
0.30000000000000004,0.1,0.9000000000000001,0.09999999999999987,0.30000000000000004,0.7000000000000001,0.29999999999999993,0.28,0.00011719207781553967,1.0,0.00023435669088352472
0.30000000000000004,0.1,0.9000000000000001,0.09999999999999987,0.30000000000000004,0.9000000000000001,0.09999999999999987,0.28,5.8599472604746556e-05,1.0,0.00011719207781553967
0.30000000000000004,0.1,0.9000000000000001,0.09999999999999987,0.5000000000000001,0.1,0.9,0.28,5.8599472604746556e-05,1.0,0.00011719207781553967
0.30000000000000004,0.1,0.9000000000000001,0.09999999999999987,0.5000000000000001,0.30000000000000004,0.7,0.28,0.00011719207781553967,1.0,0.00023435669088352472
0.30000000000000004,0.1,0.9000000000000001,0.09999999999999987,0.5000000000000001,0.5000000000000001,0.4999999999999999,0.28,5.8599472604746556e-05,1.0,0.00011719207781553967
0.30000000000000004,0.1,0.9000000000000001,0.09999999999999987,0.5000000000000001,0.7000000000000001,0.29999999999999993,0.28,5.8599472604746556e-05,1.0,0.00011719207781553967
0.30000000000000004,0.1,0.9000000000000001,0.09999999999999987,0.5000000000000001,0.9000000000000001,0.09999999999999987,0.28,5.8599472604746556e-05,1.0,0.00011719207781553967
0.30000000000000004,0.1,0.9000000000000001,0.09999999999999987,0.7000000000000001,0.1,0.9,0.28,0.0,0.0,0.0
0.30000000000000004,0.1,0.9000000000000001,0.09999999999999987,0.7000000000000001,0.30000000000000004,0.7,0.28,0.0,0.0,0.0
0.30000000000000004,0.1,0.9000000000000001,0.09999999999999987,0.7000000000000001,0.5000000000000001,0.4999999999999999,0.28,0.0,0.0,0.0
0.30000000000000004,0.1,0.9000000000000001,0.09999999999999987,0.7000000000000001,0.7000000000000001,0.29999999999999993,0.28,0.0,0.0,0.0
0.30000000000000004,0.1,0.9000000000000001,0.09999999999999987,0.7000000000000001,0.9000000000000001,0.09999999999999987,0.28,5.8599472604746556e-05,1.0,0.00011719207781553967
0.30000000000000004,0.1,0.9000000000000001,0.09999999999999987,0.9000000000000001,0.1,0.9,0.28,0.0,0.0,0.0
0.30000000000000004,0.1,0.9000000000000001,0.09999999999999987,0.9000000000000001,0.30000000000000004,0.7,0.28,0.00017577781683951485,1.0,0.000351493848857645
0.30000000000000004,0.1,0.9000000000000001,0.09999999999999987,0.9000000000000001,0.5000000000000001,0.4999999999999999,0.28,0.0,0.0,0.0
0.30000000000000004,0.1,0.9000000000000001,0.09999999999999987,0.9000000000000001,0.7000000000000001,0.29999999999999993,0.28,0.00011719207781553967,1.0,0.00023435669088352472
0.30000000000000004,0.1,0.9000000000000001,0.09999999999999987,0.9000000000000001,0.9000000000000001,0.09999999999999987,0.28,0.0,0.0,0.0
0.30000000000000004,0.30000000000000004,0.1,0.9,0.1,0.1,0.9,0.28,0.00011719207781553967,1.0,0.00023435669088352472
0.30000000000000004,0.30000000000000004,0.1,0.9,0.1,0.30000000000000004,0.7,0.28,0.00011719207781553967,1.0,0.00023435669088352472
0.30000000000000004,0.30000000000000004,0.1,0.9,0.1,0.5000000000000001,0.4999999999999999,0.28,5.8599472604746556e-05,1.0,0.00011719207781553967
0.30000000000000004,0.30000000000000004,0.1,0.9,0.1,0.7000000000000001,0.29999999999999993,0.28,5.8599472604746556e-05,1.0,0.00011719207781553967
0.30000000000000004,0.30000000000000004,0.1,0.9,0.1,0.9000000000000001,0.09999999999999987,0.28,0.00017577781683951485,1.0,0.000351493848857645
0.30000000000000004,0.30000000000000004,0.1,0.9,0.30000000000000004,0.1,0.9,0.28,0.0,0.0,0.0
0.30000000000000004,0.30000000000000004,0.1,0.9,0.30000000000000004,0.30000000000000004,0.7,0.28,0.0,0.0,0.0
0.30000000000000004,0.30000000000000004,0.1,0.9,0.30000000000000004,0.5000000000000001,0.4999999999999999,0.28,0.0,0.0,0.0
0.30000000000000004,0.30000000000000004,0.1,0.9,0.30000000000000004,0.7000000000000001,0.29999999999999993,0.28,5.8599472604746556e-05,1.0,0.00011719207781553967
0.30000000000000004,0.30000000000000004,0.1,0.9,0.30000000000000004,0.9000000000000001,0.09999999999999987,0.28,5.8599472604746556e-05,1.0,0.00011719207781553967
0.30000000000000004,0.30000000000000004,0.1,0.9,0.5000000000000001,0.1,0.9,0.28,0.0,0.0,0.0
0.30000000000000004,0.30000000000000004,0.1,0.9,0.5000000000000001,0.30000000000000004,0.7,0.28,5.8599472604746556e-05,1.0,0.00011719207781553967
0.30000000000000004,0.30000000000000004,0.1,0.9,0.5000000000000001,0.5000000000000001,0.4999999999999999,0.28,0.0,0.0,0.0
0.30000000000000004,0.30000000000000004,0.1,0.9,0.5000000000000001,0.7000000000000001,0.29999999999999993,0.28,0.0,0.0,0.0
0.30000000000000004,0.30000000000000004,0.1,0.9,0.5000000000000001,0.9000000000000001,0.09999999999999987,0.28,5.8599472604746556e-05,1.0,0.00011719207781553967
0.30000000000000004,0.30000000000000004,0.1,0.9,0.7000000000000001,0.1,0.9,0.28,0.0,0.0,0.0
0.30000000000000004,0.30000000000000004,0.1,0.9,0.7000000000000001,0.30000000000000004,0.7,0.28,0.0,0.0,0.0
0.30000000000000004,0.30000000000000004,0.1,0.9,0.7000000000000001,0.5000000000000001,0.4999999999999999,0.28,0.0,0.0,0.0
0.30000000000000004,0.30000000000000004,0.1,0.9,0.7000000000000001,0.7000000000000001,0.29999999999999993,0.28,0.0,0.0,0.0
0.30000000000000004,0.30000000000000004,0.1,0.9,0.7000000000000001,0.9000000000000001,0.09999999999999987,0.28,0.0,0.0,0.0
0.30000000000000004,0.30000000000000004,0.1,0.9,0.9000000000000001,0.1,0.9,0.28,0.0,0.0,0.0
0.30000000000000004,0.30000000000000004,0.1,0.9,0.9000000000000001,0.30000000000000004,0.7,0.28,0.0,0.0,0.0
0.30000000000000004,0.30000000000000004,0.1,0.9,0.9000000000000001,0.5000000000000001,0.4999999999999999,0.28,0.0,0.0,0.0
0.30000000000000004,0.30000000000000004,0.1,0.9,0.9000000000000001,0.7000000000000001,0.29999999999999993,0.28,0.0,0.0,0.0
0.30000000000000004,0.30000000000000004,0.1,0.9,0.9000000000000001,0.9000000000000001,0.09999999999999987,0.28,0.0,0.0,0.0
0.30000000000000004,0.30000000000000004,0.30000000000000004,0.7,0.1,0.1,0.9,0.28,5.8599472604746556e-05,1.0,0.00011719207781553967
0.30000000000000004,0.30000000000000004,0.30000000000000004,0.7,0.1,0.30000000000000004,0.7,0.28,5.8599472604746556e-05,1.0,0.00011719207781553967
0.30000000000000004,0.30000000000000004,0.30000000000000004,0.7,0.1,0.5000000000000001,0.4999999999999999,0.28,5.8599472604746556e-05,1.0,0.00011719207781553967
0.30000000000000004,0.30000000000000004,0.30000000000000004,0.7,0.1,0.7000000000000001,0.29999999999999993,0.28,0.00017577781683951485,1.0,0.000351493848857645
0.30000000000000004,0.30000000000000004,0.30000000000000004,0.7,0.1,0.9000000000000001,0.09999999999999987,0.28,5.8599472604746556e-05,1.0,0.00011719207781553967
0.30000000000000004,0.30000000000000004,0.30000000000000004,0.7,0.30000000000000004,0.1,0.9,0.28,0.0,0.0,0.0
0.30000000000000004,0.30000000000000004,0.30000000000000004,0.7,0.30000000000000004,0.30000000000000004,0.7,0.28,0.0,0.0,0.0
0.30000000000000004,0.30000000000000004,0.30000000000000004,0.7,0.30000000000000004,0.5000000000000001,0.4999999999999999,0.28,0.0,0.0,0.0
0.30000000000000004,0.30000000000000004,0.30000000000000004,0.7,0.30000000000000004,0.7000000000000001,0.29999999999999993,0.28,0.0,0.0,0.0
0.30000000000000004,0.30000000000000004,0.30000000000000004,0.7,0.30000000000000004,0.9000000000000001,0.09999999999999987,0.28,0.0,0.0,0.0
0.30000000000000004,0.30000000000000004,0.30000000000000004,0.7,0.5000000000000001,0.1,0.9,0.28,0.0,0.0,0.0
0.30000000000000004,0.30000000000000004,0.30000000000000004,0.7,0.5000000000000001,0.30000000000000004,0.7,0.28,5.8599472604746556e-05,1.0,0.00011719207781553967
0.30000000000000004,0.30000000000000004,0.30000000000000004,0.7,0.5000000000000001,0.5000000000000001,0.4999999999999999,0.28,0.0,0.0,0.0
0.30000000000000004,0.30000000000000004,0.30000000000000004,0.7,0.5000000000000001,0.7000000000000001,0.29999999999999993,0.28,0.0,0.0,0.0
0.30000000000000004,0.30000000000000004,0.30000000000000004,0.7,0.5000000000000001,0.9000000000000001,0.09999999999999987,0.28,0.00011719207781553967,1.0,0.00023435669088352472
0.30000000000000004,0.30000000000000004,0.30000000000000004,0.7,0.7000000000000001,0.1,0.9,0.28,0.0,0.0,0.0
0.30000000000000004,0.30000000000000004,0.30000000000000004,0.7,0.7000000000000001,0.30000000000000004,0.7,0.28,0.00017577781683951485,1.0,0.000351493848857645
0.30000000000000004,0.30000000000000004,0.30000000000000004,0.7,0.7000000000000001,0.5000000000000001,0.4999999999999999,0.28,0.00023435669088352472,1.0,0.00046860356138706655
0.30000000000000004,0.30000000000000004,0.30000000000000004,0.7,0.7000000000000001,0.7000000000000001,0.29999999999999993,0.28,0.0,0.0,0.0
0.30000000000000004,0.30000000000000004,0.30000000000000004,0.7,0.7000000000000001,0.9000000000000001,0.09999999999999987,0.28,0.0,0.0,0.0
0.30000000000000004,0.30000000000000004,0.30000000000000004,0.7,0.9000000000000001,0.1,0.9,0.28,0.0,0.0,0.0
0.30000000000000004,0.30000000000000004,0.30000000000000004,0.7,0.9000000000000001,0.30000000000000004,0.7,0.28,5.8599472604746556e-05,1.0,0.00011719207781553967
0.30000000000000004,0.30000000000000004,0.30000000000000004,0.7,0.9000000000000001,0.5000000000000001,0.4999999999999999,0.28,0.0,0.0,0.0
0.30000000000000004,0.30000000000000004,0.30000000000000004,0.7,0.9000000000000001,0.7000000000000001,0.29999999999999993,0.28,0.0,0.0,0.0
0.30000000000000004,0.30000000000000004,0.30000000000000004,0.7,0.9000000000000001,0.9000000000000001,0.09999999999999987,0.28,0.0,0.0,0.0
0.30000000000000004,0.30000000000000004,0.5000000000000001,0.4999999999999999,0.1,0.1,0.9,0.28,0.00011719207781553967,1.0,0.00023435669088352472
0.30000000000000004,0.30000000000000004,0.5000000000000001,0.4999999999999999,0.1,0.30000000000000004,0.7,0.28,0.00011719207781553967,1.0,0.00023435669088352472
0.30000000000000004,0.30000000000000004,0.5000000000000001,0.4999999999999999,0.1,0.5000000000000001,0.4999999999999999,0.28,5.8599472604746556e-05,1.0,0.00011719207781553967
0.30000000000000004,0.30000000000000004,0.5000000000000001,0.4999999999999999,0.1,0.7000000000000001,0.29999999999999993,0.28,5.8599472604746556e-05,1.0,0.00011719207781553967
0.30000000000000004,0.30000000000000004,0.5000000000000001,0.4999999999999999,0.1,0.9000000000000001,0.09999999999999987,0.28,0.00017577781683951485,1.0,0.000351493848857645
0.30000000000000004,0.30000000000000004,0.5000000000000001,0.4999999999999999,0.30000000000000004,0.1,0.9,0.28,0.00017577781683951485,1.0,0.000351493848857645
0.30000000000000004,0.30000000000000004,0.5000000000000001,0.4999999999999999,0.30000000000000004,0.30000000000000004,0.7,0.28,5.8599472604746556e-05,1.0,0.00011719207781553967
0.30000000000000004,0.30000000000000004,0.5000000000000001,0.4999999999999999,0.30000000000000004,0.5000000000000001,0.4999999999999999,0.28,0.0,0.0,0.0
0.30000000000000004,0.30000000000000004,0.5000000000000001,0.4999999999999999,0.30000000000000004,0.7000000000000001,0.29999999999999993,0.28,0.0,0.0,0.0
0.30000000000000004,0.30000000000000004,0.5000000000000001,0.4999999999999999,0.30000000000000004,0.9000000000000001,0.09999999999999987,0.28,0.0,0.0,0.0
0.30000000000000004,0.30000000000000004,0.5000000000000001,0.4999999999999999,0.5000000000000001,0.1,0.9,0.28,0.0,0.0,0.0
0.30000000000000004,0.30000000000000004,0.5000000000000001,0.4999999999999999,0.5000000000000001,0.30000000000000004,0.7,0.28,5.8599472604746556e-05,1.0,0.00011719207781553967
0.30000000000000004,0.30000000000000004,0.5000000000000001,0.4999999999999999,0.5000000000000001,0.5000000000000001,0.4999999999999999,0.28,0.0,0.0,0.0
0.30000000000000004,0.30000000000000004,0.5000000000000001,0.4999999999999999,0.5000000000000001,0.7000000000000001,0.29999999999999993,0.28,0.0,0.0,0.0
0.30000000000000004,0.30000000000000004,0.5000000000000001,0.4999999999999999,0.5000000000000001,0.9000000000000001,0.09999999999999987,0.28,0.0,0.0,0.0
0.30000000000000004,0.30000000000000004,0.5000000000000001,0.4999999999999999,0.7000000000000001,0.1,0.9,0.28,0.0,0.0,0.0
0.30000000000000004,0.30000000000000004,0.5000000000000001,0.4999999999999999,0.7000000000000001,0.30000000000000004,0.7,0.28,0.0,0.0,0.0
0.30000000000000004,0.30000000000000004,0.5000000000000001,0.4999999999999999,0.7000000000000001,0.5000000000000001,0.4999999999999999,0.28,0.0,0.0,0.0
0.30000000000000004,0.30000000000000004,0.5000000000000001,0.4999999999999999,0.7000000000000001,0.7000000000000001,0.29999999999999993,0.28,0.0,0.0,0.0
0.30000000000000004,0.30000000000000004,0.5000000000000001,0.4999999999999999,0.7000000000000001,0.9000000000000001,0.09999999999999987,0.28,0.0,0.0,0.0
0.30000000000000004,0.30000000000000004,0.5000000000000001,0.4999999999999999,0.9000000000000001,0.1,0.9,0.28,0.0,0.0,0.0
0.30000000000000004,0.30000000000000004,0.5000000000000001,0.4999999999999999,0.9000000000000001,0.30000000000000004,0.7,0.28,5.8599472604746556e-05,1.0,0.00011719207781553967
0.30000000000000004,0.30000000000000004,0.5000000000000001,0.4999999999999999,0.9000000000000001,0.5000000000000001,0.4999999999999999,0.28,0.0,0.0,0.0
0.30000000000000004,0.30000000000000004,0.5000000000000001,0.4999999999999999,0.9000000000000001,0.7000000000000001,0.29999999999999993,0.28,0.0,0.0,0.0
0.30000000000000004,0.30000000000000004,0.5000000000000001,0.4999999999999999,0.9000000000000001,0.9000000000000001,0.09999999999999987,0.28,0.0,0.0,0.0
0.30000000000000004,0.30000000000000004,0.7000000000000001,0.29999999999999993,0.1,0.1,0.9,0.28,5.8599472604746556e-05,1.0,0.00011719207781553967
0.30000000000000004,0.30000000000000004,0.7000000000000001,0.29999999999999993,0.1,0.30000000000000004,0.7,0.28,5.8599472604746556e-05,1.0,0.00011719207781553967
0.30000000000000004,0.30000000000000004,0.7000000000000001,0.29999999999999993,0.1,0.5000000000000001,0.4999999999999999,0.28,5.8599472604746556e-05,1.0,0.00011719207781553967
0.30000000000000004,0.30000000000000004,0.7000000000000001,0.29999999999999993,0.1,0.7000000000000001,0.29999999999999993,0.28,5.8599472604746556e-05,1.0,0.00011719207781553967
0.30000000000000004,0.30000000000000004,0.7000000000000001,0.29999999999999993,0.1,0.9000000000000001,0.09999999999999987,0.28,5.8599472604746556e-05,1.0,0.00011719207781553967
0.30000000000000004,0.30000000000000004,0.7000000000000001,0.29999999999999993,0.30000000000000004,0.1,0.9,0.28,5.8599472604746556e-05,1.0,0.00011719207781553967
0.30000000000000004,0.30000000000000004,0.7000000000000001,0.29999999999999993,0.30000000000000004,0.30000000000000004,0.7,0.28,5.8599472604746556e-05,1.0,0.00011719207781553967
0.30000000000000004,0.30000000000000004,0.7000000000000001,0.29999999999999993,0.30000000000000004,0.5000000000000001,0.4999999999999999,0.28,0.0,0.0,0.0
0.30000000000000004,0.30000000000000004,0.7000000000000001,0.29999999999999993,0.30000000000000004,0.7000000000000001,0.29999999999999993,0.28,5.8599472604746556e-05,1.0,0.00011719207781553967
0.30000000000000004,0.30000000000000004,0.7000000000000001,0.29999999999999993,0.30000000000000004,0.9000000000000001,0.09999999999999987,0.28,0.0,0.0,0.0
0.30000000000000004,0.30000000000000004,0.7000000000000001,0.29999999999999993,0.5000000000000001,0.1,0.9,0.28,0.0,0.0,0.0
0.30000000000000004,0.30000000000000004,0.7000000000000001,0.29999999999999993,0.5000000000000001,0.30000000000000004,0.7,0.28,0.0,0.0,0.0
0.30000000000000004,0.30000000000000004,0.7000000000000001,0.29999999999999993,0.5000000000000001,0.5000000000000001,0.4999999999999999,0.28,5.8599472604746556e-05,1.0,0.00011719207781553967
0.30000000000000004,0.30000000000000004,0.7000000000000001,0.29999999999999993,0.5000000000000001,0.7000000000000001,0.29999999999999993,0.28,0.0,0.0,0.0
0.30000000000000004,0.30000000000000004,0.7000000000000001,0.29999999999999993,0.5000000000000001,0.9000000000000001,0.09999999999999987,0.28,0.0,0.0,0.0
0.30000000000000004,0.30000000000000004,0.7000000000000001,0.29999999999999993,0.7000000000000001,0.1,0.9,0.28,5.8599472604746556e-05,1.0,0.00011719207781553967
0.30000000000000004,0.30000000000000004,0.7000000000000001,0.29999999999999993,0.7000000000000001,0.30000000000000004,0.7,0.28,0.0,0.0,0.0
0.30000000000000004,0.30000000000000004,0.7000000000000001,0.29999999999999993,0.7000000000000001,0.5000000000000001,0.4999999999999999,0.28,0.0,0.0,0.0
0.30000000000000004,0.30000000000000004,0.7000000000000001,0.29999999999999993,0.7000000000000001,0.7000000000000001,0.29999999999999993,0.28,0.00011719207781553967,1.0,0.00023435669088352472
0.30000000000000004,0.30000000000000004,0.7000000000000001,0.29999999999999993,0.7000000000000001,0.9000000000000001,0.09999999999999987,0.28,5.8599472604746556e-05,1.0,0.00011719207781553967
0.30000000000000004,0.30000000000000004,0.7000000000000001,0.29999999999999993,0.9000000000000001,0.1,0.9,0.28,0.0,0.0,0.0
0.30000000000000004,0.30000000000000004,0.7000000000000001,0.29999999999999993,0.9000000000000001,0.30000000000000004,0.7,0.28,0.0,0.0,0.0
0.30000000000000004,0.30000000000000004,0.7000000000000001,0.29999999999999993,0.9000000000000001,0.5000000000000001,0.4999999999999999,0.28,0.0,0.0,0.0
0.30000000000000004,0.30000000000000004,0.7000000000000001,0.29999999999999993,0.9000000000000001,0.7000000000000001,0.29999999999999993,0.28,0.0,0.0,0.0
0.30000000000000004,0.30000000000000004,0.7000000000000001,0.29999999999999993,0.9000000000000001,0.9000000000000001,0.09999999999999987,0.28,0.0,0.0,0.0
0.30000000000000004,0.30000000000000004,0.9000000000000001,0.09999999999999987,0.1,0.1,0.9,0.28,0.00011719207781553967,1.0,0.00023435669088352472
0.30000000000000004,0.30000000000000004,0.9000000000000001,0.09999999999999987,0.1,0.30000000000000004,0.7,0.28,5.8599472604746556e-05,1.0,0.00011719207781553967
0.30000000000000004,0.30000000000000004,0.9000000000000001,0.09999999999999987,0.1,0.5000000000000001,0.4999999999999999,0.28,0.00017577781683951485,1.0,0.000351493848857645
0.30000000000000004,0.30000000000000004,0.9000000000000001,0.09999999999999987,0.1,0.7000000000000001,0.29999999999999993,0.28,5.8599472604746556e-05,1.0,0.00011719207781553967
0.30000000000000004,0.30000000000000004,0.9000000000000001,0.09999999999999987,0.1,0.9000000000000001,0.09999999999999987,0.28,5.8599472604746556e-05,1.0,0.00011719207781553967
0.30000000000000004,0.30000000000000004,0.9000000000000001,0.09999999999999987,0.30000000000000004,0.1,0.9,0.28,0.0,0.0,0.0
0.30000000000000004,0.30000000000000004,0.9000000000000001,0.09999999999999987,0.30000000000000004,0.30000000000000004,0.7,0.28,0.0,0.0,0.0
0.30000000000000004,0.30000000000000004,0.9000000000000001,0.09999999999999987,0.30000000000000004,0.5000000000000001,0.4999999999999999,0.28,0.0,0.0,0.0
0.30000000000000004,0.30000000000000004,0.9000000000000001,0.09999999999999987,0.30000000000000004,0.7000000000000001,0.29999999999999993,0.28,0.0,0.0,0.0
0.30000000000000004,0.30000000000000004,0.9000000000000001,0.09999999999999987,0.30000000000000004,0.9000000000000001,0.09999999999999987,0.28,0.0,0.0,0.0
0.30000000000000004,0.30000000000000004,0.9000000000000001,0.09999999999999987,0.5000000000000001,0.1,0.9,0.28,0.0,0.0,0.0
0.30000000000000004,0.30000000000000004,0.9000000000000001,0.09999999999999987,0.5000000000000001,0.30000000000000004,0.7,0.28,0.0,0.0,0.0
0.30000000000000004,0.30000000000000004,0.9000000000000001,0.09999999999999987,0.5000000000000001,0.5000000000000001,0.4999999999999999,0.28,0.0,0.0,0.0
0.30000000000000004,0.30000000000000004,0.9000000000000001,0.09999999999999987,0.5000000000000001,0.7000000000000001,0.29999999999999993,0.28,5.8599472604746556e-05,1.0,0.00011719207781553967
0.30000000000000004,0.30000000000000004,0.9000000000000001,0.09999999999999987,0.5000000000000001,0.9000000000000001,0.09999999999999987,0.28,0.0,0.0,0.0
0.30000000000000004,0.30000000000000004,0.9000000000000001,0.09999999999999987,0.7000000000000001,0.1,0.9,0.28,5.8599472604746556e-05,1.0,0.00011719207781553967
0.30000000000000004,0.30000000000000004,0.9000000000000001,0.09999999999999987,0.7000000000000001,0.30000000000000004,0.7,0.28,0.0,0.0,0.0
0.30000000000000004,0.30000000000000004,0.9000000000000001,0.09999999999999987,0.7000000000000001,0.5000000000000001,0.4999999999999999,0.28,0.0,0.0,0.0
0.30000000000000004,0.30000000000000004,0.9000000000000001,0.09999999999999987,0.7000000000000001,0.7000000000000001,0.29999999999999993,0.28,0.0,0.0,0.0
0.30000000000000004,0.30000000000000004,0.9000000000000001,0.09999999999999987,0.7000000000000001,0.9000000000000001,0.09999999999999987,0.28,5.8599472604746556e-05,1.0,0.00011719207781553967
0.30000000000000004,0.30000000000000004,0.9000000000000001,0.09999999999999987,0.9000000000000001,0.1,0.9,0.28,0.0,0.0,0.0
0.30000000000000004,0.30000000000000004,0.9000000000000001,0.09999999999999987,0.9000000000000001,0.30000000000000004,0.7,0.28,5.8599472604746556e-05,1.0,0.00011719207781553967
0.30000000000000004,0.30000000000000004,0.9000000000000001,0.09999999999999987,0.9000000000000001,0.5000000000000001,0.4999999999999999,0.28,5.8599472604746556e-05,1.0,0.00011719207781553967
0.30000000000000004,0.30000000000000004,0.9000000000000001,0.09999999999999987,0.9000000000000001,0.7000000000000001,0.29999999999999993,0.28,0.0,0.0,0.0
0.30000000000000004,0.30000000000000004,0.9000000000000001,0.09999999999999987,0.9000000000000001,0.9000000000000001,0.09999999999999987,0.28,0.0,0.0,0.0
0.30000000000000004,0.5000000000000001,0.1,0.9,0.1,0.1,0.9,0.28,0.0,0.0,0.0
0.30000000000000004,0.5000000000000001,0.1,0.9,0.1,0.30000000000000004,0.7,0.28,5.8599472604746556e-05,1.0,0.00011719207781553967
0.30000000000000004,0.5000000000000001,0.1,0.9,0.1,0.5000000000000001,0.4999999999999999,0.28,0.0,0.0,0.0
0.30000000000000004,0.5000000000000001,0.1,0.9,0.1,0.7000000000000001,0.29999999999999993,0.28,0.0,0.0,0.0
0.30000000000000004,0.5000000000000001,0.1,0.9,0.1,0.9000000000000001,0.09999999999999987,0.28,0.0,0.0,0.0
0.30000000000000004,0.5000000000000001,0.1,0.9,0.30000000000000004,0.1,0.9,0.28,5.8599472604746556e-05,1.0,0.00011719207781553967
0.30000000000000004,0.5000000000000001,0.1,0.9,0.30000000000000004,0.30000000000000004,0.7,0.28,5.8599472604746556e-05,1.0,0.00011719207781553967
0.30000000000000004,0.5000000000000001,0.1,0.9,0.30000000000000004,0.5000000000000001,0.4999999999999999,0.28,0.0,0.0,0.0
0.30000000000000004,0.5000000000000001,0.1,0.9,0.30000000000000004,0.7000000000000001,0.29999999999999993,0.28,0.00017577781683951485,1.0,0.000351493848857645
0.30000000000000004,0.5000000000000001,0.1,0.9,0.30000000000000004,0.9000000000000001,0.09999999999999987,0.28,0.0,0.0,0.0
0.30000000000000004,0.5000000000000001,0.1,0.9,0.5000000000000001,0.1,0.9,0.28,0.0,0.0,0.0
0.30000000000000004,0.5000000000000001,0.1,0.9,0.5000000000000001,0.30000000000000004,0.7,0.28,0.0,0.0,0.0
0.30000000000000004,0.5000000000000001,0.1,0.9,0.5000000000000001,0.5000000000000001,0.4999999999999999,0.28,0.0,0.0,0.0
0.30000000000000004,0.5000000000000001,0.1,0.9,0.5000000000000001,0.7000000000000001,0.29999999999999993,0.28,0.0,0.0,0.0
0.30000000000000004,0.5000000000000001,0.1,0.9,0.5000000000000001,0.9000000000000001,0.09999999999999987,0.28,0.0,0.0,0.0
0.30000000000000004,0.5000000000000001,0.1,0.9,0.7000000000000001,0.1,0.9,0.28,0.0,0.0,0.0
0.30000000000000004,0.5000000000000001,0.1,0.9,0.7000000000000001,0.30000000000000004,0.7,0.28,0.0,0.0,0.0
0.30000000000000004,0.5000000000000001,0.1,0.9,0.7000000000000001,0.5000000000000001,0.4999999999999999,0.28,5.8599472604746556e-05,1.0,0.00011719207781553967
0.30000000000000004,0.5000000000000001,0.1,0.9,0.7000000000000001,0.7000000000000001,0.29999999999999993,0.28,0.0,0.0,0.0
0.30000000000000004,0.5000000000000001,0.1,0.9,0.7000000000000001,0.9000000000000001,0.09999999999999987,0.28,0.0,0.0,0.0
0.30000000000000004,0.5000000000000001,0.1,0.9,0.9000000000000001,0.1,0.9,0.28,0.0,0.0,0.0
0.30000000000000004,0.5000000000000001,0.1,0.9,0.9000000000000001,0.30000000000000004,0.7,0.28,0.0,0.0,0.0
0.30000000000000004,0.5000000000000001,0.1,0.9,0.9000000000000001,0.5000000000000001,0.4999999999999999,0.28,5.8599472604746556e-05,1.0,0.00011719207781553967
0.30000000000000004,0.5000000000000001,0.1,0.9,0.9000000000000001,0.7000000000000001,0.29999999999999993,0.28,0.0,0.0,0.0
0.30000000000000004,0.5000000000000001,0.1,0.9,0.9000000000000001,0.9000000000000001,0.09999999999999987,0.28,0.0,0.0,0.0
0.30000000000000004,0.5000000000000001,0.30000000000000004,0.7,0.1,0.1,0.9,0.28,0.00017577781683951485,1.0,0.000351493848857645
0.30000000000000004,0.5000000000000001,0.30000000000000004,0.7,0.1,0.30000000000000004,0.7,0.28,0.0,0.0,0.0
0.30000000000000004,0.5000000000000001,0.30000000000000004,0.7,0.1,0.5000000000000001,0.4999999999999999,0.28,0.0,0.0,0.0
0.30000000000000004,0.5000000000000001,0.30000000000000004,0.7,0.1,0.7000000000000001,0.29999999999999993,0.28,0.0,0.0,0.0
0.30000000000000004,0.5000000000000001,0.30000000000000004,0.7,0.1,0.9000000000000001,0.09999999999999987,0.28,0.0,0.0,0.0
0.30000000000000004,0.5000000000000001,0.30000000000000004,0.7,0.30000000000000004,0.1,0.9,0.28,0.0,0.0,0.0
0.30000000000000004,0.5000000000000001,0.30000000000000004,0.7,0.30000000000000004,0.30000000000000004,0.7,0.28,0.0,0.0,0.0
0.30000000000000004,0.5000000000000001,0.30000000000000004,0.7,0.30000000000000004,0.5000000000000001,0.4999999999999999,0.28,0.0,0.0,0.0
0.30000000000000004,0.5000000000000001,0.30000000000000004,0.7,0.30000000000000004,0.7000000000000001,0.29999999999999993,0.28,0.0,0.0,0.0
0.30000000000000004,0.5000000000000001,0.30000000000000004,0.7,0.30000000000000004,0.9000000000000001,0.09999999999999987,0.28,5.8599472604746556e-05,1.0,0.00011719207781553967
0.30000000000000004,0.5000000000000001,0.30000000000000004,0.7,0.5000000000000001,0.1,0.9,0.28,0.0,0.0,0.0
0.30000000000000004,0.5000000000000001,0.30000000000000004,0.7,0.5000000000000001,0.30000000000000004,0.7,0.28,0.0,0.0,0.0
0.30000000000000004,0.5000000000000001,0.30000000000000004,0.7,0.5000000000000001,0.5000000000000001,0.4999999999999999,0.28,5.8599472604746556e-05,1.0,0.00011719207781553967
0.30000000000000004,0.5000000000000001,0.30000000000000004,0.7,0.5000000000000001,0.7000000000000001,0.29999999999999993,0.28,0.0,0.0,0.0
0.30000000000000004,0.5000000000000001,0.30000000000000004,0.7,0.5000000000000001,0.9000000000000001,0.09999999999999987,0.28,0.0,0.0,0.0
0.30000000000000004,0.5000000000000001,0.30000000000000004,0.7,0.7000000000000001,0.1,0.9,0.28,0.0,0.0,0.0
0.30000000000000004,0.5000000000000001,0.30000000000000004,0.7,0.7000000000000001,0.30000000000000004,0.7,0.28,0.0,0.0,0.0
0.30000000000000004,0.5000000000000001,0.30000000000000004,0.7,0.7000000000000001,0.5000000000000001,0.4999999999999999,0.28,0.0,0.0,0.0
0.30000000000000004,0.5000000000000001,0.30000000000000004,0.7,0.7000000000000001,0.7000000000000001,0.29999999999999993,0.28,0.0,0.0,0.0
0.30000000000000004,0.5000000000000001,0.30000000000000004,0.7,0.7000000000000001,0.9000000000000001,0.09999999999999987,0.28,0.0,0.0,0.0
0.30000000000000004,0.5000000000000001,0.30000000000000004,0.7,0.9000000000000001,0.1,0.9,0.28,0.0,0.0,0.0
0.30000000000000004,0.5000000000000001,0.30000000000000004,0.7,0.9000000000000001,0.30000000000000004,0.7,0.28,0.0,0.0,0.0
0.30000000000000004,0.5000000000000001,0.30000000000000004,0.7,0.9000000000000001,0.5000000000000001,0.4999999999999999,0.28,5.8599472604746556e-05,1.0,0.00011719207781553967
0.30000000000000004,0.5000000000000001,0.30000000000000004,0.7,0.9000000000000001,0.7000000000000001,0.29999999999999993,0.28,0.0,0.0,0.0
0.30000000000000004,0.5000000000000001,0.30000000000000004,0.7,0.9000000000000001,0.9000000000000001,0.09999999999999987,0.28,0.0,0.0,0.0
0.30000000000000004,0.5000000000000001,0.5000000000000001,0.4999999999999999,0.1,0.1,0.9,0.28,0.0,0.0,0.0
0.30000000000000004,0.5000000000000001,0.5000000000000001,0.4999999999999999,0.1,0.30000000000000004,0.7,0.28,0.0,0.0,0.0
0.30000000000000004,0.5000000000000001,0.5000000000000001,0.4999999999999999,0.1,0.5000000000000001,0.4999999999999999,0.28,0.00011719207781553967,1.0,0.00023435669088352472
0.30000000000000004,0.5000000000000001,0.5000000000000001,0.4999999999999999,0.1,0.7000000000000001,0.29999999999999993,0.28,5.8599472604746556e-05,1.0,0.00011719207781553967
0.30000000000000004,0.5000000000000001,0.5000000000000001,0.4999999999999999,0.1,0.9000000000000001,0.09999999999999987,0.28,0.0,0.0,0.0
0.30000000000000004,0.5000000000000001,0.5000000000000001,0.4999999999999999,0.30000000000000004,0.1,0.9,0.28,0.0,0.0,0.0
0.30000000000000004,0.5000000000000001,0.5000000000000001,0.4999999999999999,0.30000000000000004,0.30000000000000004,0.7,0.28,0.0,0.0,0.0
0.30000000000000004,0.5000000000000001,0.5000000000000001,0.4999999999999999,0.30000000000000004,0.5000000000000001,0.4999999999999999,0.28,5.8599472604746556e-05,1.0,0.00011719207781553967
0.30000000000000004,0.5000000000000001,0.5000000000000001,0.4999999999999999,0.30000000000000004,0.7000000000000001,0.29999999999999993,0.28,0.0,0.0,0.0
0.30000000000000004,0.5000000000000001,0.5000000000000001,0.4999999999999999,0.30000000000000004,0.9000000000000001,0.09999999999999987,0.28,5.8599472604746556e-05,1.0,0.00011719207781553967
0.30000000000000004,0.5000000000000001,0.5000000000000001,0.4999999999999999,0.5000000000000001,0.1,0.9,0.28,0.0,0.0,0.0
0.30000000000000004,0.5000000000000001,0.5000000000000001,0.4999999999999999,0.5000000000000001,0.30000000000000004,0.7,0.28,0.0,0.0,0.0
0.30000000000000004,0.5000000000000001,0.5000000000000001,0.4999999999999999,0.5000000000000001,0.5000000000000001,0.4999999999999999,0.28,5.8599472604746556e-05,1.0,0.00011719207781553967
0.30000000000000004,0.5000000000000001,0.5000000000000001,0.4999999999999999,0.5000000000000001,0.7000000000000001,0.29999999999999993,0.28,0.0,0.0,0.0
0.30000000000000004,0.5000000000000001,0.5000000000000001,0.4999999999999999,0.5000000000000001,0.9000000000000001,0.09999999999999987,0.28,0.0,0.0,0.0
0.30000000000000004,0.5000000000000001,0.5000000000000001,0.4999999999999999,0.7000000000000001,0.1,0.9,0.28,0.0,0.0,0.0
0.30000000000000004,0.5000000000000001,0.5000000000000001,0.4999999999999999,0.7000000000000001,0.30000000000000004,0.7,0.28,5.8599472604746556e-05,1.0,0.00011719207781553967
0.30000000000000004,0.5000000000000001,0.5000000000000001,0.4999999999999999,0.7000000000000001,0.5000000000000001,0.4999999999999999,0.28,5.8599472604746556e-05,1.0,0.00011719207781553967
0.30000000000000004,0.5000000000000001,0.5000000000000001,0.4999999999999999,0.7000000000000001,0.7000000000000001,0.29999999999999993,0.28,0.0,0.0,0.0
0.30000000000000004,0.5000000000000001,0.5000000000000001,0.4999999999999999,0.7000000000000001,0.9000000000000001,0.09999999999999987,0.28,0.0,0.0,0.0
0.30000000000000004,0.5000000000000001,0.5000000000000001,0.4999999999999999,0.9000000000000001,0.1,0.9,0.28,0.00011719207781553967,1.0,0.00023435669088352472
0.30000000000000004,0.5000000000000001,0.5000000000000001,0.4999999999999999,0.9000000000000001,0.30000000000000004,0.7,0.28,0.0,0.0,0.0
0.30000000000000004,0.5000000000000001,0.5000000000000001,0.4999999999999999,0.9000000000000001,0.5000000000000001,0.4999999999999999,0.28,0.0,0.0,0.0
0.30000000000000004,0.5000000000000001,0.5000000000000001,0.4999999999999999,0.9000000000000001,0.7000000000000001,0.29999999999999993,0.28,0.0,0.0,0.0
0.30000000000000004,0.5000000000000001,0.5000000000000001,0.4999999999999999,0.9000000000000001,0.9000000000000001,0.09999999999999987,0.28,0.00011719207781553967,1.0,0.00023435669088352472
0.30000000000000004,0.5000000000000001,0.7000000000000001,0.29999999999999993,0.1,0.1,0.9,0.28,0.0,0.0,0.0
0.30000000000000004,0.5000000000000001,0.7000000000000001,0.29999999999999993,0.1,0.30000000000000004,0.7,0.28,0.0,0.0,0.0
0.30000000000000004,0.5000000000000001,0.7000000000000001,0.29999999999999993,0.1,0.5000000000000001,0.4999999999999999,0.28,0.0,0.0,0.0
0.30000000000000004,0.5000000000000001,0.7000000000000001,0.29999999999999993,0.1,0.7000000000000001,0.29999999999999993,0.28,0.0,0.0,0.0
0.30000000000000004,0.5000000000000001,0.7000000000000001,0.29999999999999993,0.1,0.9000000000000001,0.09999999999999987,0.28,0.0,0.0,0.0
0.30000000000000004,0.5000000000000001,0.7000000000000001,0.29999999999999993,0.30000000000000004,0.1,0.9,0.28,0.0,0.0,0.0
0.30000000000000004,0.5000000000000001,0.7000000000000001,0.29999999999999993,0.30000000000000004,0.30000000000000004,0.7,0.28,0.0,0.0,0.0
0.30000000000000004,0.5000000000000001,0.7000000000000001,0.29999999999999993,0.30000000000000004,0.5000000000000001,0.4999999999999999,0.28,0.00011719207781553967,1.0,0.00023435669088352472
0.30000000000000004,0.5000000000000001,0.7000000000000001,0.29999999999999993,0.30000000000000004,0.7000000000000001,0.29999999999999993,0.28,5.8599472604746556e-05,1.0,0.00011719207781553967
0.30000000000000004,0.5000000000000001,0.7000000000000001,0.29999999999999993,0.30000000000000004,0.9000000000000001,0.09999999999999987,0.28,0.0,0.0,0.0
0.30000000000000004,0.5000000000000001,0.7000000000000001,0.29999999999999993,0.5000000000000001,0.1,0.9,0.28,0.0,0.0,0.0
0.30000000000000004,0.5000000000000001,0.7000000000000001,0.29999999999999993,0.5000000000000001,0.30000000000000004,0.7,0.28,0.00017577781683951485,1.0,0.000351493848857645
0.30000000000000004,0.5000000000000001,0.7000000000000001,0.29999999999999993,0.5000000000000001,0.5000000000000001,0.4999999999999999,0.28,0.00011719207781553967,1.0,0.00023435669088352472
0.30000000000000004,0.5000000000000001,0.7000000000000001,0.29999999999999993,0.5000000000000001,0.7000000000000001,0.29999999999999993,0.28,5.8599472604746556e-05,1.0,0.00011719207781553967
0.30000000000000004,0.5000000000000001,0.7000000000000001,0.29999999999999993,0.5000000000000001,0.9000000000000001,0.09999999999999987,0.28,0.0,0.0,0.0
0.30000000000000004,0.5000000000000001,0.7000000000000001,0.29999999999999993,0.7000000000000001,0.1,0.9,0.28,0.0,0.0,0.0
0.30000000000000004,0.5000000000000001,0.7000000000000001,0.29999999999999993,0.7000000000000001,0.30000000000000004,0.7,0.28,0.0,0.0,0.0
0.30000000000000004,0.5000000000000001,0.7000000000000001,0.29999999999999993,0.7000000000000001,0.5000000000000001,0.4999999999999999,0.28,0.0,0.0,0.0
0.30000000000000004,0.5000000000000001,0.7000000000000001,0.29999999999999993,0.7000000000000001,0.7000000000000001,0.29999999999999993,0.28,5.8599472604746556e-05,1.0,0.00011719207781553967
0.30000000000000004,0.5000000000000001,0.7000000000000001,0.29999999999999993,0.7000000000000001,0.9000000000000001,0.09999999999999987,0.28,0.0,0.0,0.0
0.30000000000000004,0.5000000000000001,0.7000000000000001,0.29999999999999993,0.9000000000000001,0.1,0.9,0.28,5.8599472604746556e-05,1.0,0.00011719207781553967
0.30000000000000004,0.5000000000000001,0.7000000000000001,0.29999999999999993,0.9000000000000001,0.30000000000000004,0.7,0.28,5.8599472604746556e-05,1.0,0.00011719207781553967
0.30000000000000004,0.5000000000000001,0.7000000000000001,0.29999999999999993,0.9000000000000001,0.5000000000000001,0.4999999999999999,0.28,0.00011719207781553967,1.0,0.00023435669088352472
0.30000000000000004,0.5000000000000001,0.7000000000000001,0.29999999999999993,0.9000000000000001,0.7000000000000001,0.29999999999999993,0.28,5.8599472604746556e-05,1.0,0.00011719207781553967
0.30000000000000004,0.5000000000000001,0.7000000000000001,0.29999999999999993,0.9000000000000001,0.9000000000000001,0.09999999999999987,0.28,0.00011719207781553967,1.0,0.00023435669088352472
0.30000000000000004,0.5000000000000001,0.9000000000000001,0.09999999999999987,0.1,0.1,0.9,0.28,0.0,0.0,0.0
0.30000000000000004,0.5000000000000001,0.9000000000000001,0.09999999999999987,0.1,0.30000000000000004,0.7,0.28,0.0,0.0,0.0
0.30000000000000004,0.5000000000000001,0.9000000000000001,0.09999999999999987,0.1,0.5000000000000001,0.4999999999999999,0.28,0.0,0.0,0.0
0.30000000000000004,0.5000000000000001,0.9000000000000001,0.09999999999999987,0.1,0.7000000000000001,0.29999999999999993,0.28,0.0,0.0,0.0
0.30000000000000004,0.5000000000000001,0.9000000000000001,0.09999999999999987,0.1,0.9000000000000001,0.09999999999999987,0.28,5.8599472604746556e-05,1.0,0.00011719207781553967
0.30000000000000004,0.5000000000000001,0.9000000000000001,0.09999999999999987,0.30000000000000004,0.1,0.9,0.28,0.0,0.0,0.0
0.30000000000000004,0.5000000000000001,0.9000000000000001,0.09999999999999987,0.30000000000000004,0.30000000000000004,0.7,0.28,0.0,0.0,0.0
0.30000000000000004,0.5000000000000001,0.9000000000000001,0.09999999999999987,0.30000000000000004,0.5000000000000001,0.4999999999999999,0.28,0.0,0.0,0.0
0.30000000000000004,0.5000000000000001,0.9000000000000001,0.09999999999999987,0.30000000000000004,0.7000000000000001,0.29999999999999993,0.28,0.0,0.0,0.0
0.30000000000000004,0.5000000000000001,0.9000000000000001,0.09999999999999987,0.30000000000000004,0.9000000000000001,0.09999999999999987,0.28,0.0,0.0,0.0
0.30000000000000004,0.5000000000000001,0.9000000000000001,0.09999999999999987,0.5000000000000001,0.1,0.9,0.28,0.0,0.0,0.0
0.30000000000000004,0.5000000000000001,0.9000000000000001,0.09999999999999987,0.5000000000000001,0.30000000000000004,0.7,0.28,0.0,0.0,0.0
0.30000000000000004,0.5000000000000001,0.9000000000000001,0.09999999999999987,0.5000000000000001,0.5000000000000001,0.4999999999999999,0.28,0.0,0.0,0.0
0.30000000000000004,0.5000000000000001,0.9000000000000001,0.09999999999999987,0.5000000000000001,0.7000000000000001,0.29999999999999993,0.28,0.0,0.0,0.0
0.30000000000000004,0.5000000000000001,0.9000000000000001,0.09999999999999987,0.5000000000000001,0.9000000000000001,0.09999999999999987,0.28,5.8599472604746556e-05,1.0,0.00011719207781553967
0.30000000000000004,0.5000000000000001,0.9000000000000001,0.09999999999999987,0.7000000000000001,0.1,0.9,0.28,0.0,0.0,0.0
0.30000000000000004,0.5000000000000001,0.9000000000000001,0.09999999999999987,0.7000000000000001,0.30000000000000004,0.7,0.28,0.0,0.0,0.0
0.30000000000000004,0.5000000000000001,0.9000000000000001,0.09999999999999987,0.7000000000000001,0.5000000000000001,0.4999999999999999,0.28,0.0,0.0,0.0
0.30000000000000004,0.5000000000000001,0.9000000000000001,0.09999999999999987,0.7000000000000001,0.7000000000000001,0.29999999999999993,0.28,0.0,0.0,0.0
0.30000000000000004,0.5000000000000001,0.9000000000000001,0.09999999999999987,0.7000000000000001,0.9000000000000001,0.09999999999999987,0.28,0.0,0.0,0.0
0.30000000000000004,0.5000000000000001,0.9000000000000001,0.09999999999999987,0.9000000000000001,0.1,0.9,0.28,0.0,0.0,0.0
0.30000000000000004,0.5000000000000001,0.9000000000000001,0.09999999999999987,0.9000000000000001,0.30000000000000004,0.7,0.28,0.0,0.0,0.0
0.30000000000000004,0.5000000000000001,0.9000000000000001,0.09999999999999987,0.9000000000000001,0.5000000000000001,0.4999999999999999,0.28,0.0,0.0,0.0
0.30000000000000004,0.5000000000000001,0.9000000000000001,0.09999999999999987,0.9000000000000001,0.7000000000000001,0.29999999999999993,0.28,0.0,0.0,0.0
0.30000000000000004,0.5000000000000001,0.9000000000000001,0.09999999999999987,0.9000000000000001,0.9000000000000001,0.09999999999999987,0.28,0.00011719207781553967,1.0,0.00023435669088352472
0.30000000000000004,0.7000000000000001,0.1,0.9,0.1,0.1,0.9,0.28,5.8599472604746556e-05,1.0,0.00011719207781553967
0.30000000000000004,0.7000000000000001,0.1,0.9,0.1,0.30000000000000004,0.7,0.28,0.0,0.0,0.0
0.30000000000000004,0.7000000000000001,0.1,0.9,0.1,0.5000000000000001,0.4999999999999999,0.28,0.0,0.0,0.0
0.30000000000000004,0.7000000000000001,0.1,0.9,0.1,0.7000000000000001,0.29999999999999993,0.28,0.00011719207781553967,1.0,0.00023435669088352472
0.30000000000000004,0.7000000000000001,0.1,0.9,0.1,0.9000000000000001,0.09999999999999987,0.28,0.0,0.0,0.0
0.30000000000000004,0.7000000000000001,0.1,0.9,0.30000000000000004,0.1,0.9,0.28,0.0,0.0,0.0
0.30000000000000004,0.7000000000000001,0.1,0.9,0.30000000000000004,0.30000000000000004,0.7,0.28,0.0,0.0,0.0
0.30000000000000004,0.7000000000000001,0.1,0.9,0.30000000000000004,0.5000000000000001,0.4999999999999999,0.28,0.0,0.0,0.0
0.30000000000000004,0.7000000000000001,0.1,0.9,0.30000000000000004,0.7000000000000001,0.29999999999999993,0.28,5.8599472604746556e-05,1.0,0.00011719207781553967
0.30000000000000004,0.7000000000000001,0.1,0.9,0.30000000000000004,0.9000000000000001,0.09999999999999987,0.28,0.0,0.0,0.0
0.30000000000000004,0.7000000000000001,0.1,0.9,0.5000000000000001,0.1,0.9,0.28,0.0,0.0,0.0
0.30000000000000004,0.7000000000000001,0.1,0.9,0.5000000000000001,0.30000000000000004,0.7,0.28,0.0,0.0,0.0
0.30000000000000004,0.7000000000000001,0.1,0.9,0.5000000000000001,0.5000000000000001,0.4999999999999999,0.28,0.0,0.0,0.0
0.30000000000000004,0.7000000000000001,0.1,0.9,0.5000000000000001,0.7000000000000001,0.29999999999999993,0.28,0.0,0.0,0.0
0.30000000000000004,0.7000000000000001,0.1,0.9,0.5000000000000001,0.9000000000000001,0.09999999999999987,0.28,5.8599472604746556e-05,1.0,0.00011719207781553967
0.30000000000000004,0.7000000000000001,0.1,0.9,0.7000000000000001,0.1,0.9,0.28,5.8599472604746556e-05,1.0,0.00011719207781553967
0.30000000000000004,0.7000000000000001,0.1,0.9,0.7000000000000001,0.30000000000000004,0.7,0.28,0.0,0.0,0.0
0.30000000000000004,0.7000000000000001,0.1,0.9,0.7000000000000001,0.5000000000000001,0.4999999999999999,0.28,0.0,0.0,0.0
0.30000000000000004,0.7000000000000001,0.1,0.9,0.7000000000000001,0.7000000000000001,0.29999999999999993,0.28,0.0,0.0,0.0
0.30000000000000004,0.7000000000000001,0.1,0.9,0.7000000000000001,0.9000000000000001,0.09999999999999987,0.28,0.0,0.0,0.0
0.30000000000000004,0.7000000000000001,0.1,0.9,0.9000000000000001,0.1,0.9,0.28,5.8599472604746556e-05,1.0,0.00011719207781553967
0.30000000000000004,0.7000000000000001,0.1,0.9,0.9000000000000001,0.30000000000000004,0.7,0.28,0.0,0.0,0.0
0.30000000000000004,0.7000000000000001,0.1,0.9,0.9000000000000001,0.5000000000000001,0.4999999999999999,0.28,0.0,0.0,0.0
0.30000000000000004,0.7000000000000001,0.1,0.9,0.9000000000000001,0.7000000000000001,0.29999999999999993,0.28,0.0,0.0,0.0
0.30000000000000004,0.7000000000000001,0.1,0.9,0.9000000000000001,0.9000000000000001,0.09999999999999987,0.28,0.0,0.0,0.0
0.30000000000000004,0.7000000000000001,0.30000000000000004,0.7,0.1,0.1,0.9,0.28,5.8599472604746556e-05,1.0,0.00011719207781553967
0.30000000000000004,0.7000000000000001,0.30000000000000004,0.7,0.1,0.30000000000000004,0.7,0.28,0.0,0.0,0.0
0.30000000000000004,0.7000000000000001,0.30000000000000004,0.7,0.1,0.5000000000000001,0.4999999999999999,0.28,0.0,0.0,0.0
0.30000000000000004,0.7000000000000001,0.30000000000000004,0.7,0.1,0.7000000000000001,0.29999999999999993,0.28,0.00011719207781553967,1.0,0.00023435669088352472
0.30000000000000004,0.7000000000000001,0.30000000000000004,0.7,0.1,0.9000000000000001,0.09999999999999987,0.28,0.00017577781683951485,1.0,0.000351493848857645
0.30000000000000004,0.7000000000000001,0.30000000000000004,0.7,0.30000000000000004,0.1,0.9,0.28,5.8599472604746556e-05,1.0,0.00011719207781553967
0.30000000000000004,0.7000000000000001,0.30000000000000004,0.7,0.30000000000000004,0.30000000000000004,0.7,0.28,0.0,0.0,0.0
0.30000000000000004,0.7000000000000001,0.30000000000000004,0.7,0.30000000000000004,0.5000000000000001,0.4999999999999999,0.28,5.8599472604746556e-05,1.0,0.00011719207781553967
0.30000000000000004,0.7000000000000001,0.30000000000000004,0.7,0.30000000000000004,0.7000000000000001,0.29999999999999993,0.28,0.0,0.0,0.0
0.30000000000000004,0.7000000000000001,0.30000000000000004,0.7,0.30000000000000004,0.9000000000000001,0.09999999999999987,0.28,5.8599472604746556e-05,1.0,0.00011719207781553967
0.30000000000000004,0.7000000000000001,0.30000000000000004,0.7,0.5000000000000001,0.1,0.9,0.28,0.0,0.0,0.0
0.30000000000000004,0.7000000000000001,0.30000000000000004,0.7,0.5000000000000001,0.30000000000000004,0.7,0.28,0.0,0.0,0.0
0.30000000000000004,0.7000000000000001,0.30000000000000004,0.7,0.5000000000000001,0.5000000000000001,0.4999999999999999,0.28,0.0,0.0,0.0
0.30000000000000004,0.7000000000000001,0.30000000000000004,0.7,0.5000000000000001,0.7000000000000001,0.29999999999999993,0.28,0.0,0.0,0.0
0.30000000000000004,0.7000000000000001,0.30000000000000004,0.7,0.5000000000000001,0.9000000000000001,0.09999999999999987,0.28,0.0,0.0,0.0
0.30000000000000004,0.7000000000000001,0.30000000000000004,0.7,0.7000000000000001,0.1,0.9,0.28,0.0,0.0,0.0
0.30000000000000004,0.7000000000000001,0.30000000000000004,0.7,0.7000000000000001,0.30000000000000004,0.7,0.28,0.0,0.0,0.0
0.30000000000000004,0.7000000000000001,0.30000000000000004,0.7,0.7000000000000001,0.5000000000000001,0.4999999999999999,0.28,0.0,0.0,0.0
0.30000000000000004,0.7000000000000001,0.30000000000000004,0.7,0.7000000000000001,0.7000000000000001,0.29999999999999993,0.28,0.0,0.0,0.0
0.30000000000000004,0.7000000000000001,0.30000000000000004,0.7,0.7000000000000001,0.9000000000000001,0.09999999999999987,0.28,5.8599472604746556e-05,1.0,0.00011719207781553967
0.30000000000000004,0.7000000000000001,0.30000000000000004,0.7,0.9000000000000001,0.1,0.9,0.28,0.0,0.0,0.0
0.30000000000000004,0.7000000000000001,0.30000000000000004,0.7,0.9000000000000001,0.30000000000000004,0.7,0.28,5.8599472604746556e-05,1.0,0.00011719207781553967
0.30000000000000004,0.7000000000000001,0.30000000000000004,0.7,0.9000000000000001,0.5000000000000001,0.4999999999999999,0.28,5.8599472604746556e-05,1.0,0.00011719207781553967
0.30000000000000004,0.7000000000000001,0.30000000000000004,0.7,0.9000000000000001,0.7000000000000001,0.29999999999999993,0.28,0.0,0.0,0.0
0.30000000000000004,0.7000000000000001,0.30000000000000004,0.7,0.9000000000000001,0.9000000000000001,0.09999999999999987,0.28,0.0,0.0,0.0
0.30000000000000004,0.7000000000000001,0.5000000000000001,0.4999999999999999,0.1,0.1,0.9,0.28,0.0,0.0,0.0
0.30000000000000004,0.7000000000000001,0.5000000000000001,0.4999999999999999,0.1,0.30000000000000004,0.7,0.28,0.0,0.0,0.0
0.30000000000000004,0.7000000000000001,0.5000000000000001,0.4999999999999999,0.1,0.5000000000000001,0.4999999999999999,0.28,0.0,0.0,0.0
0.30000000000000004,0.7000000000000001,0.5000000000000001,0.4999999999999999,0.1,0.7000000000000001,0.29999999999999993,0.28,0.0,0.0,0.0
0.30000000000000004,0.7000000000000001,0.5000000000000001,0.4999999999999999,0.1,0.9000000000000001,0.09999999999999987,0.28,0.0,0.0,0.0
0.30000000000000004,0.7000000000000001,0.5000000000000001,0.4999999999999999,0.30000000000000004,0.1,0.9,0.28,5.8599472604746556e-05,1.0,0.00011719207781553967
0.30000000000000004,0.7000000000000001,0.5000000000000001,0.4999999999999999,0.30000000000000004,0.30000000000000004,0.7,0.28,0.0,0.0,0.0
0.30000000000000004,0.7000000000000001,0.5000000000000001,0.4999999999999999,0.30000000000000004,0.5000000000000001,0.4999999999999999,0.28,0.0,0.0,0.0
0.30000000000000004,0.7000000000000001,0.5000000000000001,0.4999999999999999,0.30000000000000004,0.7000000000000001,0.29999999999999993,0.28,0.00011719207781553967,1.0,0.00023435669088352472
0.30000000000000004,0.7000000000000001,0.5000000000000001,0.4999999999999999,0.30000000000000004,0.9000000000000001,0.09999999999999987,0.28,0.0,0.0,0.0
0.30000000000000004,0.7000000000000001,0.5000000000000001,0.4999999999999999,0.5000000000000001,0.1,0.9,0.28,0.0,0.0,0.0
0.30000000000000004,0.7000000000000001,0.5000000000000001,0.4999999999999999,0.5000000000000001,0.30000000000000004,0.7,0.28,0.0,0.0,0.0
0.30000000000000004,0.7000000000000001,0.5000000000000001,0.4999999999999999,0.5000000000000001,0.5000000000000001,0.4999999999999999,0.28,0.0,0.0,0.0
0.30000000000000004,0.7000000000000001,0.5000000000000001,0.4999999999999999,0.5000000000000001,0.7000000000000001,0.29999999999999993,0.28,5.8599472604746556e-05,1.0,0.00011719207781553967
0.30000000000000004,0.7000000000000001,0.5000000000000001,0.4999999999999999,0.5000000000000001,0.9000000000000001,0.09999999999999987,0.28,0.0,0.0,0.0
0.30000000000000004,0.7000000000000001,0.5000000000000001,0.4999999999999999,0.7000000000000001,0.1,0.9,0.28,0.0,0.0,0.0
0.30000000000000004,0.7000000000000001,0.5000000000000001,0.4999999999999999,0.7000000000000001,0.30000000000000004,0.7,0.28,5.8599472604746556e-05,1.0,0.00011719207781553967
0.30000000000000004,0.7000000000000001,0.5000000000000001,0.4999999999999999,0.7000000000000001,0.5000000000000001,0.4999999999999999,0.28,0.0,0.0,0.0
0.30000000000000004,0.7000000000000001,0.5000000000000001,0.4999999999999999,0.7000000000000001,0.7000000000000001,0.29999999999999993,0.28,0.00017577781683951485,1.0,0.000351493848857645
0.30000000000000004,0.7000000000000001,0.5000000000000001,0.4999999999999999,0.7000000000000001,0.9000000000000001,0.09999999999999987,0.28,0.0,0.0,0.0
0.30000000000000004,0.7000000000000001,0.5000000000000001,0.4999999999999999,0.9000000000000001,0.1,0.9,0.28,0.0,0.0,0.0
0.30000000000000004,0.7000000000000001,0.5000000000000001,0.4999999999999999,0.9000000000000001,0.30000000000000004,0.7,0.28,0.0,0.0,0.0
0.30000000000000004,0.7000000000000001,0.5000000000000001,0.4999999999999999,0.9000000000000001,0.5000000000000001,0.4999999999999999,0.28,0.0,0.0,0.0
0.30000000000000004,0.7000000000000001,0.5000000000000001,0.4999999999999999,0.9000000000000001,0.7000000000000001,0.29999999999999993,0.28,0.0,0.0,0.0
0.30000000000000004,0.7000000000000001,0.5000000000000001,0.4999999999999999,0.9000000000000001,0.9000000000000001,0.09999999999999987,0.28,0.0,0.0,0.0
0.30000000000000004,0.7000000000000001,0.7000000000000001,0.29999999999999993,0.1,0.1,0.9,0.28,0.0,0.0,0.0
0.30000000000000004,0.7000000000000001,0.7000000000000001,0.29999999999999993,0.1,0.30000000000000004,0.7,0.28,0.0,0.0,0.0
0.30000000000000004,0.7000000000000001,0.7000000000000001,0.29999999999999993,0.1,0.5000000000000001,0.4999999999999999,0.28,0.0,0.0,0.0
0.30000000000000004,0.7000000000000001,0.7000000000000001,0.29999999999999993,0.1,0.7000000000000001,0.29999999999999993,0.28,0.0,0.0,0.0
0.30000000000000004,0.7000000000000001,0.7000000000000001,0.29999999999999993,0.1,0.9000000000000001,0.09999999999999987,0.28,5.8599472604746556e-05,1.0,0.00011719207781553967
0.30000000000000004,0.7000000000000001,0.7000000000000001,0.29999999999999993,0.30000000000000004,0.1,0.9,0.28,0.00017577781683951485,1.0,0.000351493848857645
0.30000000000000004,0.7000000000000001,0.7000000000000001,0.29999999999999993,0.30000000000000004,0.30000000000000004,0.7,0.28,5.8599472604746556e-05,1.0,0.00011719207781553967
0.30000000000000004,0.7000000000000001,0.7000000000000001,0.29999999999999993,0.30000000000000004,0.5000000000000001,0.4999999999999999,0.28,0.0,0.0,0.0
0.30000000000000004,0.7000000000000001,0.7000000000000001,0.29999999999999993,0.30000000000000004,0.7000000000000001,0.29999999999999993,0.28,0.0,0.0,0.0
0.30000000000000004,0.7000000000000001,0.7000000000000001,0.29999999999999993,0.30000000000000004,0.9000000000000001,0.09999999999999987,0.28,0.0,0.0,0.0
0.30000000000000004,0.7000000000000001,0.7000000000000001,0.29999999999999993,0.5000000000000001,0.1,0.9,0.28,5.8599472604746556e-05,1.0,0.00011719207781553967
0.30000000000000004,0.7000000000000001,0.7000000000000001,0.29999999999999993,0.5000000000000001,0.30000000000000004,0.7,0.28,0.0,0.0,0.0
0.30000000000000004,0.7000000000000001,0.7000000000000001,0.29999999999999993,0.5000000000000001,0.5000000000000001,0.4999999999999999,0.28,0.0,0.0,0.0
0.30000000000000004,0.7000000000000001,0.7000000000000001,0.29999999999999993,0.5000000000000001,0.7000000000000001,0.29999999999999993,0.28,0.0,0.0,0.0
0.30000000000000004,0.7000000000000001,0.7000000000000001,0.29999999999999993,0.5000000000000001,0.9000000000000001,0.09999999999999987,0.28,0.0,0.0,0.0
0.30000000000000004,0.7000000000000001,0.7000000000000001,0.29999999999999993,0.7000000000000001,0.1,0.9,0.28,0.0,0.0,0.0
0.30000000000000004,0.7000000000000001,0.7000000000000001,0.29999999999999993,0.7000000000000001,0.30000000000000004,0.7,0.28,0.0,0.0,0.0
0.30000000000000004,0.7000000000000001,0.7000000000000001,0.29999999999999993,0.7000000000000001,0.5000000000000001,0.4999999999999999,0.28,0.0,0.0,0.0
0.30000000000000004,0.7000000000000001,0.7000000000000001,0.29999999999999993,0.7000000000000001,0.7000000000000001,0.29999999999999993,0.28,0.0,0.0,0.0
0.30000000000000004,0.7000000000000001,0.7000000000000001,0.29999999999999993,0.7000000000000001,0.9000000000000001,0.09999999999999987,0.28,5.8599472604746556e-05,1.0,0.00011719207781553967
0.30000000000000004,0.7000000000000001,0.7000000000000001,0.29999999999999993,0.9000000000000001,0.1,0.9,0.28,0.0,0.0,0.0
0.30000000000000004,0.7000000000000001,0.7000000000000001,0.29999999999999993,0.9000000000000001,0.30000000000000004,0.7,0.28,0.0,0.0,0.0
0.30000000000000004,0.7000000000000001,0.7000000000000001,0.29999999999999993,0.9000000000000001,0.5000000000000001,0.4999999999999999,0.28,0.0,0.0,0.0
0.30000000000000004,0.7000000000000001,0.7000000000000001,0.29999999999999993,0.9000000000000001,0.7000000000000001,0.29999999999999993,0.28,5.8599472604746556e-05,1.0,0.00011719207781553967
0.30000000000000004,0.7000000000000001,0.7000000000000001,0.29999999999999993,0.9000000000000001,0.9000000000000001,0.09999999999999987,0.28,0.0,0.0,0.0
0.30000000000000004,0.7000000000000001,0.9000000000000001,0.09999999999999987,0.1,0.1,0.9,0.28,0.0,0.0,0.0
0.30000000000000004,0.7000000000000001,0.9000000000000001,0.09999999999999987,0.1,0.30000000000000004,0.7,0.28,5.8599472604746556e-05,1.0,0.00011719207781553967
0.30000000000000004,0.7000000000000001,0.9000000000000001,0.09999999999999987,0.1,0.5000000000000001,0.4999999999999999,0.28,0.0,0.0,0.0
0.30000000000000004,0.7000000000000001,0.9000000000000001,0.09999999999999987,0.1,0.7000000000000001,0.29999999999999993,0.28,0.0,0.0,0.0
0.30000000000000004,0.7000000000000001,0.9000000000000001,0.09999999999999987,0.1,0.9000000000000001,0.09999999999999987,0.28,0.0,0.0,0.0
0.30000000000000004,0.7000000000000001,0.9000000000000001,0.09999999999999987,0.30000000000000004,0.1,0.9,0.28,0.0,0.0,0.0
0.30000000000000004,0.7000000000000001,0.9000000000000001,0.09999999999999987,0.30000000000000004,0.30000000000000004,0.7,0.28,0.0,0.0,0.0
0.30000000000000004,0.7000000000000001,0.9000000000000001,0.09999999999999987,0.30000000000000004,0.5000000000000001,0.4999999999999999,0.28,5.8599472604746556e-05,1.0,0.00011719207781553967
0.30000000000000004,0.7000000000000001,0.9000000000000001,0.09999999999999987,0.30000000000000004,0.7000000000000001,0.29999999999999993,0.28,0.00017577781683951485,1.0,0.000351493848857645
0.30000000000000004,0.7000000000000001,0.9000000000000001,0.09999999999999987,0.30000000000000004,0.9000000000000001,0.09999999999999987,0.28,0.0,0.0,0.0
0.30000000000000004,0.7000000000000001,0.9000000000000001,0.09999999999999987,0.5000000000000001,0.1,0.9,0.28,5.8599472604746556e-05,1.0,0.00011719207781553967
0.30000000000000004,0.7000000000000001,0.9000000000000001,0.09999999999999987,0.5000000000000001,0.30000000000000004,0.7,0.28,0.0,0.0,0.0
0.30000000000000004,0.7000000000000001,0.9000000000000001,0.09999999999999987,0.5000000000000001,0.5000000000000001,0.4999999999999999,0.28,0.0,0.0,0.0
0.30000000000000004,0.7000000000000001,0.9000000000000001,0.09999999999999987,0.5000000000000001,0.7000000000000001,0.29999999999999993,0.28,5.8599472604746556e-05,1.0,0.00011719207781553967
0.30000000000000004,0.7000000000000001,0.9000000000000001,0.09999999999999987,0.5000000000000001,0.9000000000000001,0.09999999999999987,0.28,5.8599472604746556e-05,1.0,0.00011719207781553967
0.30000000000000004,0.7000000000000001,0.9000000000000001,0.09999999999999987,0.7000000000000001,0.1,0.9,0.28,0.0,0.0,0.0
0.30000000000000004,0.7000000000000001,0.9000000000000001,0.09999999999999987,0.7000000000000001,0.30000000000000004,0.7,0.28,0.0,0.0,0.0
0.30000000000000004,0.7000000000000001,0.9000000000000001,0.09999999999999987,0.7000000000000001,0.5000000000000001,0.4999999999999999,0.28,0.0,0.0,0.0
0.30000000000000004,0.7000000000000001,0.9000000000000001,0.09999999999999987,0.7000000000000001,0.7000000000000001,0.29999999999999993,0.28,0.0,0.0,0.0
0.30000000000000004,0.7000000000000001,0.9000000000000001,0.09999999999999987,0.7000000000000001,0.9000000000000001,0.09999999999999987,0.28,0.0,0.0,0.0
0.30000000000000004,0.7000000000000001,0.9000000000000001,0.09999999999999987,0.9000000000000001,0.1,0.9,0.28,0.0,0.0,0.0
0.30000000000000004,0.7000000000000001,0.9000000000000001,0.09999999999999987,0.9000000000000001,0.30000000000000004,0.7,0.28,0.0,0.0,0.0
0.30000000000000004,0.7000000000000001,0.9000000000000001,0.09999999999999987,0.9000000000000001,0.5000000000000001,0.4999999999999999,0.28,5.8599472604746556e-05,1.0,0.00011719207781553967
0.30000000000000004,0.7000000000000001,0.9000000000000001,0.09999999999999987,0.9000000000000001,0.7000000000000001,0.29999999999999993,0.28,0.0,0.0,0.0
0.30000000000000004,0.7000000000000001,0.9000000000000001,0.09999999999999987,0.9000000000000001,0.9000000000000001,0.09999999999999987,0.28,0.0,0.0,0.0
0.30000000000000004,0.9000000000000001,0.1,0.9,0.1,0.1,0.9,0.28,0.0,0.0,0.0
0.30000000000000004,0.9000000000000001,0.1,0.9,0.1,0.30000000000000004,0.7,0.28,0.0,0.0,0.0
0.30000000000000004,0.9000000000000001,0.1,0.9,0.1,0.5000000000000001,0.4999999999999999,0.28,0.0,0.0,0.0
0.30000000000000004,0.9000000000000001,0.1,0.9,0.1,0.7000000000000001,0.29999999999999993,0.28,0.0,0.0,0.0
0.30000000000000004,0.9000000000000001,0.1,0.9,0.1,0.9000000000000001,0.09999999999999987,0.28,0.0,0.0,0.0
0.30000000000000004,0.9000000000000001,0.1,0.9,0.30000000000000004,0.1,0.9,0.28,0.0,0.0,0.0
0.30000000000000004,0.9000000000000001,0.1,0.9,0.30000000000000004,0.30000000000000004,0.7,0.28,5.8599472604746556e-05,1.0,0.00011719207781553967
0.30000000000000004,0.9000000000000001,0.1,0.9,0.30000000000000004,0.5000000000000001,0.4999999999999999,0.28,0.0,0.0,0.0
0.30000000000000004,0.9000000000000001,0.1,0.9,0.30000000000000004,0.7000000000000001,0.29999999999999993,0.28,0.00011719207781553967,1.0,0.00023435669088352472
0.30000000000000004,0.9000000000000001,0.1,0.9,0.30000000000000004,0.9000000000000001,0.09999999999999987,0.28,0.0,0.0,0.0
0.30000000000000004,0.9000000000000001,0.1,0.9,0.5000000000000001,0.1,0.9,0.28,0.0,0.0,0.0
0.30000000000000004,0.9000000000000001,0.1,0.9,0.5000000000000001,0.30000000000000004,0.7,0.28,5.8599472604746556e-05,1.0,0.00011719207781553967
0.30000000000000004,0.9000000000000001,0.1,0.9,0.5000000000000001,0.5000000000000001,0.4999999999999999,0.28,0.0,0.0,0.0
0.30000000000000004,0.9000000000000001,0.1,0.9,0.5000000000000001,0.7000000000000001,0.29999999999999993,0.28,0.0,0.0,0.0
0.30000000000000004,0.9000000000000001,0.1,0.9,0.5000000000000001,0.9000000000000001,0.09999999999999987,0.28,0.0,0.0,0.0
0.30000000000000004,0.9000000000000001,0.1,0.9,0.7000000000000001,0.1,0.9,0.28,5.8599472604746556e-05,1.0,0.00011719207781553967
0.30000000000000004,0.9000000000000001,0.1,0.9,0.7000000000000001,0.30000000000000004,0.7,0.28,0.0,0.0,0.0
0.30000000000000004,0.9000000000000001,0.1,0.9,0.7000000000000001,0.5000000000000001,0.4999999999999999,0.28,0.0,0.0,0.0
0.30000000000000004,0.9000000000000001,0.1,0.9,0.7000000000000001,0.7000000000000001,0.29999999999999993,0.28,0.0,0.0,0.0
0.30000000000000004,0.9000000000000001,0.1,0.9,0.7000000000000001,0.9000000000000001,0.09999999999999987,0.28,0.0,0.0,0.0
0.30000000000000004,0.9000000000000001,0.1,0.9,0.9000000000000001,0.1,0.9,0.28,0.0,0.0,0.0
0.30000000000000004,0.9000000000000001,0.1,0.9,0.9000000000000001,0.30000000000000004,0.7,0.28,0.0,0.0,0.0
0.30000000000000004,0.9000000000000001,0.1,0.9,0.9000000000000001,0.5000000000000001,0.4999999999999999,0.28,0.0,0.0,0.0
0.30000000000000004,0.9000000000000001,0.1,0.9,0.9000000000000001,0.7000000000000001,0.29999999999999993,0.28,0.0,0.0,0.0
0.30000000000000004,0.9000000000000001,0.1,0.9,0.9000000000000001,0.9000000000000001,0.09999999999999987,0.28,0.0,0.0,0.0
0.30000000000000004,0.9000000000000001,0.30000000000000004,0.7,0.1,0.1,0.9,0.28,5.8599472604746556e-05,1.0,0.00011719207781553967
0.30000000000000004,0.9000000000000001,0.30000000000000004,0.7,0.1,0.30000000000000004,0.7,0.28,5.8599472604746556e-05,1.0,0.00011719207781553967
0.30000000000000004,0.9000000000000001,0.30000000000000004,0.7,0.1,0.5000000000000001,0.4999999999999999,0.28,0.0,0.0,0.0
0.30000000000000004,0.9000000000000001,0.30000000000000004,0.7,0.1,0.7000000000000001,0.29999999999999993,0.28,0.0,0.0,0.0
0.30000000000000004,0.9000000000000001,0.30000000000000004,0.7,0.1,0.9000000000000001,0.09999999999999987,0.28,0.0,0.0,0.0
0.30000000000000004,0.9000000000000001,0.30000000000000004,0.7,0.30000000000000004,0.1,0.9,0.28,0.0,0.0,0.0
0.30000000000000004,0.9000000000000001,0.30000000000000004,0.7,0.30000000000000004,0.30000000000000004,0.7,0.28,5.8599472604746556e-05,1.0,0.00011719207781553967
0.30000000000000004,0.9000000000000001,0.30000000000000004,0.7,0.30000000000000004,0.5000000000000001,0.4999999999999999,0.28,0.00017577781683951485,1.0,0.000351493848857645
0.30000000000000004,0.9000000000000001,0.30000000000000004,0.7,0.30000000000000004,0.7000000000000001,0.29999999999999993,0.28,0.0,0.0,0.0
0.30000000000000004,0.9000000000000001,0.30000000000000004,0.7,0.30000000000000004,0.9000000000000001,0.09999999999999987,0.28,0.0,0.0,0.0
0.30000000000000004,0.9000000000000001,0.30000000000000004,0.7,0.5000000000000001,0.1,0.9,0.28,5.8599472604746556e-05,1.0,0.00011719207781553967
0.30000000000000004,0.9000000000000001,0.30000000000000004,0.7,0.5000000000000001,0.30000000000000004,0.7,0.28,0.0,0.0,0.0
0.30000000000000004,0.9000000000000001,0.30000000000000004,0.7,0.5000000000000001,0.5000000000000001,0.4999999999999999,0.28,5.8599472604746556e-05,1.0,0.00011719207781553967
0.30000000000000004,0.9000000000000001,0.30000000000000004,0.7,0.5000000000000001,0.7000000000000001,0.29999999999999993,0.28,0.0,0.0,0.0
0.30000000000000004,0.9000000000000001,0.30000000000000004,0.7,0.5000000000000001,0.9000000000000001,0.09999999999999987,0.28,0.0,0.0,0.0
0.30000000000000004,0.9000000000000001,0.30000000000000004,0.7,0.7000000000000001,0.1,0.9,0.28,5.8599472604746556e-05,1.0,0.00011719207781553967
0.30000000000000004,0.9000000000000001,0.30000000000000004,0.7,0.7000000000000001,0.30000000000000004,0.7,0.28,0.00011719207781553967,1.0,0.00023435669088352472
0.30000000000000004,0.9000000000000001,0.30000000000000004,0.7,0.7000000000000001,0.5000000000000001,0.4999999999999999,0.28,0.0,0.0,0.0
0.30000000000000004,0.9000000000000001,0.30000000000000004,0.7,0.7000000000000001,0.7000000000000001,0.29999999999999993,0.28,0.0,0.0,0.0
0.30000000000000004,0.9000000000000001,0.30000000000000004,0.7,0.7000000000000001,0.9000000000000001,0.09999999999999987,0.28,0.0,0.0,0.0
0.30000000000000004,0.9000000000000001,0.30000000000000004,0.7,0.9000000000000001,0.1,0.9,0.28,0.0,0.0,0.0
0.30000000000000004,0.9000000000000001,0.30000000000000004,0.7,0.9000000000000001,0.30000000000000004,0.7,0.28,5.8599472604746556e-05,1.0,0.00011719207781553967
0.30000000000000004,0.9000000000000001,0.30000000000000004,0.7,0.9000000000000001,0.5000000000000001,0.4999999999999999,0.28,0.0,0.0,0.0
0.30000000000000004,0.9000000000000001,0.30000000000000004,0.7,0.9000000000000001,0.7000000000000001,0.29999999999999993,0.28,5.8599472604746556e-05,1.0,0.00011719207781553967
0.30000000000000004,0.9000000000000001,0.30000000000000004,0.7,0.9000000000000001,0.9000000000000001,0.09999999999999987,0.28,0.0,0.0,0.0
0.30000000000000004,0.9000000000000001,0.5000000000000001,0.4999999999999999,0.1,0.1,0.9,0.28,0.0,0.0,0.0
0.30000000000000004,0.9000000000000001,0.5000000000000001,0.4999999999999999,0.1,0.30000000000000004,0.7,0.28,0.0,0.0,0.0
0.30000000000000004,0.9000000000000001,0.5000000000000001,0.4999999999999999,0.1,0.5000000000000001,0.4999999999999999,0.28,5.8599472604746556e-05,1.0,0.00011719207781553967
0.30000000000000004,0.9000000000000001,0.5000000000000001,0.4999999999999999,0.1,0.7000000000000001,0.29999999999999993,0.28,0.0,0.0,0.0
0.30000000000000004,0.9000000000000001,0.5000000000000001,0.4999999999999999,0.1,0.9000000000000001,0.09999999999999987,0.28,0.0,0.0,0.0
0.30000000000000004,0.9000000000000001,0.5000000000000001,0.4999999999999999,0.30000000000000004,0.1,0.9,0.28,0.0,0.0,0.0
0.30000000000000004,0.9000000000000001,0.5000000000000001,0.4999999999999999,0.30000000000000004,0.30000000000000004,0.7,0.28,0.0,0.0,0.0
0.30000000000000004,0.9000000000000001,0.5000000000000001,0.4999999999999999,0.30000000000000004,0.5000000000000001,0.4999999999999999,0.28,0.0,0.0,0.0
0.30000000000000004,0.9000000000000001,0.5000000000000001,0.4999999999999999,0.30000000000000004,0.7000000000000001,0.29999999999999993,0.28,0.0,0.0,0.0
0.30000000000000004,0.9000000000000001,0.5000000000000001,0.4999999999999999,0.30000000000000004,0.9000000000000001,0.09999999999999987,0.28,0.00011719207781553967,1.0,0.00023435669088352472
0.30000000000000004,0.9000000000000001,0.5000000000000001,0.4999999999999999,0.5000000000000001,0.1,0.9,0.28,0.0,0.0,0.0
0.30000000000000004,0.9000000000000001,0.5000000000000001,0.4999999999999999,0.5000000000000001,0.30000000000000004,0.7,0.28,0.0,0.0,0.0
0.30000000000000004,0.9000000000000001,0.5000000000000001,0.4999999999999999,0.5000000000000001,0.5000000000000001,0.4999999999999999,0.28,0.00011719207781553967,1.0,0.00023435669088352472
0.30000000000000004,0.9000000000000001,0.5000000000000001,0.4999999999999999,0.5000000000000001,0.7000000000000001,0.29999999999999993,0.28,0.0,0.0,0.0
0.30000000000000004,0.9000000000000001,0.5000000000000001,0.4999999999999999,0.5000000000000001,0.9000000000000001,0.09999999999999987,0.28,0.0,0.0,0.0
0.30000000000000004,0.9000000000000001,0.5000000000000001,0.4999999999999999,0.7000000000000001,0.1,0.9,0.28,0.0,0.0,0.0
0.30000000000000004,0.9000000000000001,0.5000000000000001,0.4999999999999999,0.7000000000000001,0.30000000000000004,0.7,0.28,0.0,0.0,0.0
0.30000000000000004,0.9000000000000001,0.5000000000000001,0.4999999999999999,0.7000000000000001,0.5000000000000001,0.4999999999999999,0.28,0.00011719207781553967,1.0,0.00023435669088352472
0.30000000000000004,0.9000000000000001,0.5000000000000001,0.4999999999999999,0.7000000000000001,0.7000000000000001,0.29999999999999993,0.28,0.0,0.0,0.0
0.30000000000000004,0.9000000000000001,0.5000000000000001,0.4999999999999999,0.7000000000000001,0.9000000000000001,0.09999999999999987,0.28,0.0,0.0,0.0
0.30000000000000004,0.9000000000000001,0.5000000000000001,0.4999999999999999,0.9000000000000001,0.1,0.9,0.28,0.0,0.0,0.0
0.30000000000000004,0.9000000000000001,0.5000000000000001,0.4999999999999999,0.9000000000000001,0.30000000000000004,0.7,0.28,0.0,0.0,0.0
0.30000000000000004,0.9000000000000001,0.5000000000000001,0.4999999999999999,0.9000000000000001,0.5000000000000001,0.4999999999999999,0.28,0.0,0.0,0.0
0.30000000000000004,0.9000000000000001,0.5000000000000001,0.4999999999999999,0.9000000000000001,0.7000000000000001,0.29999999999999993,0.28,0.0,0.0,0.0
0.30000000000000004,0.9000000000000001,0.5000000000000001,0.4999999999999999,0.9000000000000001,0.9000000000000001,0.09999999999999987,0.28,0.0,0.0,0.0
0.30000000000000004,0.9000000000000001,0.7000000000000001,0.29999999999999993,0.1,0.1,0.9,0.28,0.0,0.0,0.0
0.30000000000000004,0.9000000000000001,0.7000000000000001,0.29999999999999993,0.1,0.30000000000000004,0.7,0.28,0.0,0.0,0.0
0.30000000000000004,0.9000000000000001,0.7000000000000001,0.29999999999999993,0.1,0.5000000000000001,0.4999999999999999,0.28,0.0,0.0,0.0
0.30000000000000004,0.9000000000000001,0.7000000000000001,0.29999999999999993,0.1,0.7000000000000001,0.29999999999999993,0.28,0.0,0.0,0.0
0.30000000000000004,0.9000000000000001,0.7000000000000001,0.29999999999999993,0.1,0.9000000000000001,0.09999999999999987,0.28,0.0,0.0,0.0
0.30000000000000004,0.9000000000000001,0.7000000000000001,0.29999999999999993,0.30000000000000004,0.1,0.9,0.28,0.0,0.0,0.0
0.30000000000000004,0.9000000000000001,0.7000000000000001,0.29999999999999993,0.30000000000000004,0.30000000000000004,0.7,0.28,0.0,0.0,0.0
0.30000000000000004,0.9000000000000001,0.7000000000000001,0.29999999999999993,0.30000000000000004,0.5000000000000001,0.4999999999999999,0.28,0.0,0.0,0.0
0.30000000000000004,0.9000000000000001,0.7000000000000001,0.29999999999999993,0.30000000000000004,0.7000000000000001,0.29999999999999993,0.28,0.0,0.0,0.0
0.30000000000000004,0.9000000000000001,0.7000000000000001,0.29999999999999993,0.30000000000000004,0.9000000000000001,0.09999999999999987,0.28,0.0,0.0,0.0
0.30000000000000004,0.9000000000000001,0.7000000000000001,0.29999999999999993,0.5000000000000001,0.1,0.9,0.28,0.0,0.0,0.0
0.30000000000000004,0.9000000000000001,0.7000000000000001,0.29999999999999993,0.5000000000000001,0.30000000000000004,0.7,0.28,5.8599472604746556e-05,1.0,0.00011719207781553967
0.30000000000000004,0.9000000000000001,0.7000000000000001,0.29999999999999993,0.5000000000000001,0.5000000000000001,0.4999999999999999,0.28,0.0,0.0,0.0
0.30000000000000004,0.9000000000000001,0.7000000000000001,0.29999999999999993,0.5000000000000001,0.7000000000000001,0.29999999999999993,0.28,0.00011719207781553967,1.0,0.00023435669088352472
0.30000000000000004,0.9000000000000001,0.7000000000000001,0.29999999999999993,0.5000000000000001,0.9000000000000001,0.09999999999999987,0.28,0.0,0.0,0.0
0.30000000000000004,0.9000000000000001,0.7000000000000001,0.29999999999999993,0.7000000000000001,0.1,0.9,0.28,0.0,0.0,0.0
0.30000000000000004,0.9000000000000001,0.7000000000000001,0.29999999999999993,0.7000000000000001,0.30000000000000004,0.7,0.28,0.0,0.0,0.0
0.30000000000000004,0.9000000000000001,0.7000000000000001,0.29999999999999993,0.7000000000000001,0.5000000000000001,0.4999999999999999,0.28,0.0,0.0,0.0
0.30000000000000004,0.9000000000000001,0.7000000000000001,0.29999999999999993,0.7000000000000001,0.7000000000000001,0.29999999999999993,0.28,0.0,0.0,0.0
0.30000000000000004,0.9000000000000001,0.7000000000000001,0.29999999999999993,0.7000000000000001,0.9000000000000001,0.09999999999999987,0.28,0.0,0.0,0.0
0.30000000000000004,0.9000000000000001,0.7000000000000001,0.29999999999999993,0.9000000000000001,0.1,0.9,0.28,0.0,0.0,0.0
0.30000000000000004,0.9000000000000001,0.7000000000000001,0.29999999999999993,0.9000000000000001,0.30000000000000004,0.7,0.28,0.0,0.0,0.0
0.30000000000000004,0.9000000000000001,0.7000000000000001,0.29999999999999993,0.9000000000000001,0.5000000000000001,0.4999999999999999,0.28,0.0,0.0,0.0
0.30000000000000004,0.9000000000000001,0.7000000000000001,0.29999999999999993,0.9000000000000001,0.7000000000000001,0.29999999999999993,0.28,5.8599472604746556e-05,1.0,0.00011719207781553967
0.30000000000000004,0.9000000000000001,0.7000000000000001,0.29999999999999993,0.9000000000000001,0.9000000000000001,0.09999999999999987,0.28,0.0,0.0,0.0
0.30000000000000004,0.9000000000000001,0.9000000000000001,0.09999999999999987,0.1,0.1,0.9,0.28,0.0,0.0,0.0
0.30000000000000004,0.9000000000000001,0.9000000000000001,0.09999999999999987,0.1,0.30000000000000004,0.7,0.28,0.0,0.0,0.0
0.30000000000000004,0.9000000000000001,0.9000000000000001,0.09999999999999987,0.1,0.5000000000000001,0.4999999999999999,0.28,0.0,0.0,0.0
0.30000000000000004,0.9000000000000001,0.9000000000000001,0.09999999999999987,0.1,0.7000000000000001,0.29999999999999993,0.28,0.0,0.0,0.0
0.30000000000000004,0.9000000000000001,0.9000000000000001,0.09999999999999987,0.1,0.9000000000000001,0.09999999999999987,0.28,0.0,0.0,0.0
0.30000000000000004,0.9000000000000001,0.9000000000000001,0.09999999999999987,0.30000000000000004,0.1,0.9,0.28,0.0,0.0,0.0
0.30000000000000004,0.9000000000000001,0.9000000000000001,0.09999999999999987,0.30000000000000004,0.30000000000000004,0.7,0.28,0.0,0.0,0.0
0.30000000000000004,0.9000000000000001,0.9000000000000001,0.09999999999999987,0.30000000000000004,0.5000000000000001,0.4999999999999999,0.28,0.0,0.0,0.0
0.30000000000000004,0.9000000000000001,0.9000000000000001,0.09999999999999987,0.30000000000000004,0.7000000000000001,0.29999999999999993,0.28,0.0,0.0,0.0
0.30000000000000004,0.9000000000000001,0.9000000000000001,0.09999999999999987,0.30000000000000004,0.9000000000000001,0.09999999999999987,0.28,0.0,0.0,0.0
0.30000000000000004,0.9000000000000001,0.9000000000000001,0.09999999999999987,0.5000000000000001,0.1,0.9,0.28,0.0,0.0,0.0
0.30000000000000004,0.9000000000000001,0.9000000000000001,0.09999999999999987,0.5000000000000001,0.30000000000000004,0.7,0.28,0.0,0.0,0.0
0.30000000000000004,0.9000000000000001,0.9000000000000001,0.09999999999999987,0.5000000000000001,0.5000000000000001,0.4999999999999999,0.28,0.00029292870115413906,1.0,0.0005856858381164344
0.30000000000000004,0.9000000000000001,0.9000000000000001,0.09999999999999987,0.5000000000000001,0.7000000000000001,0.29999999999999993,0.28,0.0,0.0,0.0
0.30000000000000004,0.9000000000000001,0.9000000000000001,0.09999999999999987,0.5000000000000001,0.9000000000000001,0.09999999999999987,0.28,0.00011719207781553967,1.0,0.00023435669088352472
0.30000000000000004,0.9000000000000001,0.9000000000000001,0.09999999999999987,0.7000000000000001,0.1,0.9,0.28,5.8599472604746556e-05,1.0,0.00011719207781553967
0.30000000000000004,0.9000000000000001,0.9000000000000001,0.09999999999999987,0.7000000000000001,0.30000000000000004,0.7,0.28,5.8599472604746556e-05,1.0,0.00011719207781553967
0.30000000000000004,0.9000000000000001,0.9000000000000001,0.09999999999999987,0.7000000000000001,0.5000000000000001,0.4999999999999999,0.28,5.8599472604746556e-05,1.0,0.00011719207781553967
0.30000000000000004,0.9000000000000001,0.9000000000000001,0.09999999999999987,0.7000000000000001,0.7000000000000001,0.29999999999999993,0.28,0.0,0.0,0.0
0.30000000000000004,0.9000000000000001,0.9000000000000001,0.09999999999999987,0.7000000000000001,0.9000000000000001,0.09999999999999987,0.28,5.8599472604746556e-05,1.0,0.00011719207781553967
0.30000000000000004,0.9000000000000001,0.9000000000000001,0.09999999999999987,0.9000000000000001,0.1,0.9,0.28,0.0,0.0,0.0
0.30000000000000004,0.9000000000000001,0.9000000000000001,0.09999999999999987,0.9000000000000001,0.30000000000000004,0.7,0.28,0.0,0.0,0.0
0.30000000000000004,0.9000000000000001,0.9000000000000001,0.09999999999999987,0.9000000000000001,0.5000000000000001,0.4999999999999999,0.28,5.8599472604746556e-05,1.0,0.00011719207781553967
0.30000000000000004,0.9000000000000001,0.9000000000000001,0.09999999999999987,0.9000000000000001,0.7000000000000001,0.29999999999999993,0.28,5.8599472604746556e-05,1.0,0.00011719207781553967
0.30000000000000004,0.9000000000000001,0.9000000000000001,0.09999999999999987,0.9000000000000001,0.9000000000000001,0.09999999999999987,0.28,0.0,0.0,0.0
0.5000000000000001,0.1,0.1,0.9,0.1,0.1,0.9,0.28,0.000351493848857645,1.0,0.0007027406886858749
0.5000000000000001,0.1,0.1,0.9,0.1,0.30000000000000004,0.7,0.28,5.8599472604746556e-05,1.0,0.00011719207781553967
0.5000000000000001,0.1,0.1,0.9,0.1,0.5000000000000001,0.4999999999999999,0.28,5.8599472604746556e-05,1.0,0.00011719207781553967
0.5000000000000001,0.1,0.1,0.9,0.1,0.7000000000000001,0.29999999999999993,0.28,0.00011719207781553967,1.0,0.00023435669088352472
0.5000000000000001,0.1,0.1,0.9,0.1,0.9000000000000001,0.09999999999999987,0.28,5.8599472604746556e-05,1.0,0.00011719207781553967
0.5000000000000001,0.1,0.1,0.9,0.30000000000000004,0.1,0.9,0.28,0.00017577781683951485,1.0,0.000351493848857645
0.5000000000000001,0.1,0.1,0.9,0.30000000000000004,0.30000000000000004,0.7,0.28,5.8599472604746556e-05,1.0,0.00011719207781553967
0.5000000000000001,0.1,0.1,0.9,0.30000000000000004,0.5000000000000001,0.4999999999999999,0.28,0.00011719207781553967,1.0,0.00023435669088352472
0.5000000000000001,0.1,0.1,0.9,0.30000000000000004,0.7000000000000001,0.29999999999999993,0.28,5.8599472604746556e-05,1.0,0.00011719207781553967
0.5000000000000001,0.1,0.1,0.9,0.30000000000000004,0.9000000000000001,0.09999999999999987,0.28,0.00011719207781553967,1.0,0.00023435669088352472
0.5000000000000001,0.1,0.1,0.9,0.5000000000000001,0.1,0.9,0.28,5.8599472604746556e-05,1.0,0.00011719207781553967
0.5000000000000001,0.1,0.1,0.9,0.5000000000000001,0.30000000000000004,0.7,0.28,5.8599472604746556e-05,1.0,0.00011719207781553967
0.5000000000000001,0.1,0.1,0.9,0.5000000000000001,0.5000000000000001,0.4999999999999999,0.28,5.8599472604746556e-05,1.0,0.00011719207781553967
0.5000000000000001,0.1,0.1,0.9,0.5000000000000001,0.7000000000000001,0.29999999999999993,0.28,5.8599472604746556e-05,1.0,0.00011719207781553967
0.5000000000000001,0.1,0.1,0.9,0.5000000000000001,0.9000000000000001,0.09999999999999987,0.28,5.8599472604746556e-05,1.0,0.00011719207781553967
0.5000000000000001,0.1,0.1,0.9,0.7000000000000001,0.1,0.9,0.28,0.0,0.0,0.0
0.5000000000000001,0.1,0.1,0.9,0.7000000000000001,0.30000000000000004,0.7,0.28,0.0,0.0,0.0
0.5000000000000001,0.1,0.1,0.9,0.7000000000000001,0.5000000000000001,0.4999999999999999,0.28,0.0,0.0,0.0
0.5000000000000001,0.1,0.1,0.9,0.7000000000000001,0.7000000000000001,0.29999999999999993,0.28,0.0,0.0,0.0
0.5000000000000001,0.1,0.1,0.9,0.7000000000000001,0.9000000000000001,0.09999999999999987,0.28,0.0,0.0,0.0
0.5000000000000001,0.1,0.1,0.9,0.9000000000000001,0.1,0.9,0.28,0.0,0.0,0.0
0.5000000000000001,0.1,0.1,0.9,0.9000000000000001,0.30000000000000004,0.7,0.28,0.0,0.0,0.0
0.5000000000000001,0.1,0.1,0.9,0.9000000000000001,0.5000000000000001,0.4999999999999999,0.28,0.0,0.0,0.0
0.5000000000000001,0.1,0.1,0.9,0.9000000000000001,0.7000000000000001,0.29999999999999993,0.28,5.8599472604746556e-05,1.0,0.00011719207781553967
0.5000000000000001,0.1,0.1,0.9,0.9000000000000001,0.9000000000000001,0.09999999999999987,0.28,0.0,0.0,0.0
0.5000000000000001,0.1,0.30000000000000004,0.7,0.1,0.1,0.9,0.28,0.00011719207781553967,1.0,0.00023435669088352472
0.5000000000000001,0.1,0.30000000000000004,0.7,0.1,0.30000000000000004,0.7,0.28,0.00011719207781553967,1.0,0.00023435669088352472
0.5000000000000001,0.1,0.30000000000000004,0.7,0.1,0.5000000000000001,0.4999999999999999,0.28,5.8599472604746556e-05,1.0,0.00011719207781553967
0.5000000000000001,0.1,0.30000000000000004,0.7,0.1,0.7000000000000001,0.29999999999999993,0.28,5.8599472604746556e-05,1.0,0.00011719207781553967
0.5000000000000001,0.1,0.30000000000000004,0.7,0.1,0.9000000000000001,0.09999999999999987,0.28,5.8599472604746556e-05,1.0,0.00011719207781553967
0.5000000000000001,0.1,0.30000000000000004,0.7,0.30000000000000004,0.1,0.9,0.28,5.8599472604746556e-05,1.0,0.00011719207781553967
0.5000000000000001,0.1,0.30000000000000004,0.7,0.30000000000000004,0.30000000000000004,0.7,0.28,5.8599472604746556e-05,1.0,0.00011719207781553967
0.5000000000000001,0.1,0.30000000000000004,0.7,0.30000000000000004,0.5000000000000001,0.4999999999999999,0.28,0.00011719207781553967,1.0,0.00023435669088352472
0.5000000000000001,0.1,0.30000000000000004,0.7,0.30000000000000004,0.7000000000000001,0.29999999999999993,0.28,5.8599472604746556e-05,1.0,0.00011719207781553967
0.5000000000000001,0.1,0.30000000000000004,0.7,0.30000000000000004,0.9000000000000001,0.09999999999999987,0.28,5.8599472604746556e-05,1.0,0.00011719207781553967
0.5000000000000001,0.1,0.30000000000000004,0.7,0.5000000000000001,0.1,0.9,0.28,5.8599472604746556e-05,1.0,0.00011719207781553967
0.5000000000000001,0.1,0.30000000000000004,0.7,0.5000000000000001,0.30000000000000004,0.7,0.28,0.00011719207781553967,1.0,0.00023435669088352472
0.5000000000000001,0.1,0.30000000000000004,0.7,0.5000000000000001,0.5000000000000001,0.4999999999999999,0.28,0.00011719207781553967,1.0,0.00023435669088352472
0.5000000000000001,0.1,0.30000000000000004,0.7,0.5000000000000001,0.7000000000000001,0.29999999999999993,0.28,5.8599472604746556e-05,1.0,0.00011719207781553967
0.5000000000000001,0.1,0.30000000000000004,0.7,0.5000000000000001,0.9000000000000001,0.09999999999999987,0.28,0.00011719207781553967,1.0,0.00023435669088352472
0.5000000000000001,0.1,0.30000000000000004,0.7,0.7000000000000001,0.1,0.9,0.28,0.0,0.0,0.0
0.5000000000000001,0.1,0.30000000000000004,0.7,0.7000000000000001,0.30000000000000004,0.7,0.28,5.8599472604746556e-05,1.0,0.00011719207781553967
0.5000000000000001,0.1,0.30000000000000004,0.7,0.7000000000000001,0.5000000000000001,0.4999999999999999,0.28,0.0,0.0,0.0
0.5000000000000001,0.1,0.30000000000000004,0.7,0.7000000000000001,0.7000000000000001,0.29999999999999993,0.28,5.8599472604746556e-05,1.0,0.00011719207781553967
0.5000000000000001,0.1,0.30000000000000004,0.7,0.7000000000000001,0.9000000000000001,0.09999999999999987,0.28,0.0,0.0,0.0
0.5000000000000001,0.1,0.30000000000000004,0.7,0.9000000000000001,0.1,0.9,0.28,5.8599472604746556e-05,1.0,0.00011719207781553967
0.5000000000000001,0.1,0.30000000000000004,0.7,0.9000000000000001,0.30000000000000004,0.7,0.28,0.0,0.0,0.0
0.5000000000000001,0.1,0.30000000000000004,0.7,0.9000000000000001,0.5000000000000001,0.4999999999999999,0.28,5.8599472604746556e-05,1.0,0.00011719207781553967
0.5000000000000001,0.1,0.30000000000000004,0.7,0.9000000000000001,0.7000000000000001,0.29999999999999993,0.28,0.0,0.0,0.0
0.5000000000000001,0.1,0.30000000000000004,0.7,0.9000000000000001,0.9000000000000001,0.09999999999999987,0.28,0.0,0.0,0.0
0.5000000000000001,0.1,0.5000000000000001,0.4999999999999999,0.1,0.1,0.9,0.28,5.8599472604746556e-05,1.0,0.00011719207781553967
0.5000000000000001,0.1,0.5000000000000001,0.4999999999999999,0.1,0.30000000000000004,0.7,0.28,5.8599472604746556e-05,1.0,0.00011719207781553967
0.5000000000000001,0.1,0.5000000000000001,0.4999999999999999,0.1,0.5000000000000001,0.4999999999999999,0.28,5.8599472604746556e-05,1.0,0.00011719207781553967
0.5000000000000001,0.1,0.5000000000000001,0.4999999999999999,0.1,0.7000000000000001,0.29999999999999993,0.28,0.00011719207781553967,1.0,0.00023435669088352472
0.5000000000000001,0.1,0.5000000000000001,0.4999999999999999,0.1,0.9000000000000001,0.09999999999999987,0.28,5.8599472604746556e-05,1.0,0.00011719207781553967
0.5000000000000001,0.1,0.5000000000000001,0.4999999999999999,0.30000000000000004,0.1,0.9,0.28,5.8599472604746556e-05,1.0,0.00011719207781553967
0.5000000000000001,0.1,0.5000000000000001,0.4999999999999999,0.30000000000000004,0.30000000000000004,0.7,0.28,5.8599472604746556e-05,1.0,0.00011719207781553967
0.5000000000000001,0.1,0.5000000000000001,0.4999999999999999,0.30000000000000004,0.5000000000000001,0.4999999999999999,0.28,5.8599472604746556e-05,1.0,0.00011719207781553967
0.5000000000000001,0.1,0.5000000000000001,0.4999999999999999,0.30000000000000004,0.7000000000000001,0.29999999999999993,0.28,5.8599472604746556e-05,1.0,0.00011719207781553967
0.5000000000000001,0.1,0.5000000000000001,0.4999999999999999,0.30000000000000004,0.9000000000000001,0.09999999999999987,0.28,5.8599472604746556e-05,1.0,0.00011719207781553967
0.5000000000000001,0.1,0.5000000000000001,0.4999999999999999,0.5000000000000001,0.1,0.9,0.28,5.8599472604746556e-05,1.0,0.00011719207781553967
0.5000000000000001,0.1,0.5000000000000001,0.4999999999999999,0.5000000000000001,0.30000000000000004,0.7,0.28,0.00017577781683951485,1.0,0.000351493848857645
0.5000000000000001,0.1,0.5000000000000001,0.4999999999999999,0.5000000000000001,0.5000000000000001,0.4999999999999999,0.28,5.8599472604746556e-05,1.0,0.00011719207781553967
0.5000000000000001,0.1,0.5000000000000001,0.4999999999999999,0.5000000000000001,0.7000000000000001,0.29999999999999993,0.28,5.8599472604746556e-05,1.0,0.00011719207781553967
0.5000000000000001,0.1,0.5000000000000001,0.4999999999999999,0.5000000000000001,0.9000000000000001,0.09999999999999987,0.28,5.8599472604746556e-05,1.0,0.00011719207781553967
0.5000000000000001,0.1,0.5000000000000001,0.4999999999999999,0.7000000000000001,0.1,0.9,0.28,0.0,0.0,0.0
0.5000000000000001,0.1,0.5000000000000001,0.4999999999999999,0.7000000000000001,0.30000000000000004,0.7,0.28,0.0,0.0,0.0
0.5000000000000001,0.1,0.5000000000000001,0.4999999999999999,0.7000000000000001,0.5000000000000001,0.4999999999999999,0.28,0.0,0.0,0.0
0.5000000000000001,0.1,0.5000000000000001,0.4999999999999999,0.7000000000000001,0.7000000000000001,0.29999999999999993,0.28,0.0,0.0,0.0
0.5000000000000001,0.1,0.5000000000000001,0.4999999999999999,0.7000000000000001,0.9000000000000001,0.09999999999999987,0.28,5.8599472604746556e-05,1.0,0.00011719207781553967
0.5000000000000001,0.1,0.5000000000000001,0.4999999999999999,0.9000000000000001,0.1,0.9,0.28,0.00029292870115413906,1.0,0.0005856858381164344
0.5000000000000001,0.1,0.5000000000000001,0.4999999999999999,0.9000000000000001,0.30000000000000004,0.7,0.28,0.0,0.0,0.0
0.5000000000000001,0.1,0.5000000000000001,0.4999999999999999,0.9000000000000001,0.5000000000000001,0.4999999999999999,0.28,0.0,0.0,0.0
0.5000000000000001,0.1,0.5000000000000001,0.4999999999999999,0.9000000000000001,0.7000000000000001,0.29999999999999993,0.28,0.0,0.0,0.0
0.5000000000000001,0.1,0.5000000000000001,0.4999999999999999,0.9000000000000001,0.9000000000000001,0.09999999999999987,0.28,0.0,0.0,0.0
0.5000000000000001,0.1,0.7000000000000001,0.29999999999999993,0.1,0.1,0.9,0.28,0.00011719207781553967,1.0,0.00023435669088352472
0.5000000000000001,0.1,0.7000000000000001,0.29999999999999993,0.1,0.30000000000000004,0.7,0.28,5.8599472604746556e-05,1.0,0.00011719207781553967
0.5000000000000001,0.1,0.7000000000000001,0.29999999999999993,0.1,0.5000000000000001,0.4999999999999999,0.28,5.8599472604746556e-05,1.0,0.00011719207781553967
0.5000000000000001,0.1,0.7000000000000001,0.29999999999999993,0.1,0.7000000000000001,0.29999999999999993,0.28,5.8599472604746556e-05,1.0,0.00011719207781553967
0.5000000000000001,0.1,0.7000000000000001,0.29999999999999993,0.1,0.9000000000000001,0.09999999999999987,0.28,5.8599472604746556e-05,1.0,0.00011719207781553967
0.5000000000000001,0.1,0.7000000000000001,0.29999999999999993,0.30000000000000004,0.1,0.9,0.28,5.8599472604746556e-05,1.0,0.00011719207781553967
0.5000000000000001,0.1,0.7000000000000001,0.29999999999999993,0.30000000000000004,0.30000000000000004,0.7,0.28,0.00011719207781553967,1.0,0.00023435669088352472
0.5000000000000001,0.1,0.7000000000000001,0.29999999999999993,0.30000000000000004,0.5000000000000001,0.4999999999999999,0.28,5.8599472604746556e-05,1.0,0.00011719207781553967
0.5000000000000001,0.1,0.7000000000000001,0.29999999999999993,0.30000000000000004,0.7000000000000001,0.29999999999999993,0.28,5.8599472604746556e-05,1.0,0.00011719207781553967
0.5000000000000001,0.1,0.7000000000000001,0.29999999999999993,0.30000000000000004,0.9000000000000001,0.09999999999999987,0.28,0.00011719207781553967,1.0,0.00023435669088352472
0.5000000000000001,0.1,0.7000000000000001,0.29999999999999993,0.5000000000000001,0.1,0.9,0.28,5.8599472604746556e-05,1.0,0.00011719207781553967
0.5000000000000001,0.1,0.7000000000000001,0.29999999999999993,0.5000000000000001,0.30000000000000004,0.7,0.28,0.00011719207781553967,1.0,0.00023435669088352472
0.5000000000000001,0.1,0.7000000000000001,0.29999999999999993,0.5000000000000001,0.5000000000000001,0.4999999999999999,0.28,0.00041005213520004685,1.0,0.000819768122730999
0.5000000000000001,0.1,0.7000000000000001,0.29999999999999993,0.5000000000000001,0.7000000000000001,0.29999999999999993,0.28,0.00011719207781553967,1.0,0.00023435669088352472
0.5000000000000001,0.1,0.7000000000000001,0.29999999999999993,0.5000000000000001,0.9000000000000001,0.09999999999999987,0.28,5.8599472604746556e-05,1.0,0.00011719207781553967
0.5000000000000001,0.1,0.7000000000000001,0.29999999999999993,0.7000000000000001,0.1,0.9,0.28,0.0,0.0,0.0
0.5000000000000001,0.1,0.7000000000000001,0.29999999999999993,0.7000000000000001,0.30000000000000004,0.7,0.28,5.8599472604746556e-05,1.0,0.00011719207781553967
0.5000000000000001,0.1,0.7000000000000001,0.29999999999999993,0.7000000000000001,0.5000000000000001,0.4999999999999999,0.28,0.0,0.0,0.0
0.5000000000000001,0.1,0.7000000000000001,0.29999999999999993,0.7000000000000001,0.7000000000000001,0.29999999999999993,0.28,0.0,0.0,0.0
0.5000000000000001,0.1,0.7000000000000001,0.29999999999999993,0.7000000000000001,0.9000000000000001,0.09999999999999987,0.28,5.8599472604746556e-05,1.0,0.00011719207781553967
0.5000000000000001,0.1,0.7000000000000001,0.29999999999999993,0.9000000000000001,0.1,0.9,0.28,0.00017577781683951485,1.0,0.000351493848857645
0.5000000000000001,0.1,0.7000000000000001,0.29999999999999993,0.9000000000000001,0.30000000000000004,0.7,0.28,0.0,0.0,0.0
0.5000000000000001,0.1,0.7000000000000001,0.29999999999999993,0.9000000000000001,0.5000000000000001,0.4999999999999999,0.28,5.8599472604746556e-05,1.0,0.00011719207781553967
0.5000000000000001,0.1,0.7000000000000001,0.29999999999999993,0.9000000000000001,0.7000000000000001,0.29999999999999993,0.28,5.8599472604746556e-05,1.0,0.00011719207781553967
0.5000000000000001,0.1,0.7000000000000001,0.29999999999999993,0.9000000000000001,0.9000000000000001,0.09999999999999987,0.28,5.8599472604746556e-05,1.0,0.00011719207781553967
0.5000000000000001,0.1,0.9000000000000001,0.09999999999999987,0.1,0.1,0.9,0.28,5.8599472604746556e-05,1.0,0.00011719207781553967
0.5000000000000001,0.1,0.9000000000000001,0.09999999999999987,0.1,0.30000000000000004,0.7,0.28,0.00011719207781553967,1.0,0.00023435669088352472
0.5000000000000001,0.1,0.9000000000000001,0.09999999999999987,0.1,0.5000000000000001,0.4999999999999999,0.28,5.8599472604746556e-05,1.0,0.00011719207781553967
0.5000000000000001,0.1,0.9000000000000001,0.09999999999999987,0.1,0.7000000000000001,0.29999999999999993,0.28,5.8599472604746556e-05,1.0,0.00011719207781553967
0.5000000000000001,0.1,0.9000000000000001,0.09999999999999987,0.1,0.9000000000000001,0.09999999999999987,0.28,5.8599472604746556e-05,1.0,0.00011719207781553967
0.5000000000000001,0.1,0.9000000000000001,0.09999999999999987,0.30000000000000004,0.1,0.9,0.28,5.8599472604746556e-05,1.0,0.00011719207781553967
0.5000000000000001,0.1,0.9000000000000001,0.09999999999999987,0.30000000000000004,0.30000000000000004,0.7,0.28,5.8599472604746556e-05,1.0,0.00011719207781553967
0.5000000000000001,0.1,0.9000000000000001,0.09999999999999987,0.30000000000000004,0.5000000000000001,0.4999999999999999,0.28,0.00011719207781553967,1.0,0.00023435669088352472
0.5000000000000001,0.1,0.9000000000000001,0.09999999999999987,0.30000000000000004,0.7000000000000001,0.29999999999999993,0.28,5.8599472604746556e-05,1.0,0.00011719207781553967
0.5000000000000001,0.1,0.9000000000000001,0.09999999999999987,0.30000000000000004,0.9000000000000001,0.09999999999999987,0.28,5.8599472604746556e-05,1.0,0.00011719207781553967
0.5000000000000001,0.1,0.9000000000000001,0.09999999999999987,0.5000000000000001,0.1,0.9,0.28,5.8599472604746556e-05,1.0,0.00011719207781553967
0.5000000000000001,0.1,0.9000000000000001,0.09999999999999987,0.5000000000000001,0.30000000000000004,0.7,0.28,5.8599472604746556e-05,1.0,0.00011719207781553967
0.5000000000000001,0.1,0.9000000000000001,0.09999999999999987,0.5000000000000001,0.5000000000000001,0.4999999999999999,0.28,0.00017577781683951485,1.0,0.000351493848857645
0.5000000000000001,0.1,0.9000000000000001,0.09999999999999987,0.5000000000000001,0.7000000000000001,0.29999999999999993,0.28,5.8599472604746556e-05,1.0,0.00011719207781553967
0.5000000000000001,0.1,0.9000000000000001,0.09999999999999987,0.5000000000000001,0.9000000000000001,0.09999999999999987,0.28,5.8599472604746556e-05,1.0,0.00011719207781553967
0.5000000000000001,0.1,0.9000000000000001,0.09999999999999987,0.7000000000000001,0.1,0.9,0.28,0.0,0.0,0.0
0.5000000000000001,0.1,0.9000000000000001,0.09999999999999987,0.7000000000000001,0.30000000000000004,0.7,0.28,0.0,0.0,0.0
0.5000000000000001,0.1,0.9000000000000001,0.09999999999999987,0.7000000000000001,0.5000000000000001,0.4999999999999999,0.28,0.0,0.0,0.0
0.5000000000000001,0.1,0.9000000000000001,0.09999999999999987,0.7000000000000001,0.7000000000000001,0.29999999999999993,0.28,0.00023435669088352472,1.0,0.00046860356138706655
0.5000000000000001,0.1,0.9000000000000001,0.09999999999999987,0.7000000000000001,0.9000000000000001,0.09999999999999987,0.28,5.8599472604746556e-05,1.0,0.00011719207781553967
0.5000000000000001,0.1,0.9000000000000001,0.09999999999999987,0.9000000000000001,0.1,0.9,0.28,5.8599472604746556e-05,1.0,0.00011719207781553967
0.5000000000000001,0.1,0.9000000000000001,0.09999999999999987,0.9000000000000001,0.30000000000000004,0.7,0.28,5.8599472604746556e-05,1.0,0.00011719207781553967
0.5000000000000001,0.1,0.9000000000000001,0.09999999999999987,0.9000000000000001,0.5000000000000001,0.4999999999999999,0.28,0.0,0.0,0.0
0.5000000000000001,0.1,0.9000000000000001,0.09999999999999987,0.9000000000000001,0.7000000000000001,0.29999999999999993,0.28,5.8599472604746556e-05,1.0,0.00011719207781553967
0.5000000000000001,0.1,0.9000000000000001,0.09999999999999987,0.9000000000000001,0.9000000000000001,0.09999999999999987,0.28,0.0,0.0,0.0
0.5000000000000001,0.30000000000000004,0.1,0.9,0.1,0.1,0.9,0.28,5.8599472604746556e-05,1.0,0.00011719207781553967
0.5000000000000001,0.30000000000000004,0.1,0.9,0.1,0.30000000000000004,0.7,0.28,5.8599472604746556e-05,1.0,0.00011719207781553967
0.5000000000000001,0.30000000000000004,0.1,0.9,0.1,0.5000000000000001,0.4999999999999999,0.28,5.8599472604746556e-05,1.0,0.00011719207781553967
0.5000000000000001,0.30000000000000004,0.1,0.9,0.1,0.7000000000000001,0.29999999999999993,0.28,5.8599472604746556e-05,1.0,0.00011719207781553967
0.5000000000000001,0.30000000000000004,0.1,0.9,0.1,0.9000000000000001,0.09999999999999987,0.28,0.00017577781683951485,1.0,0.000351493848857645
0.5000000000000001,0.30000000000000004,0.1,0.9,0.30000000000000004,0.1,0.9,0.28,0.0,0.0,0.0
0.5000000000000001,0.30000000000000004,0.1,0.9,0.30000000000000004,0.30000000000000004,0.7,0.28,0.0,0.0,0.0
0.5000000000000001,0.30000000000000004,0.1,0.9,0.30000000000000004,0.5000000000000001,0.4999999999999999,0.28,5.8599472604746556e-05,1.0,0.00011719207781553967
0.5000000000000001,0.30000000000000004,0.1,0.9,0.30000000000000004,0.7000000000000001,0.29999999999999993,0.28,5.8599472604746556e-05,1.0,0.00011719207781553967
0.5000000000000001,0.30000000000000004,0.1,0.9,0.30000000000000004,0.9000000000000001,0.09999999999999987,0.28,0.0,0.0,0.0
0.5000000000000001,0.30000000000000004,0.1,0.9,0.5000000000000001,0.1,0.9,0.28,0.0,0.0,0.0
0.5000000000000001,0.30000000000000004,0.1,0.9,0.5000000000000001,0.30000000000000004,0.7,0.28,5.8599472604746556e-05,1.0,0.00011719207781553967
0.5000000000000001,0.30000000000000004,0.1,0.9,0.5000000000000001,0.5000000000000001,0.4999999999999999,0.28,0.0,0.0,0.0
0.5000000000000001,0.30000000000000004,0.1,0.9,0.5000000000000001,0.7000000000000001,0.29999999999999993,0.28,0.0,0.0,0.0
0.5000000000000001,0.30000000000000004,0.1,0.9,0.5000000000000001,0.9000000000000001,0.09999999999999987,0.28,0.0,0.0,0.0
0.5000000000000001,0.30000000000000004,0.1,0.9,0.7000000000000001,0.1,0.9,0.28,0.0,0.0,0.0
0.5000000000000001,0.30000000000000004,0.1,0.9,0.7000000000000001,0.30000000000000004,0.7,0.28,0.0,0.0,0.0
0.5000000000000001,0.30000000000000004,0.1,0.9,0.7000000000000001,0.5000000000000001,0.4999999999999999,0.28,0.0,0.0,0.0
0.5000000000000001,0.30000000000000004,0.1,0.9,0.7000000000000001,0.7000000000000001,0.29999999999999993,0.28,0.00017577781683951485,1.0,0.000351493848857645
0.5000000000000001,0.30000000000000004,0.1,0.9,0.7000000000000001,0.9000000000000001,0.09999999999999987,0.28,0.0,0.0,0.0
0.5000000000000001,0.30000000000000004,0.1,0.9,0.9000000000000001,0.1,0.9,0.28,0.0,0.0,0.0
0.5000000000000001,0.30000000000000004,0.1,0.9,0.9000000000000001,0.30000000000000004,0.7,0.28,0.0,0.0,0.0
0.5000000000000001,0.30000000000000004,0.1,0.9,0.9000000000000001,0.5000000000000001,0.4999999999999999,0.28,0.0,0.0,0.0
0.5000000000000001,0.30000000000000004,0.1,0.9,0.9000000000000001,0.7000000000000001,0.29999999999999993,0.28,0.00011719207781553967,1.0,0.00023435669088352472
0.5000000000000001,0.30000000000000004,0.1,0.9,0.9000000000000001,0.9000000000000001,0.09999999999999987,0.28,5.8599472604746556e-05,1.0,0.00011719207781553967
0.5000000000000001,0.30000000000000004,0.30000000000000004,0.7,0.1,0.1,0.9,0.28,5.8599472604746556e-05,1.0,0.00011719207781553967
0.5000000000000001,0.30000000000000004,0.30000000000000004,0.7,0.1,0.30000000000000004,0.7,0.28,5.8599472604746556e-05,1.0,0.00011719207781553967
0.5000000000000001,0.30000000000000004,0.30000000000000004,0.7,0.1,0.5000000000000001,0.4999999999999999,0.28,5.8599472604746556e-05,1.0,0.00011719207781553967
0.5000000000000001,0.30000000000000004,0.30000000000000004,0.7,0.1,0.7000000000000001,0.29999999999999993,0.28,0.00011719207781553967,1.0,0.00023435669088352472
0.5000000000000001,0.30000000000000004,0.30000000000000004,0.7,0.1,0.9000000000000001,0.09999999999999987,0.28,5.8599472604746556e-05,1.0,0.00011719207781553967
0.5000000000000001,0.30000000000000004,0.30000000000000004,0.7,0.30000000000000004,0.1,0.9,0.28,0.0,0.0,0.0
0.5000000000000001,0.30000000000000004,0.30000000000000004,0.7,0.30000000000000004,0.30000000000000004,0.7,0.28,5.8599472604746556e-05,1.0,0.00011719207781553967
0.5000000000000001,0.30000000000000004,0.30000000000000004,0.7,0.30000000000000004,0.5000000000000001,0.4999999999999999,0.28,0.0,0.0,0.0
0.5000000000000001,0.30000000000000004,0.30000000000000004,0.7,0.30000000000000004,0.7000000000000001,0.29999999999999993,0.28,5.8599472604746556e-05,1.0,0.00011719207781553967
0.5000000000000001,0.30000000000000004,0.30000000000000004,0.7,0.30000000000000004,0.9000000000000001,0.09999999999999987,0.28,0.0,0.0,0.0
0.5000000000000001,0.30000000000000004,0.30000000000000004,0.7,0.5000000000000001,0.1,0.9,0.28,5.8599472604746556e-05,1.0,0.00011719207781553967
0.5000000000000001,0.30000000000000004,0.30000000000000004,0.7,0.5000000000000001,0.30000000000000004,0.7,0.28,0.0,0.0,0.0
0.5000000000000001,0.30000000000000004,0.30000000000000004,0.7,0.5000000000000001,0.5000000000000001,0.4999999999999999,0.28,0.0,0.0,0.0
0.5000000000000001,0.30000000000000004,0.30000000000000004,0.7,0.5000000000000001,0.7000000000000001,0.29999999999999993,0.28,0.00011719207781553967,1.0,0.00023435669088352472
0.5000000000000001,0.30000000000000004,0.30000000000000004,0.7,0.5000000000000001,0.9000000000000001,0.09999999999999987,0.28,0.0,0.0,0.0
0.5000000000000001,0.30000000000000004,0.30000000000000004,0.7,0.7000000000000001,0.1,0.9,0.28,0.0,0.0,0.0
0.5000000000000001,0.30000000000000004,0.30000000000000004,0.7,0.7000000000000001,0.30000000000000004,0.7,0.28,0.0,0.0,0.0
0.5000000000000001,0.30000000000000004,0.30000000000000004,0.7,0.7000000000000001,0.5000000000000001,0.4999999999999999,0.28,5.8599472604746556e-05,1.0,0.00011719207781553967
0.5000000000000001,0.30000000000000004,0.30000000000000004,0.7,0.7000000000000001,0.7000000000000001,0.29999999999999993,0.28,0.0,0.0,0.0
0.5000000000000001,0.30000000000000004,0.30000000000000004,0.7,0.7000000000000001,0.9000000000000001,0.09999999999999987,0.28,0.0,0.0,0.0
0.5000000000000001,0.30000000000000004,0.30000000000000004,0.7,0.9000000000000001,0.1,0.9,0.28,5.8599472604746556e-05,1.0,0.00011719207781553967
0.5000000000000001,0.30000000000000004,0.30000000000000004,0.7,0.9000000000000001,0.30000000000000004,0.7,0.28,5.8599472604746556e-05,1.0,0.00011719207781553967
0.5000000000000001,0.30000000000000004,0.30000000000000004,0.7,0.9000000000000001,0.5000000000000001,0.4999999999999999,0.28,5.8599472604746556e-05,1.0,0.00011719207781553967
0.5000000000000001,0.30000000000000004,0.30000000000000004,0.7,0.9000000000000001,0.7000000000000001,0.29999999999999993,0.28,0.0,0.0,0.0
0.5000000000000001,0.30000000000000004,0.30000000000000004,0.7,0.9000000000000001,0.9000000000000001,0.09999999999999987,0.28,0.0,0.0,0.0
0.5000000000000001,0.30000000000000004,0.5000000000000001,0.4999999999999999,0.1,0.1,0.9,0.28,5.8599472604746556e-05,1.0,0.00011719207781553967
0.5000000000000001,0.30000000000000004,0.5000000000000001,0.4999999999999999,0.1,0.30000000000000004,0.7,0.28,5.8599472604746556e-05,1.0,0.00011719207781553967
0.5000000000000001,0.30000000000000004,0.5000000000000001,0.4999999999999999,0.1,0.5000000000000001,0.4999999999999999,0.28,5.8599472604746556e-05,1.0,0.00011719207781553967
0.5000000000000001,0.30000000000000004,0.5000000000000001,0.4999999999999999,0.1,0.7000000000000001,0.29999999999999993,0.28,5.8599472604746556e-05,1.0,0.00011719207781553967
0.5000000000000001,0.30000000000000004,0.5000000000000001,0.4999999999999999,0.1,0.9000000000000001,0.09999999999999987,0.28,5.8599472604746556e-05,1.0,0.00011719207781553967
0.5000000000000001,0.30000000000000004,0.5000000000000001,0.4999999999999999,0.30000000000000004,0.1,0.9,0.28,0.0,0.0,0.0
0.5000000000000001,0.30000000000000004,0.5000000000000001,0.4999999999999999,0.30000000000000004,0.30000000000000004,0.7,0.28,0.0,0.0,0.0
0.5000000000000001,0.30000000000000004,0.5000000000000001,0.4999999999999999,0.30000000000000004,0.5000000000000001,0.4999999999999999,0.28,0.0,0.0,0.0
0.5000000000000001,0.30000000000000004,0.5000000000000001,0.4999999999999999,0.30000000000000004,0.7000000000000001,0.29999999999999993,0.28,0.0,0.0,0.0
0.5000000000000001,0.30000000000000004,0.5000000000000001,0.4999999999999999,0.30000000000000004,0.9000000000000001,0.09999999999999987,0.28,5.8599472604746556e-05,1.0,0.00011719207781553967
0.5000000000000001,0.30000000000000004,0.5000000000000001,0.4999999999999999,0.5000000000000001,0.1,0.9,0.28,0.0,0.0,0.0
0.5000000000000001,0.30000000000000004,0.5000000000000001,0.4999999999999999,0.5000000000000001,0.30000000000000004,0.7,0.28,0.0,0.0,0.0
0.5000000000000001,0.30000000000000004,0.5000000000000001,0.4999999999999999,0.5000000000000001,0.5000000000000001,0.4999999999999999,0.28,5.8599472604746556e-05,1.0,0.00011719207781553967
0.5000000000000001,0.30000000000000004,0.5000000000000001,0.4999999999999999,0.5000000000000001,0.7000000000000001,0.29999999999999993,0.28,5.8599472604746556e-05,1.0,0.00011719207781553967
0.5000000000000001,0.30000000000000004,0.5000000000000001,0.4999999999999999,0.5000000000000001,0.9000000000000001,0.09999999999999987,0.28,0.0,0.0,0.0
0.5000000000000001,0.30000000000000004,0.5000000000000001,0.4999999999999999,0.7000000000000001,0.1,0.9,0.28,0.0,0.0,0.0
0.5000000000000001,0.30000000000000004,0.5000000000000001,0.4999999999999999,0.7000000000000001,0.30000000000000004,0.7,0.28,0.0,0.0,0.0
0.5000000000000001,0.30000000000000004,0.5000000000000001,0.4999999999999999,0.7000000000000001,0.5000000000000001,0.4999999999999999,0.28,0.00011719207781553967,1.0,0.00023435669088352472
0.5000000000000001,0.30000000000000004,0.5000000000000001,0.4999999999999999,0.7000000000000001,0.7000000000000001,0.29999999999999993,0.28,0.0,0.0,0.0
0.5000000000000001,0.30000000000000004,0.5000000000000001,0.4999999999999999,0.7000000000000001,0.9000000000000001,0.09999999999999987,0.28,0.0,0.0,0.0
0.5000000000000001,0.30000000000000004,0.5000000000000001,0.4999999999999999,0.9000000000000001,0.1,0.9,0.28,0.0,0.0,0.0
0.5000000000000001,0.30000000000000004,0.5000000000000001,0.4999999999999999,0.9000000000000001,0.30000000000000004,0.7,0.28,0.0,0.0,0.0
0.5000000000000001,0.30000000000000004,0.5000000000000001,0.4999999999999999,0.9000000000000001,0.5000000000000001,0.4999999999999999,0.28,0.0,0.0,0.0
0.5000000000000001,0.30000000000000004,0.5000000000000001,0.4999999999999999,0.9000000000000001,0.7000000000000001,0.29999999999999993,0.28,0.0,0.0,0.0
0.5000000000000001,0.30000000000000004,0.5000000000000001,0.4999999999999999,0.9000000000000001,0.9000000000000001,0.09999999999999987,0.28,0.0,0.0,0.0
0.5000000000000001,0.30000000000000004,0.7000000000000001,0.29999999999999993,0.1,0.1,0.9,0.28,5.8599472604746556e-05,1.0,0.00011719207781553967
0.5000000000000001,0.30000000000000004,0.7000000000000001,0.29999999999999993,0.1,0.30000000000000004,0.7,0.28,0.00017577781683951485,1.0,0.000351493848857645
0.5000000000000001,0.30000000000000004,0.7000000000000001,0.29999999999999993,0.1,0.5000000000000001,0.4999999999999999,0.28,5.8599472604746556e-05,1.0,0.00011719207781553967
0.5000000000000001,0.30000000000000004,0.7000000000000001,0.29999999999999993,0.1,0.7000000000000001,0.29999999999999993,0.28,5.8599472604746556e-05,1.0,0.00011719207781553967
0.5000000000000001,0.30000000000000004,0.7000000000000001,0.29999999999999993,0.1,0.9000000000000001,0.09999999999999987,0.28,0.00017577781683951485,1.0,0.000351493848857645
0.5000000000000001,0.30000000000000004,0.7000000000000001,0.29999999999999993,0.30000000000000004,0.1,0.9,0.28,0.0,0.0,0.0
0.5000000000000001,0.30000000000000004,0.7000000000000001,0.29999999999999993,0.30000000000000004,0.30000000000000004,0.7,0.28,0.0,0.0,0.0
0.5000000000000001,0.30000000000000004,0.7000000000000001,0.29999999999999993,0.30000000000000004,0.5000000000000001,0.4999999999999999,0.28,0.0,0.0,0.0
0.5000000000000001,0.30000000000000004,0.7000000000000001,0.29999999999999993,0.30000000000000004,0.7000000000000001,0.29999999999999993,0.28,5.8599472604746556e-05,1.0,0.00011719207781553967
0.5000000000000001,0.30000000000000004,0.7000000000000001,0.29999999999999993,0.30000000000000004,0.9000000000000001,0.09999999999999987,0.28,0.0,0.0,0.0
0.5000000000000001,0.30000000000000004,0.7000000000000001,0.29999999999999993,0.5000000000000001,0.1,0.9,0.28,0.00011719207781553967,1.0,0.00023435669088352472
0.5000000000000001,0.30000000000000004,0.7000000000000001,0.29999999999999993,0.5000000000000001,0.30000000000000004,0.7,0.28,0.0,0.0,0.0
0.5000000000000001,0.30000000000000004,0.7000000000000001,0.29999999999999993,0.5000000000000001,0.5000000000000001,0.4999999999999999,0.28,0.0,0.0,0.0
0.5000000000000001,0.30000000000000004,0.7000000000000001,0.29999999999999993,0.5000000000000001,0.7000000000000001,0.29999999999999993,0.28,0.0,0.0,0.0
0.5000000000000001,0.30000000000000004,0.7000000000000001,0.29999999999999993,0.5000000000000001,0.9000000000000001,0.09999999999999987,0.28,5.8599472604746556e-05,1.0,0.00011719207781553967
0.5000000000000001,0.30000000000000004,0.7000000000000001,0.29999999999999993,0.7000000000000001,0.1,0.9,0.28,0.0,0.0,0.0
0.5000000000000001,0.30000000000000004,0.7000000000000001,0.29999999999999993,0.7000000000000001,0.30000000000000004,0.7,0.28,5.8599472604746556e-05,1.0,0.00011719207781553967
0.5000000000000001,0.30000000000000004,0.7000000000000001,0.29999999999999993,0.7000000000000001,0.5000000000000001,0.4999999999999999,0.28,0.0,0.0,0.0
0.5000000000000001,0.30000000000000004,0.7000000000000001,0.29999999999999993,0.7000000000000001,0.7000000000000001,0.29999999999999993,0.28,0.0,0.0,0.0
0.5000000000000001,0.30000000000000004,0.7000000000000001,0.29999999999999993,0.7000000000000001,0.9000000000000001,0.09999999999999987,0.28,0.0,0.0,0.0
0.5000000000000001,0.30000000000000004,0.7000000000000001,0.29999999999999993,0.9000000000000001,0.1,0.9,0.28,0.0,0.0,0.0
0.5000000000000001,0.30000000000000004,0.7000000000000001,0.29999999999999993,0.9000000000000001,0.30000000000000004,0.7,0.28,5.8599472604746556e-05,1.0,0.00011719207781553967
0.5000000000000001,0.30000000000000004,0.7000000000000001,0.29999999999999993,0.9000000000000001,0.5000000000000001,0.4999999999999999,0.28,0.0,0.0,0.0
0.5000000000000001,0.30000000000000004,0.7000000000000001,0.29999999999999993,0.9000000000000001,0.7000000000000001,0.29999999999999993,0.28,0.0,0.0,0.0
0.5000000000000001,0.30000000000000004,0.7000000000000001,0.29999999999999993,0.9000000000000001,0.9000000000000001,0.09999999999999987,0.28,0.0,0.0,0.0
0.5000000000000001,0.30000000000000004,0.9000000000000001,0.09999999999999987,0.1,0.1,0.9,0.28,0.00011719207781553967,1.0,0.00023435669088352472
0.5000000000000001,0.30000000000000004,0.9000000000000001,0.09999999999999987,0.1,0.30000000000000004,0.7,0.28,5.8599472604746556e-05,1.0,0.00011719207781553967
0.5000000000000001,0.30000000000000004,0.9000000000000001,0.09999999999999987,0.1,0.5000000000000001,0.4999999999999999,0.28,5.8599472604746556e-05,1.0,0.00011719207781553967
0.5000000000000001,0.30000000000000004,0.9000000000000001,0.09999999999999987,0.1,0.7000000000000001,0.29999999999999993,0.28,0.00011719207781553967,1.0,0.00023435669088352472
0.5000000000000001,0.30000000000000004,0.9000000000000001,0.09999999999999987,0.1,0.9000000000000001,0.09999999999999987,0.28,5.8599472604746556e-05,1.0,0.00011719207781553967
0.5000000000000001,0.30000000000000004,0.9000000000000001,0.09999999999999987,0.30000000000000004,0.1,0.9,0.28,0.0,0.0,0.0
0.5000000000000001,0.30000000000000004,0.9000000000000001,0.09999999999999987,0.30000000000000004,0.30000000000000004,0.7,0.28,0.00011719207781553967,1.0,0.00023435669088352472
0.5000000000000001,0.30000000000000004,0.9000000000000001,0.09999999999999987,0.30000000000000004,0.5000000000000001,0.4999999999999999,0.28,5.8599472604746556e-05,1.0,0.00011719207781553967
0.5000000000000001,0.30000000000000004,0.9000000000000001,0.09999999999999987,0.30000000000000004,0.7000000000000001,0.29999999999999993,0.28,0.0,0.0,0.0
0.5000000000000001,0.30000000000000004,0.9000000000000001,0.09999999999999987,0.30000000000000004,0.9000000000000001,0.09999999999999987,0.28,0.0,0.0,0.0
0.5000000000000001,0.30000000000000004,0.9000000000000001,0.09999999999999987,0.5000000000000001,0.1,0.9,0.28,5.8599472604746556e-05,1.0,0.00011719207781553967
0.5000000000000001,0.30000000000000004,0.9000000000000001,0.09999999999999987,0.5000000000000001,0.30000000000000004,0.7,0.28,5.8599472604746556e-05,1.0,0.00011719207781553967
0.5000000000000001,0.30000000000000004,0.9000000000000001,0.09999999999999987,0.5000000000000001,0.5000000000000001,0.4999999999999999,0.28,0.0,0.0,0.0
0.5000000000000001,0.30000000000000004,0.9000000000000001,0.09999999999999987,0.5000000000000001,0.7000000000000001,0.29999999999999993,0.28,5.8599472604746556e-05,1.0,0.00011719207781553967
0.5000000000000001,0.30000000000000004,0.9000000000000001,0.09999999999999987,0.5000000000000001,0.9000000000000001,0.09999999999999987,0.28,0.0,0.0,0.0
0.5000000000000001,0.30000000000000004,0.9000000000000001,0.09999999999999987,0.7000000000000001,0.1,0.9,0.28,5.8599472604746556e-05,1.0,0.00011719207781553967
0.5000000000000001,0.30000000000000004,0.9000000000000001,0.09999999999999987,0.7000000000000001,0.30000000000000004,0.7,0.28,5.8599472604746556e-05,1.0,0.00011719207781553967
0.5000000000000001,0.30000000000000004,0.9000000000000001,0.09999999999999987,0.7000000000000001,0.5000000000000001,0.4999999999999999,0.28,0.0,0.0,0.0
0.5000000000000001,0.30000000000000004,0.9000000000000001,0.09999999999999987,0.7000000000000001,0.7000000000000001,0.29999999999999993,0.28,0.0,0.0,0.0
0.5000000000000001,0.30000000000000004,0.9000000000000001,0.09999999999999987,0.7000000000000001,0.9000000000000001,0.09999999999999987,0.28,0.0,0.0,0.0
0.5000000000000001,0.30000000000000004,0.9000000000000001,0.09999999999999987,0.9000000000000001,0.1,0.9,0.28,5.8599472604746556e-05,1.0,0.00011719207781553967
0.5000000000000001,0.30000000000000004,0.9000000000000001,0.09999999999999987,0.9000000000000001,0.30000000000000004,0.7,0.28,0.0,0.0,0.0
0.5000000000000001,0.30000000000000004,0.9000000000000001,0.09999999999999987,0.9000000000000001,0.5000000000000001,0.4999999999999999,0.28,0.0,0.0,0.0
0.5000000000000001,0.30000000000000004,0.9000000000000001,0.09999999999999987,0.9000000000000001,0.7000000000000001,0.29999999999999993,0.28,0.0,0.0,0.0
0.5000000000000001,0.30000000000000004,0.9000000000000001,0.09999999999999987,0.9000000000000001,0.9000000000000001,0.09999999999999987,0.28,0.00017577781683951485,1.0,0.000351493848857645
0.5000000000000001,0.5000000000000001,0.1,0.9,0.1,0.1,0.9,0.28,0.0,0.0,0.0
0.5000000000000001,0.5000000000000001,0.1,0.9,0.1,0.30000000000000004,0.7,0.28,5.8599472604746556e-05,1.0,0.00011719207781553967
0.5000000000000001,0.5000000000000001,0.1,0.9,0.1,0.5000000000000001,0.4999999999999999,0.28,0.0,0.0,0.0
0.5000000000000001,0.5000000000000001,0.1,0.9,0.1,0.7000000000000001,0.29999999999999993,0.28,0.0,0.0,0.0
0.5000000000000001,0.5000000000000001,0.1,0.9,0.1,0.9000000000000001,0.09999999999999987,0.28,0.0,0.0,0.0
0.5000000000000001,0.5000000000000001,0.1,0.9,0.30000000000000004,0.1,0.9,0.28,5.8599472604746556e-05,1.0,0.00011719207781553967
0.5000000000000001,0.5000000000000001,0.1,0.9,0.30000000000000004,0.30000000000000004,0.7,0.28,5.8599472604746556e-05,1.0,0.00011719207781553967
0.5000000000000001,0.5000000000000001,0.1,0.9,0.30000000000000004,0.5000000000000001,0.4999999999999999,0.28,0.0,0.0,0.0
0.5000000000000001,0.5000000000000001,0.1,0.9,0.30000000000000004,0.7000000000000001,0.29999999999999993,0.28,0.0,0.0,0.0
0.5000000000000001,0.5000000000000001,0.1,0.9,0.30000000000000004,0.9000000000000001,0.09999999999999987,0.28,0.0,0.0,0.0
0.5000000000000001,0.5000000000000001,0.1,0.9,0.5000000000000001,0.1,0.9,0.28,0.0,0.0,0.0
0.5000000000000001,0.5000000000000001,0.1,0.9,0.5000000000000001,0.30000000000000004,0.7,0.28,0.0,0.0,0.0
0.5000000000000001,0.5000000000000001,0.1,0.9,0.5000000000000001,0.5000000000000001,0.4999999999999999,0.28,5.8599472604746556e-05,1.0,0.00011719207781553967
0.5000000000000001,0.5000000000000001,0.1,0.9,0.5000000000000001,0.7000000000000001,0.29999999999999993,0.28,0.0,0.0,0.0
0.5000000000000001,0.5000000000000001,0.1,0.9,0.5000000000000001,0.9000000000000001,0.09999999999999987,0.28,5.8599472604746556e-05,1.0,0.00011719207781553967
0.5000000000000001,0.5000000000000001,0.1,0.9,0.7000000000000001,0.1,0.9,0.28,0.0,0.0,0.0
0.5000000000000001,0.5000000000000001,0.1,0.9,0.7000000000000001,0.30000000000000004,0.7,0.28,0.0,0.0,0.0
0.5000000000000001,0.5000000000000001,0.1,0.9,0.7000000000000001,0.5000000000000001,0.4999999999999999,0.28,5.8599472604746556e-05,1.0,0.00011719207781553967
0.5000000000000001,0.5000000000000001,0.1,0.9,0.7000000000000001,0.7000000000000001,0.29999999999999993,0.28,0.0,0.0,0.0
0.5000000000000001,0.5000000000000001,0.1,0.9,0.7000000000000001,0.9000000000000001,0.09999999999999987,0.28,0.0,0.0,0.0
0.5000000000000001,0.5000000000000001,0.1,0.9,0.9000000000000001,0.1,0.9,0.28,0.00011719207781553967,1.0,0.00023435669088352472
0.5000000000000001,0.5000000000000001,0.1,0.9,0.9000000000000001,0.30000000000000004,0.7,0.28,0.0,0.0,0.0
0.5000000000000001,0.5000000000000001,0.1,0.9,0.9000000000000001,0.5000000000000001,0.4999999999999999,0.28,5.8599472604746556e-05,1.0,0.00011719207781553967
0.5000000000000001,0.5000000000000001,0.1,0.9,0.9000000000000001,0.7000000000000001,0.29999999999999993,0.28,0.0,0.0,0.0
0.5000000000000001,0.5000000000000001,0.1,0.9,0.9000000000000001,0.9000000000000001,0.09999999999999987,0.28,5.8599472604746556e-05,1.0,0.00011719207781553967
0.5000000000000001,0.5000000000000001,0.30000000000000004,0.7,0.1,0.1,0.9,0.28,0.0,0.0,0.0
0.5000000000000001,0.5000000000000001,0.30000000000000004,0.7,0.1,0.30000000000000004,0.7,0.28,0.0,0.0,0.0
0.5000000000000001,0.5000000000000001,0.30000000000000004,0.7,0.1,0.5000000000000001,0.4999999999999999,0.28,0.0,0.0,0.0
0.5000000000000001,0.5000000000000001,0.30000000000000004,0.7,0.1,0.7000000000000001,0.29999999999999993,0.28,0.0,0.0,0.0
0.5000000000000001,0.5000000000000001,0.30000000000000004,0.7,0.1,0.9000000000000001,0.09999999999999987,0.28,5.8599472604746556e-05,1.0,0.00011719207781553967
0.5000000000000001,0.5000000000000001,0.30000000000000004,0.7,0.30000000000000004,0.1,0.9,0.28,0.0,0.0,0.0
0.5000000000000001,0.5000000000000001,0.30000000000000004,0.7,0.30000000000000004,0.30000000000000004,0.7,0.28,5.8599472604746556e-05,1.0,0.00011719207781553967
0.5000000000000001,0.5000000000000001,0.30000000000000004,0.7,0.30000000000000004,0.5000000000000001,0.4999999999999999,0.28,0.0,0.0,0.0
0.5000000000000001,0.5000000000000001,0.30000000000000004,0.7,0.30000000000000004,0.7000000000000001,0.29999999999999993,0.28,0.0,0.0,0.0
0.5000000000000001,0.5000000000000001,0.30000000000000004,0.7,0.30000000000000004,0.9000000000000001,0.09999999999999987,0.28,0.0,0.0,0.0
0.5000000000000001,0.5000000000000001,0.30000000000000004,0.7,0.5000000000000001,0.1,0.9,0.28,5.8599472604746556e-05,1.0,0.00011719207781553967
0.5000000000000001,0.5000000000000001,0.30000000000000004,0.7,0.5000000000000001,0.30000000000000004,0.7,0.28,5.8599472604746556e-05,1.0,0.00011719207781553967
0.5000000000000001,0.5000000000000001,0.30000000000000004,0.7,0.5000000000000001,0.5000000000000001,0.4999999999999999,0.28,0.0,0.0,0.0
0.5000000000000001,0.5000000000000001,0.30000000000000004,0.7,0.5000000000000001,0.7000000000000001,0.29999999999999993,0.28,0.0,0.0,0.0
0.5000000000000001,0.5000000000000001,0.30000000000000004,0.7,0.5000000000000001,0.9000000000000001,0.09999999999999987,0.28,0.0,0.0,0.0
0.5000000000000001,0.5000000000000001,0.30000000000000004,0.7,0.7000000000000001,0.1,0.9,0.28,0.0,0.0,0.0
0.5000000000000001,0.5000000000000001,0.30000000000000004,0.7,0.7000000000000001,0.30000000000000004,0.7,0.28,0.0,0.0,0.0
0.5000000000000001,0.5000000000000001,0.30000000000000004,0.7,0.7000000000000001,0.5000000000000001,0.4999999999999999,0.28,0.0,0.0,0.0
0.5000000000000001,0.5000000000000001,0.30000000000000004,0.7,0.7000000000000001,0.7000000000000001,0.29999999999999993,0.28,0.0,0.0,0.0
0.5000000000000001,0.5000000000000001,0.30000000000000004,0.7,0.7000000000000001,0.9000000000000001,0.09999999999999987,0.28,0.0,0.0,0.0
0.5000000000000001,0.5000000000000001,0.30000000000000004,0.7,0.9000000000000001,0.1,0.9,0.28,5.8599472604746556e-05,1.0,0.00011719207781553967
0.5000000000000001,0.5000000000000001,0.30000000000000004,0.7,0.9000000000000001,0.30000000000000004,0.7,0.28,5.8599472604746556e-05,1.0,0.00011719207781553967
0.5000000000000001,0.5000000000000001,0.30000000000000004,0.7,0.9000000000000001,0.5000000000000001,0.4999999999999999,0.28,5.8599472604746556e-05,1.0,0.00011719207781553967
0.5000000000000001,0.5000000000000001,0.30000000000000004,0.7,0.9000000000000001,0.7000000000000001,0.29999999999999993,0.28,0.00011719207781553967,1.0,0.00023435669088352472
0.5000000000000001,0.5000000000000001,0.30000000000000004,0.7,0.9000000000000001,0.9000000000000001,0.09999999999999987,0.28,0.0,0.0,0.0
0.5000000000000001,0.5000000000000001,0.5000000000000001,0.4999999999999999,0.1,0.1,0.9,0.28,0.0,0.0,0.0
0.5000000000000001,0.5000000000000001,0.5000000000000001,0.4999999999999999,0.1,0.30000000000000004,0.7,0.28,5.8599472604746556e-05,1.0,0.00011719207781553967
0.5000000000000001,0.5000000000000001,0.5000000000000001,0.4999999999999999,0.1,0.5000000000000001,0.4999999999999999,0.28,0.0,0.0,0.0
0.5000000000000001,0.5000000000000001,0.5000000000000001,0.4999999999999999,0.1,0.7000000000000001,0.29999999999999993,0.28,0.0,0.0,0.0
0.5000000000000001,0.5000000000000001,0.5000000000000001,0.4999999999999999,0.1,0.9000000000000001,0.09999999999999987,0.28,0.0,0.0,0.0
0.5000000000000001,0.5000000000000001,0.5000000000000001,0.4999999999999999,0.30000000000000004,0.1,0.9,0.28,0.0,0.0,0.0
0.5000000000000001,0.5000000000000001,0.5000000000000001,0.4999999999999999,0.30000000000000004,0.30000000000000004,0.7,0.28,0.0,0.0,0.0
0.5000000000000001,0.5000000000000001,0.5000000000000001,0.4999999999999999,0.30000000000000004,0.5000000000000001,0.4999999999999999,0.28,0.0,0.0,0.0
0.5000000000000001,0.5000000000000001,0.5000000000000001,0.4999999999999999,0.30000000000000004,0.7000000000000001,0.29999999999999993,0.28,0.0,0.0,0.0
0.5000000000000001,0.5000000000000001,0.5000000000000001,0.4999999999999999,0.30000000000000004,0.9000000000000001,0.09999999999999987,0.28,0.0,0.0,0.0
0.5000000000000001,0.5000000000000001,0.5000000000000001,0.4999999999999999,0.5000000000000001,0.1,0.9,0.28,5.8599472604746556e-05,1.0,0.00011719207781553967
0.5000000000000001,0.5000000000000001,0.5000000000000001,0.4999999999999999,0.5000000000000001,0.30000000000000004,0.7,0.28,0.0,0.0,0.0
0.5000000000000001,0.5000000000000001,0.5000000000000001,0.4999999999999999,0.5000000000000001,0.5000000000000001,0.4999999999999999,0.28,0.0,0.0,0.0
0.5000000000000001,0.5000000000000001,0.5000000000000001,0.4999999999999999,0.5000000000000001,0.7000000000000001,0.29999999999999993,0.28,0.0,0.0,0.0
0.5000000000000001,0.5000000000000001,0.5000000000000001,0.4999999999999999,0.5000000000000001,0.9000000000000001,0.09999999999999987,0.28,5.8599472604746556e-05,1.0,0.00011719207781553967
0.5000000000000001,0.5000000000000001,0.5000000000000001,0.4999999999999999,0.7000000000000001,0.1,0.9,0.28,0.0,0.0,0.0
0.5000000000000001,0.5000000000000001,0.5000000000000001,0.4999999999999999,0.7000000000000001,0.30000000000000004,0.7,0.28,5.8599472604746556e-05,1.0,0.00011719207781553967
0.5000000000000001,0.5000000000000001,0.5000000000000001,0.4999999999999999,0.7000000000000001,0.5000000000000001,0.4999999999999999,0.28,5.8599472604746556e-05,1.0,0.00011719207781553967
0.5000000000000001,0.5000000000000001,0.5000000000000001,0.4999999999999999,0.7000000000000001,0.7000000000000001,0.29999999999999993,0.28,0.0,0.0,0.0
0.5000000000000001,0.5000000000000001,0.5000000000000001,0.4999999999999999,0.7000000000000001,0.9000000000000001,0.09999999999999987,0.28,0.00011719207781553967,1.0,0.00023435669088352472
0.5000000000000001,0.5000000000000001,0.5000000000000001,0.4999999999999999,0.9000000000000001,0.1,0.9,0.28,0.0,0.0,0.0
0.5000000000000001,0.5000000000000001,0.5000000000000001,0.4999999999999999,0.9000000000000001,0.30000000000000004,0.7,0.28,0.0,0.0,0.0
0.5000000000000001,0.5000000000000001,0.5000000000000001,0.4999999999999999,0.9000000000000001,0.5000000000000001,0.4999999999999999,0.28,0.0,0.0,0.0
0.5000000000000001,0.5000000000000001,0.5000000000000001,0.4999999999999999,0.9000000000000001,0.7000000000000001,0.29999999999999993,0.28,0.0,0.0,0.0
0.5000000000000001,0.5000000000000001,0.5000000000000001,0.4999999999999999,0.9000000000000001,0.9000000000000001,0.09999999999999987,0.28,5.8599472604746556e-05,1.0,0.00011719207781553967
0.5000000000000001,0.5000000000000001,0.7000000000000001,0.29999999999999993,0.1,0.1,0.9,0.28,0.0,0.0,0.0
0.5000000000000001,0.5000000000000001,0.7000000000000001,0.29999999999999993,0.1,0.30000000000000004,0.7,0.28,0.0,0.0,0.0
0.5000000000000001,0.5000000000000001,0.7000000000000001,0.29999999999999993,0.1,0.5000000000000001,0.4999999999999999,0.28,5.8599472604746556e-05,1.0,0.00011719207781553967
0.5000000000000001,0.5000000000000001,0.7000000000000001,0.29999999999999993,0.1,0.7000000000000001,0.29999999999999993,0.28,0.0,0.0,0.0
0.5000000000000001,0.5000000000000001,0.7000000000000001,0.29999999999999993,0.1,0.9000000000000001,0.09999999999999987,0.28,5.8599472604746556e-05,1.0,0.00011719207781553967
0.5000000000000001,0.5000000000000001,0.7000000000000001,0.29999999999999993,0.30000000000000004,0.1,0.9,0.28,0.0,0.0,0.0
0.5000000000000001,0.5000000000000001,0.7000000000000001,0.29999999999999993,0.30000000000000004,0.30000000000000004,0.7,0.28,0.00011719207781553967,1.0,0.00023435669088352472
0.5000000000000001,0.5000000000000001,0.7000000000000001,0.29999999999999993,0.30000000000000004,0.5000000000000001,0.4999999999999999,0.28,0.00017577781683951485,1.0,0.000351493848857645
0.5000000000000001,0.5000000000000001,0.7000000000000001,0.29999999999999993,0.30000000000000004,0.7000000000000001,0.29999999999999993,0.28,0.0,0.0,0.0
0.5000000000000001,0.5000000000000001,0.7000000000000001,0.29999999999999993,0.30000000000000004,0.9000000000000001,0.09999999999999987,0.28,0.0,0.0,0.0
0.5000000000000001,0.5000000000000001,0.7000000000000001,0.29999999999999993,0.5000000000000001,0.1,0.9,0.28,5.8599472604746556e-05,1.0,0.00011719207781553967
0.5000000000000001,0.5000000000000001,0.7000000000000001,0.29999999999999993,0.5000000000000001,0.30000000000000004,0.7,0.28,5.8599472604746556e-05,1.0,0.00011719207781553967
0.5000000000000001,0.5000000000000001,0.7000000000000001,0.29999999999999993,0.5000000000000001,0.5000000000000001,0.4999999999999999,0.28,0.00011719207781553967,1.0,0.00023435669088352472
0.5000000000000001,0.5000000000000001,0.7000000000000001,0.29999999999999993,0.5000000000000001,0.7000000000000001,0.29999999999999993,0.28,0.0,0.0,0.0
0.5000000000000001,0.5000000000000001,0.7000000000000001,0.29999999999999993,0.5000000000000001,0.9000000000000001,0.09999999999999987,0.28,0.0,0.0,0.0
0.5000000000000001,0.5000000000000001,0.7000000000000001,0.29999999999999993,0.7000000000000001,0.1,0.9,0.28,5.8599472604746556e-05,1.0,0.00011719207781553967
0.5000000000000001,0.5000000000000001,0.7000000000000001,0.29999999999999993,0.7000000000000001,0.30000000000000004,0.7,0.28,0.0,0.0,0.0
0.5000000000000001,0.5000000000000001,0.7000000000000001,0.29999999999999993,0.7000000000000001,0.5000000000000001,0.4999999999999999,0.28,0.0,0.0,0.0
0.5000000000000001,0.5000000000000001,0.7000000000000001,0.29999999999999993,0.7000000000000001,0.7000000000000001,0.29999999999999993,0.28,0.00017577781683951485,1.0,0.000351493848857645
0.5000000000000001,0.5000000000000001,0.7000000000000001,0.29999999999999993,0.7000000000000001,0.9000000000000001,0.09999999999999987,0.28,0.0,0.0,0.0
0.5000000000000001,0.5000000000000001,0.7000000000000001,0.29999999999999993,0.9000000000000001,0.1,0.9,0.28,0.0,0.0,0.0
0.5000000000000001,0.5000000000000001,0.7000000000000001,0.29999999999999993,0.9000000000000001,0.30000000000000004,0.7,0.28,0.00011719207781553967,1.0,0.00023435669088352472
0.5000000000000001,0.5000000000000001,0.7000000000000001,0.29999999999999993,0.9000000000000001,0.5000000000000001,0.4999999999999999,0.28,5.8599472604746556e-05,1.0,0.00011719207781553967
0.5000000000000001,0.5000000000000001,0.7000000000000001,0.29999999999999993,0.9000000000000001,0.7000000000000001,0.29999999999999993,0.28,0.0,0.0,0.0
0.5000000000000001,0.5000000000000001,0.7000000000000001,0.29999999999999993,0.9000000000000001,0.9000000000000001,0.09999999999999987,0.28,0.0,0.0,0.0
0.5000000000000001,0.5000000000000001,0.9000000000000001,0.09999999999999987,0.1,0.1,0.9,0.28,0.0,0.0,0.0
0.5000000000000001,0.5000000000000001,0.9000000000000001,0.09999999999999987,0.1,0.30000000000000004,0.7,0.28,0.00011719207781553967,1.0,0.00023435669088352472
0.5000000000000001,0.5000000000000001,0.9000000000000001,0.09999999999999987,0.1,0.5000000000000001,0.4999999999999999,0.28,0.0,0.0,0.0
0.5000000000000001,0.5000000000000001,0.9000000000000001,0.09999999999999987,0.1,0.7000000000000001,0.29999999999999993,0.28,0.0,0.0,0.0
0.5000000000000001,0.5000000000000001,0.9000000000000001,0.09999999999999987,0.1,0.9000000000000001,0.09999999999999987,0.28,0.0,0.0,0.0
0.5000000000000001,0.5000000000000001,0.9000000000000001,0.09999999999999987,0.30000000000000004,0.1,0.9,0.28,5.8599472604746556e-05,1.0,0.00011719207781553967
0.5000000000000001,0.5000000000000001,0.9000000000000001,0.09999999999999987,0.30000000000000004,0.30000000000000004,0.7,0.28,0.0,0.0,0.0
0.5000000000000001,0.5000000000000001,0.9000000000000001,0.09999999999999987,0.30000000000000004,0.5000000000000001,0.4999999999999999,0.28,0.0,0.0,0.0
0.5000000000000001,0.5000000000000001,0.9000000000000001,0.09999999999999987,0.30000000000000004,0.7000000000000001,0.29999999999999993,0.28,0.0,0.0,0.0
0.5000000000000001,0.5000000000000001,0.9000000000000001,0.09999999999999987,0.30000000000000004,0.9000000000000001,0.09999999999999987,0.28,0.0,0.0,0.0
0.5000000000000001,0.5000000000000001,0.9000000000000001,0.09999999999999987,0.5000000000000001,0.1,0.9,0.28,0.0,0.0,0.0
0.5000000000000001,0.5000000000000001,0.9000000000000001,0.09999999999999987,0.5000000000000001,0.30000000000000004,0.7,0.28,0.0,0.0,0.0
0.5000000000000001,0.5000000000000001,0.9000000000000001,0.09999999999999987,0.5000000000000001,0.5000000000000001,0.4999999999999999,0.28,0.0,0.0,0.0
0.5000000000000001,0.5000000000000001,0.9000000000000001,0.09999999999999987,0.5000000000000001,0.7000000000000001,0.29999999999999993,0.28,0.0,0.0,0.0
0.5000000000000001,0.5000000000000001,0.9000000000000001,0.09999999999999987,0.5000000000000001,0.9000000000000001,0.09999999999999987,0.28,5.8599472604746556e-05,1.0,0.00011719207781553967
0.5000000000000001,0.5000000000000001,0.9000000000000001,0.09999999999999987,0.7000000000000001,0.1,0.9,0.28,0.0,0.0,0.0
0.5000000000000001,0.5000000000000001,0.9000000000000001,0.09999999999999987,0.7000000000000001,0.30000000000000004,0.7,0.28,0.0,0.0,0.0
0.5000000000000001,0.5000000000000001,0.9000000000000001,0.09999999999999987,0.7000000000000001,0.5000000000000001,0.4999999999999999,0.28,5.8599472604746556e-05,1.0,0.00011719207781553967
0.5000000000000001,0.5000000000000001,0.9000000000000001,0.09999999999999987,0.7000000000000001,0.7000000000000001,0.29999999999999993,0.28,0.0,0.0,0.0
0.5000000000000001,0.5000000000000001,0.9000000000000001,0.09999999999999987,0.7000000000000001,0.9000000000000001,0.09999999999999987,0.28,5.8599472604746556e-05,1.0,0.00011719207781553967
0.5000000000000001,0.5000000000000001,0.9000000000000001,0.09999999999999987,0.9000000000000001,0.1,0.9,0.28,0.0,0.0,0.0
0.5000000000000001,0.5000000000000001,0.9000000000000001,0.09999999999999987,0.9000000000000001,0.30000000000000004,0.7,0.28,0.0,0.0,0.0
0.5000000000000001,0.5000000000000001,0.9000000000000001,0.09999999999999987,0.9000000000000001,0.5000000000000001,0.4999999999999999,0.28,0.0,0.0,0.0
0.5000000000000001,0.5000000000000001,0.9000000000000001,0.09999999999999987,0.9000000000000001,0.7000000000000001,0.29999999999999993,0.28,0.0,0.0,0.0
0.5000000000000001,0.5000000000000001,0.9000000000000001,0.09999999999999987,0.9000000000000001,0.9000000000000001,0.09999999999999987,0.28,0.0,0.0,0.0
0.5000000000000001,0.7000000000000001,0.1,0.9,0.1,0.1,0.9,0.28,0.0,0.0,0.0
0.5000000000000001,0.7000000000000001,0.1,0.9,0.1,0.30000000000000004,0.7,0.28,0.0,0.0,0.0
0.5000000000000001,0.7000000000000001,0.1,0.9,0.1,0.5000000000000001,0.4999999999999999,0.28,0.0,0.0,0.0
0.5000000000000001,0.7000000000000001,0.1,0.9,0.1,0.7000000000000001,0.29999999999999993,0.28,0.0,0.0,0.0
0.5000000000000001,0.7000000000000001,0.1,0.9,0.1,0.9000000000000001,0.09999999999999987,0.28,0.0,0.0,0.0
0.5000000000000001,0.7000000000000001,0.1,0.9,0.30000000000000004,0.1,0.9,0.28,0.0,0.0,0.0
0.5000000000000001,0.7000000000000001,0.1,0.9,0.30000000000000004,0.30000000000000004,0.7,0.28,5.8599472604746556e-05,1.0,0.00011719207781553967
0.5000000000000001,0.7000000000000001,0.1,0.9,0.30000000000000004,0.5000000000000001,0.4999999999999999,0.28,0.0,0.0,0.0
0.5000000000000001,0.7000000000000001,0.1,0.9,0.30000000000000004,0.7000000000000001,0.29999999999999993,0.28,0.0,0.0,0.0
0.5000000000000001,0.7000000000000001,0.1,0.9,0.30000000000000004,0.9000000000000001,0.09999999999999987,0.28,0.0,0.0,0.0
0.5000000000000001,0.7000000000000001,0.1,0.9,0.5000000000000001,0.1,0.9,0.28,0.0,0.0,0.0
0.5000000000000001,0.7000000000000001,0.1,0.9,0.5000000000000001,0.30000000000000004,0.7,0.28,0.0,0.0,0.0
0.5000000000000001,0.7000000000000001,0.1,0.9,0.5000000000000001,0.5000000000000001,0.4999999999999999,0.28,0.0,0.0,0.0
0.5000000000000001,0.7000000000000001,0.1,0.9,0.5000000000000001,0.7000000000000001,0.29999999999999993,0.28,0.0,0.0,0.0
0.5000000000000001,0.7000000000000001,0.1,0.9,0.5000000000000001,0.9000000000000001,0.09999999999999987,0.28,0.00017577781683951485,1.0,0.000351493848857645
0.5000000000000001,0.7000000000000001,0.1,0.9,0.7000000000000001,0.1,0.9,0.28,0.00017577781683951485,1.0,0.000351493848857645
0.5000000000000001,0.7000000000000001,0.1,0.9,0.7000000000000001,0.30000000000000004,0.7,0.28,0.00011719207781553967,1.0,0.00023435669088352472
0.5000000000000001,0.7000000000000001,0.1,0.9,0.7000000000000001,0.5000000000000001,0.4999999999999999,0.28,5.8599472604746556e-05,1.0,0.00011719207781553967
0.5000000000000001,0.7000000000000001,0.1,0.9,0.7000000000000001,0.7000000000000001,0.29999999999999993,0.28,0.00017577781683951485,1.0,0.000351493848857645
0.5000000000000001,0.7000000000000001,0.1,0.9,0.7000000000000001,0.9000000000000001,0.09999999999999987,0.28,0.0,0.0,0.0
0.5000000000000001,0.7000000000000001,0.1,0.9,0.9000000000000001,0.1,0.9,0.28,5.8599472604746556e-05,1.0,0.00011719207781553967
0.5000000000000001,0.7000000000000001,0.1,0.9,0.9000000000000001,0.30000000000000004,0.7,0.28,0.0,0.0,0.0
0.5000000000000001,0.7000000000000001,0.1,0.9,0.9000000000000001,0.5000000000000001,0.4999999999999999,0.28,0.0,0.0,0.0
0.5000000000000001,0.7000000000000001,0.1,0.9,0.9000000000000001,0.7000000000000001,0.29999999999999993,0.28,0.0,0.0,0.0
0.5000000000000001,0.7000000000000001,0.1,0.9,0.9000000000000001,0.9000000000000001,0.09999999999999987,0.28,0.0,0.0,0.0
0.5000000000000001,0.7000000000000001,0.30000000000000004,0.7,0.1,0.1,0.9,0.28,0.0,0.0,0.0
0.5000000000000001,0.7000000000000001,0.30000000000000004,0.7,0.1,0.30000000000000004,0.7,0.28,5.8599472604746556e-05,1.0,0.00011719207781553967
0.5000000000000001,0.7000000000000001,0.30000000000000004,0.7,0.1,0.5000000000000001,0.4999999999999999,0.28,0.0,0.0,0.0
0.5000000000000001,0.7000000000000001,0.30000000000000004,0.7,0.1,0.7000000000000001,0.29999999999999993,0.28,0.0,0.0,0.0
0.5000000000000001,0.7000000000000001,0.30000000000000004,0.7,0.1,0.9000000000000001,0.09999999999999987,0.28,0.0,0.0,0.0
0.5000000000000001,0.7000000000000001,0.30000000000000004,0.7,0.30000000000000004,0.1,0.9,0.28,0.0,0.0,0.0
0.5000000000000001,0.7000000000000001,0.30000000000000004,0.7,0.30000000000000004,0.30000000000000004,0.7,0.28,0.0,0.0,0.0
0.5000000000000001,0.7000000000000001,0.30000000000000004,0.7,0.30000000000000004,0.5000000000000001,0.4999999999999999,0.28,5.8599472604746556e-05,1.0,0.00011719207781553967
0.5000000000000001,0.7000000000000001,0.30000000000000004,0.7,0.30000000000000004,0.7000000000000001,0.29999999999999993,0.28,5.8599472604746556e-05,1.0,0.00011719207781553967
0.5000000000000001,0.7000000000000001,0.30000000000000004,0.7,0.30000000000000004,0.9000000000000001,0.09999999999999987,0.28,5.8599472604746556e-05,1.0,0.00011719207781553967
0.5000000000000001,0.7000000000000001,0.30000000000000004,0.7,0.5000000000000001,0.1,0.9,0.28,5.8599472604746556e-05,1.0,0.00011719207781553967
0.5000000000000001,0.7000000000000001,0.30000000000000004,0.7,0.5000000000000001,0.30000000000000004,0.7,0.28,0.0,0.0,0.0
0.5000000000000001,0.7000000000000001,0.30000000000000004,0.7,0.5000000000000001,0.5000000000000001,0.4999999999999999,0.28,0.0,0.0,0.0
0.5000000000000001,0.7000000000000001,0.30000000000000004,0.7,0.5000000000000001,0.7000000000000001,0.29999999999999993,0.28,0.0,0.0,0.0
0.5000000000000001,0.7000000000000001,0.30000000000000004,0.7,0.5000000000000001,0.9000000000000001,0.09999999999999987,0.28,0.00011719207781553967,1.0,0.00023435669088352472
0.5000000000000001,0.7000000000000001,0.30000000000000004,0.7,0.7000000000000001,0.1,0.9,0.28,0.0,0.0,0.0
0.5000000000000001,0.7000000000000001,0.30000000000000004,0.7,0.7000000000000001,0.30000000000000004,0.7,0.28,0.0,0.0,0.0
0.5000000000000001,0.7000000000000001,0.30000000000000004,0.7,0.7000000000000001,0.5000000000000001,0.4999999999999999,0.28,5.8599472604746556e-05,1.0,0.00011719207781553967
0.5000000000000001,0.7000000000000001,0.30000000000000004,0.7,0.7000000000000001,0.7000000000000001,0.29999999999999993,0.28,0.0,0.0,0.0
0.5000000000000001,0.7000000000000001,0.30000000000000004,0.7,0.7000000000000001,0.9000000000000001,0.09999999999999987,0.28,0.0,0.0,0.0
0.5000000000000001,0.7000000000000001,0.30000000000000004,0.7,0.9000000000000001,0.1,0.9,0.28,0.0,0.0,0.0
0.5000000000000001,0.7000000000000001,0.30000000000000004,0.7,0.9000000000000001,0.30000000000000004,0.7,0.28,0.0,0.0,0.0
0.5000000000000001,0.7000000000000001,0.30000000000000004,0.7,0.9000000000000001,0.5000000000000001,0.4999999999999999,0.28,0.0,0.0,0.0
0.5000000000000001,0.7000000000000001,0.30000000000000004,0.7,0.9000000000000001,0.7000000000000001,0.29999999999999993,0.28,0.0,0.0,0.0
0.5000000000000001,0.7000000000000001,0.30000000000000004,0.7,0.9000000000000001,0.9000000000000001,0.09999999999999987,0.28,0.0,0.0,0.0
0.5000000000000001,0.7000000000000001,0.5000000000000001,0.4999999999999999,0.1,0.1,0.9,0.28,0.0,0.0,0.0
0.5000000000000001,0.7000000000000001,0.5000000000000001,0.4999999999999999,0.1,0.30000000000000004,0.7,0.28,0.0,0.0,0.0
0.5000000000000001,0.7000000000000001,0.5000000000000001,0.4999999999999999,0.1,0.5000000000000001,0.4999999999999999,0.28,0.0,0.0,0.0
0.5000000000000001,0.7000000000000001,0.5000000000000001,0.4999999999999999,0.1,0.7000000000000001,0.29999999999999993,0.28,0.0,0.0,0.0
0.5000000000000001,0.7000000000000001,0.5000000000000001,0.4999999999999999,0.1,0.9000000000000001,0.09999999999999987,0.28,5.8599472604746556e-05,1.0,0.00011719207781553967
0.5000000000000001,0.7000000000000001,0.5000000000000001,0.4999999999999999,0.30000000000000004,0.1,0.9,0.28,0.0,0.0,0.0
0.5000000000000001,0.7000000000000001,0.5000000000000001,0.4999999999999999,0.30000000000000004,0.30000000000000004,0.7,0.28,0.0,0.0,0.0
0.5000000000000001,0.7000000000000001,0.5000000000000001,0.4999999999999999,0.30000000000000004,0.5000000000000001,0.4999999999999999,0.28,0.0,0.0,0.0
0.5000000000000001,0.7000000000000001,0.5000000000000001,0.4999999999999999,0.30000000000000004,0.7000000000000001,0.29999999999999993,0.28,5.8599472604746556e-05,1.0,0.00011719207781553967
0.5000000000000001,0.7000000000000001,0.5000000000000001,0.4999999999999999,0.30000000000000004,0.9000000000000001,0.09999999999999987,0.28,5.8599472604746556e-05,1.0,0.00011719207781553967
0.5000000000000001,0.7000000000000001,0.5000000000000001,0.4999999999999999,0.5000000000000001,0.1,0.9,0.28,0.0,0.0,0.0
0.5000000000000001,0.7000000000000001,0.5000000000000001,0.4999999999999999,0.5000000000000001,0.30000000000000004,0.7,0.28,5.8599472604746556e-05,1.0,0.00011719207781553967
0.5000000000000001,0.7000000000000001,0.5000000000000001,0.4999999999999999,0.5000000000000001,0.5000000000000001,0.4999999999999999,0.28,0.0,0.0,0.0
0.5000000000000001,0.7000000000000001,0.5000000000000001,0.4999999999999999,0.5000000000000001,0.7000000000000001,0.29999999999999993,0.28,0.0,0.0,0.0
0.5000000000000001,0.7000000000000001,0.5000000000000001,0.4999999999999999,0.5000000000000001,0.9000000000000001,0.09999999999999987,0.28,5.8599472604746556e-05,1.0,0.00011719207781553967
0.5000000000000001,0.7000000000000001,0.5000000000000001,0.4999999999999999,0.7000000000000001,0.1,0.9,0.28,0.0,0.0,0.0
0.5000000000000001,0.7000000000000001,0.5000000000000001,0.4999999999999999,0.7000000000000001,0.30000000000000004,0.7,0.28,0.0,0.0,0.0
0.5000000000000001,0.7000000000000001,0.5000000000000001,0.4999999999999999,0.7000000000000001,0.5000000000000001,0.4999999999999999,0.28,0.0,0.0,0.0
0.5000000000000001,0.7000000000000001,0.5000000000000001,0.4999999999999999,0.7000000000000001,0.7000000000000001,0.29999999999999993,0.28,0.0,0.0,0.0
0.5000000000000001,0.7000000000000001,0.5000000000000001,0.4999999999999999,0.7000000000000001,0.9000000000000001,0.09999999999999987,0.28,0.00011719207781553967,1.0,0.00023435669088352472
0.5000000000000001,0.7000000000000001,0.5000000000000001,0.4999999999999999,0.9000000000000001,0.1,0.9,0.28,0.0,0.0,0.0
0.5000000000000001,0.7000000000000001,0.5000000000000001,0.4999999999999999,0.9000000000000001,0.30000000000000004,0.7,0.28,0.0,0.0,0.0
0.5000000000000001,0.7000000000000001,0.5000000000000001,0.4999999999999999,0.9000000000000001,0.5000000000000001,0.4999999999999999,0.28,5.8599472604746556e-05,1.0,0.00011719207781553967
0.5000000000000001,0.7000000000000001,0.5000000000000001,0.4999999999999999,0.9000000000000001,0.7000000000000001,0.29999999999999993,0.28,0.0,0.0,0.0
0.5000000000000001,0.7000000000000001,0.5000000000000001,0.4999999999999999,0.9000000000000001,0.9000000000000001,0.09999999999999987,0.28,0.0,0.0,0.0
0.5000000000000001,0.7000000000000001,0.7000000000000001,0.29999999999999993,0.1,0.1,0.9,0.28,0.0,0.0,0.0
0.5000000000000001,0.7000000000000001,0.7000000000000001,0.29999999999999993,0.1,0.30000000000000004,0.7,0.28,0.0,0.0,0.0
0.5000000000000001,0.7000000000000001,0.7000000000000001,0.29999999999999993,0.1,0.5000000000000001,0.4999999999999999,0.28,0.0,0.0,0.0
0.5000000000000001,0.7000000000000001,0.7000000000000001,0.29999999999999993,0.1,0.7000000000000001,0.29999999999999993,0.28,5.8599472604746556e-05,1.0,0.00011719207781553967
0.5000000000000001,0.7000000000000001,0.7000000000000001,0.29999999999999993,0.1,0.9000000000000001,0.09999999999999987,0.28,0.0,0.0,0.0
0.5000000000000001,0.7000000000000001,0.7000000000000001,0.29999999999999993,0.30000000000000004,0.1,0.9,0.28,5.8599472604746556e-05,1.0,0.00011719207781553967
0.5000000000000001,0.7000000000000001,0.7000000000000001,0.29999999999999993,0.30000000000000004,0.30000000000000004,0.7,0.28,5.8599472604746556e-05,1.0,0.00011719207781553967
0.5000000000000001,0.7000000000000001,0.7000000000000001,0.29999999999999993,0.30000000000000004,0.5000000000000001,0.4999999999999999,0.28,0.0,0.0,0.0
0.5000000000000001,0.7000000000000001,0.7000000000000001,0.29999999999999993,0.30000000000000004,0.7000000000000001,0.29999999999999993,0.28,0.00017577781683951485,1.0,0.000351493848857645
0.5000000000000001,0.7000000000000001,0.7000000000000001,0.29999999999999993,0.30000000000000004,0.9000000000000001,0.09999999999999987,0.28,0.0,0.0,0.0
0.5000000000000001,0.7000000000000001,0.7000000000000001,0.29999999999999993,0.5000000000000001,0.1,0.9,0.28,5.8599472604746556e-05,1.0,0.00011719207781553967
0.5000000000000001,0.7000000000000001,0.7000000000000001,0.29999999999999993,0.5000000000000001,0.30000000000000004,0.7,0.28,5.8599472604746556e-05,1.0,0.00011719207781553967
0.5000000000000001,0.7000000000000001,0.7000000000000001,0.29999999999999993,0.5000000000000001,0.5000000000000001,0.4999999999999999,0.28,0.0,0.0,0.0
0.5000000000000001,0.7000000000000001,0.7000000000000001,0.29999999999999993,0.5000000000000001,0.7000000000000001,0.29999999999999993,0.28,5.8599472604746556e-05,1.0,0.00011719207781553967
0.5000000000000001,0.7000000000000001,0.7000000000000001,0.29999999999999993,0.5000000000000001,0.9000000000000001,0.09999999999999987,0.28,5.8599472604746556e-05,1.0,0.00011719207781553967
0.5000000000000001,0.7000000000000001,0.7000000000000001,0.29999999999999993,0.7000000000000001,0.1,0.9,0.28,0.0,0.0,0.0
0.5000000000000001,0.7000000000000001,0.7000000000000001,0.29999999999999993,0.7000000000000001,0.30000000000000004,0.7,0.28,0.0,0.0,0.0
0.5000000000000001,0.7000000000000001,0.7000000000000001,0.29999999999999993,0.7000000000000001,0.5000000000000001,0.4999999999999999,0.28,0.0,0.0,0.0
0.5000000000000001,0.7000000000000001,0.7000000000000001,0.29999999999999993,0.7000000000000001,0.7000000000000001,0.29999999999999993,0.28,5.8599472604746556e-05,1.0,0.00011719207781553967
0.5000000000000001,0.7000000000000001,0.7000000000000001,0.29999999999999993,0.7000000000000001,0.9000000000000001,0.09999999999999987,0.28,0.0,0.0,0.0
0.5000000000000001,0.7000000000000001,0.7000000000000001,0.29999999999999993,0.9000000000000001,0.1,0.9,0.28,5.8599472604746556e-05,1.0,0.00011719207781553967
0.5000000000000001,0.7000000000000001,0.7000000000000001,0.29999999999999993,0.9000000000000001,0.30000000000000004,0.7,0.28,0.0,0.0,0.0
0.5000000000000001,0.7000000000000001,0.7000000000000001,0.29999999999999993,0.9000000000000001,0.5000000000000001,0.4999999999999999,0.28,5.8599472604746556e-05,1.0,0.00011719207781553967
0.5000000000000001,0.7000000000000001,0.7000000000000001,0.29999999999999993,0.9000000000000001,0.7000000000000001,0.29999999999999993,0.28,0.0,0.0,0.0
0.5000000000000001,0.7000000000000001,0.7000000000000001,0.29999999999999993,0.9000000000000001,0.9000000000000001,0.09999999999999987,0.28,0.0,0.0,0.0
0.5000000000000001,0.7000000000000001,0.9000000000000001,0.09999999999999987,0.1,0.1,0.9,0.28,0.0,0.0,0.0
0.5000000000000001,0.7000000000000001,0.9000000000000001,0.09999999999999987,0.1,0.30000000000000004,0.7,0.28,0.0,0.0,0.0
0.5000000000000001,0.7000000000000001,0.9000000000000001,0.09999999999999987,0.1,0.5000000000000001,0.4999999999999999,0.28,5.8599472604746556e-05,1.0,0.00011719207781553967
0.5000000000000001,0.7000000000000001,0.9000000000000001,0.09999999999999987,0.1,0.7000000000000001,0.29999999999999993,0.28,0.0,0.0,0.0
0.5000000000000001,0.7000000000000001,0.9000000000000001,0.09999999999999987,0.1,0.9000000000000001,0.09999999999999987,0.28,0.0,0.0,0.0
0.5000000000000001,0.7000000000000001,0.9000000000000001,0.09999999999999987,0.30000000000000004,0.1,0.9,0.28,0.0,0.0,0.0
0.5000000000000001,0.7000000000000001,0.9000000000000001,0.09999999999999987,0.30000000000000004,0.30000000000000004,0.7,0.28,5.8599472604746556e-05,1.0,0.00011719207781553967
0.5000000000000001,0.7000000000000001,0.9000000000000001,0.09999999999999987,0.30000000000000004,0.5000000000000001,0.4999999999999999,0.28,0.0,0.0,0.0
0.5000000000000001,0.7000000000000001,0.9000000000000001,0.09999999999999987,0.30000000000000004,0.7000000000000001,0.29999999999999993,0.28,0.0,0.0,0.0
0.5000000000000001,0.7000000000000001,0.9000000000000001,0.09999999999999987,0.30000000000000004,0.9000000000000001,0.09999999999999987,0.28,0.0,0.0,0.0
0.5000000000000001,0.7000000000000001,0.9000000000000001,0.09999999999999987,0.5000000000000001,0.1,0.9,0.28,0.00011719207781553967,1.0,0.00023435669088352472
0.5000000000000001,0.7000000000000001,0.9000000000000001,0.09999999999999987,0.5000000000000001,0.30000000000000004,0.7,0.28,5.8599472604746556e-05,1.0,0.00011719207781553967
0.5000000000000001,0.7000000000000001,0.9000000000000001,0.09999999999999987,0.5000000000000001,0.5000000000000001,0.4999999999999999,0.28,0.0,0.0,0.0
0.5000000000000001,0.7000000000000001,0.9000000000000001,0.09999999999999987,0.5000000000000001,0.7000000000000001,0.29999999999999993,0.28,0.0,0.0,0.0
0.5000000000000001,0.7000000000000001,0.9000000000000001,0.09999999999999987,0.5000000000000001,0.9000000000000001,0.09999999999999987,0.28,5.8599472604746556e-05,1.0,0.00011719207781553967
0.5000000000000001,0.7000000000000001,0.9000000000000001,0.09999999999999987,0.7000000000000001,0.1,0.9,0.28,5.8599472604746556e-05,1.0,0.00011719207781553967
0.5000000000000001,0.7000000000000001,0.9000000000000001,0.09999999999999987,0.7000000000000001,0.30000000000000004,0.7,0.28,0.0,0.0,0.0
0.5000000000000001,0.7000000000000001,0.9000000000000001,0.09999999999999987,0.7000000000000001,0.5000000000000001,0.4999999999999999,0.28,0.00017577781683951485,1.0,0.000351493848857645
0.5000000000000001,0.7000000000000001,0.9000000000000001,0.09999999999999987,0.7000000000000001,0.7000000000000001,0.29999999999999993,0.28,0.0,0.0,0.0
0.5000000000000001,0.7000000000000001,0.9000000000000001,0.09999999999999987,0.7000000000000001,0.9000000000000001,0.09999999999999987,0.28,0.0,0.0,0.0
0.5000000000000001,0.7000000000000001,0.9000000000000001,0.09999999999999987,0.9000000000000001,0.1,0.9,0.28,5.8599472604746556e-05,1.0,0.00011719207781553967
0.5000000000000001,0.7000000000000001,0.9000000000000001,0.09999999999999987,0.9000000000000001,0.30000000000000004,0.7,0.28,0.0,0.0,0.0
0.5000000000000001,0.7000000000000001,0.9000000000000001,0.09999999999999987,0.9000000000000001,0.5000000000000001,0.4999999999999999,0.28,0.00011719207781553967,1.0,0.00023435669088352472
0.5000000000000001,0.7000000000000001,0.9000000000000001,0.09999999999999987,0.9000000000000001,0.7000000000000001,0.29999999999999993,0.28,0.0,0.0,0.0
0.5000000000000001,0.7000000000000001,0.9000000000000001,0.09999999999999987,0.9000000000000001,0.9000000000000001,0.09999999999999987,0.28,0.0,0.0,0.0
0.5000000000000001,0.9000000000000001,0.1,0.9,0.1,0.1,0.9,0.28,5.8599472604746556e-05,1.0,0.00011719207781553967
0.5000000000000001,0.9000000000000001,0.1,0.9,0.1,0.30000000000000004,0.7,0.28,0.0,0.0,0.0
0.5000000000000001,0.9000000000000001,0.1,0.9,0.1,0.5000000000000001,0.4999999999999999,0.28,0.00011719207781553967,1.0,0.00023435669088352472
0.5000000000000001,0.9000000000000001,0.1,0.9,0.1,0.7000000000000001,0.29999999999999993,0.28,0.00011719207781553967,1.0,0.00023435669088352472
0.5000000000000001,0.9000000000000001,0.1,0.9,0.1,0.9000000000000001,0.09999999999999987,0.28,0.0,0.0,0.0
0.5000000000000001,0.9000000000000001,0.1,0.9,0.30000000000000004,0.1,0.9,0.28,0.0,0.0,0.0
0.5000000000000001,0.9000000000000001,0.1,0.9,0.30000000000000004,0.30000000000000004,0.7,0.28,0.0,0.0,0.0
0.5000000000000001,0.9000000000000001,0.1,0.9,0.30000000000000004,0.5000000000000001,0.4999999999999999,0.28,0.0,0.0,0.0
0.5000000000000001,0.9000000000000001,0.1,0.9,0.30000000000000004,0.7000000000000001,0.29999999999999993,0.28,0.0,0.0,0.0
0.5000000000000001,0.9000000000000001,0.1,0.9,0.30000000000000004,0.9000000000000001,0.09999999999999987,0.28,0.0,0.0,0.0
0.5000000000000001,0.9000000000000001,0.1,0.9,0.5000000000000001,0.1,0.9,0.28,0.0,0.0,0.0
0.5000000000000001,0.9000000000000001,0.1,0.9,0.5000000000000001,0.30000000000000004,0.7,0.28,5.8599472604746556e-05,1.0,0.00011719207781553967
0.5000000000000001,0.9000000000000001,0.1,0.9,0.5000000000000001,0.5000000000000001,0.4999999999999999,0.28,5.8599472604746556e-05,1.0,0.00011719207781553967
0.5000000000000001,0.9000000000000001,0.1,0.9,0.5000000000000001,0.7000000000000001,0.29999999999999993,0.28,0.0,0.0,0.0
0.5000000000000001,0.9000000000000001,0.1,0.9,0.5000000000000001,0.9000000000000001,0.09999999999999987,0.28,5.8599472604746556e-05,1.0,0.00011719207781553967
0.5000000000000001,0.9000000000000001,0.1,0.9,0.7000000000000001,0.1,0.9,0.28,0.0,0.0,0.0
0.5000000000000001,0.9000000000000001,0.1,0.9,0.7000000000000001,0.30000000000000004,0.7,0.28,0.0,0.0,0.0
0.5000000000000001,0.9000000000000001,0.1,0.9,0.7000000000000001,0.5000000000000001,0.4999999999999999,0.28,0.0,0.0,0.0
0.5000000000000001,0.9000000000000001,0.1,0.9,0.7000000000000001,0.7000000000000001,0.29999999999999993,0.28,0.0,0.0,0.0
0.5000000000000001,0.9000000000000001,0.1,0.9,0.7000000000000001,0.9000000000000001,0.09999999999999987,0.28,5.8599472604746556e-05,1.0,0.00011719207781553967
0.5000000000000001,0.9000000000000001,0.1,0.9,0.9000000000000001,0.1,0.9,0.28,0.0,0.0,0.0
0.5000000000000001,0.9000000000000001,0.1,0.9,0.9000000000000001,0.30000000000000004,0.7,0.28,5.8599472604746556e-05,1.0,0.00011719207781553967
0.5000000000000001,0.9000000000000001,0.1,0.9,0.9000000000000001,0.5000000000000001,0.4999999999999999,0.28,0.0,0.0,0.0
0.5000000000000001,0.9000000000000001,0.1,0.9,0.9000000000000001,0.7000000000000001,0.29999999999999993,0.28,0.0,0.0,0.0
0.5000000000000001,0.9000000000000001,0.1,0.9,0.9000000000000001,0.9000000000000001,0.09999999999999987,0.28,0.0,0.0,0.0
0.5000000000000001,0.9000000000000001,0.30000000000000004,0.7,0.1,0.1,0.9,0.28,5.8599472604746556e-05,1.0,0.00011719207781553967
0.5000000000000001,0.9000000000000001,0.30000000000000004,0.7,0.1,0.30000000000000004,0.7,0.28,0.0,0.0,0.0
0.5000000000000001,0.9000000000000001,0.30000000000000004,0.7,0.1,0.5000000000000001,0.4999999999999999,0.28,0.0,0.0,0.0
0.5000000000000001,0.9000000000000001,0.30000000000000004,0.7,0.1,0.7000000000000001,0.29999999999999993,0.28,0.0,0.0,0.0
0.5000000000000001,0.9000000000000001,0.30000000000000004,0.7,0.1,0.9000000000000001,0.09999999999999987,0.28,5.8599472604746556e-05,1.0,0.00011719207781553967
0.5000000000000001,0.9000000000000001,0.30000000000000004,0.7,0.30000000000000004,0.1,0.9,0.28,0.0,0.0,0.0
0.5000000000000001,0.9000000000000001,0.30000000000000004,0.7,0.30000000000000004,0.30000000000000004,0.7,0.28,0.0,0.0,0.0
0.5000000000000001,0.9000000000000001,0.30000000000000004,0.7,0.30000000000000004,0.5000000000000001,0.4999999999999999,0.28,5.8599472604746556e-05,1.0,0.00011719207781553967
0.5000000000000001,0.9000000000000001,0.30000000000000004,0.7,0.30000000000000004,0.7000000000000001,0.29999999999999993,0.28,0.0,0.0,0.0
0.5000000000000001,0.9000000000000001,0.30000000000000004,0.7,0.30000000000000004,0.9000000000000001,0.09999999999999987,0.28,0.0,0.0,0.0
0.5000000000000001,0.9000000000000001,0.30000000000000004,0.7,0.5000000000000001,0.1,0.9,0.28,0.0,0.0,0.0
0.5000000000000001,0.9000000000000001,0.30000000000000004,0.7,0.5000000000000001,0.30000000000000004,0.7,0.28,0.0,0.0,0.0
0.5000000000000001,0.9000000000000001,0.30000000000000004,0.7,0.5000000000000001,0.5000000000000001,0.4999999999999999,0.28,0.00011719207781553967,1.0,0.00023435669088352472
0.5000000000000001,0.9000000000000001,0.30000000000000004,0.7,0.5000000000000001,0.7000000000000001,0.29999999999999993,0.28,0.0,0.0,0.0
0.5000000000000001,0.9000000000000001,0.30000000000000004,0.7,0.5000000000000001,0.9000000000000001,0.09999999999999987,0.28,0.0,0.0,0.0
0.5000000000000001,0.9000000000000001,0.30000000000000004,0.7,0.7000000000000001,0.1,0.9,0.28,5.8599472604746556e-05,1.0,0.00011719207781553967
0.5000000000000001,0.9000000000000001,0.30000000000000004,0.7,0.7000000000000001,0.30000000000000004,0.7,0.28,0.0,0.0,0.0
0.5000000000000001,0.9000000000000001,0.30000000000000004,0.7,0.7000000000000001,0.5000000000000001,0.4999999999999999,0.28,0.0,0.0,0.0
0.5000000000000001,0.9000000000000001,0.30000000000000004,0.7,0.7000000000000001,0.7000000000000001,0.29999999999999993,0.28,0.0,0.0,0.0
0.5000000000000001,0.9000000000000001,0.30000000000000004,0.7,0.7000000000000001,0.9000000000000001,0.09999999999999987,0.28,0.0,0.0,0.0
0.5000000000000001,0.9000000000000001,0.30000000000000004,0.7,0.9000000000000001,0.1,0.9,0.28,5.8599472604746556e-05,1.0,0.00011719207781553967
0.5000000000000001,0.9000000000000001,0.30000000000000004,0.7,0.9000000000000001,0.30000000000000004,0.7,0.28,5.8599472604746556e-05,1.0,0.00011719207781553967
0.5000000000000001,0.9000000000000001,0.30000000000000004,0.7,0.9000000000000001,0.5000000000000001,0.4999999999999999,0.28,0.0,0.0,0.0
0.5000000000000001,0.9000000000000001,0.30000000000000004,0.7,0.9000000000000001,0.7000000000000001,0.29999999999999993,0.28,0.0,0.0,0.0
0.5000000000000001,0.9000000000000001,0.30000000000000004,0.7,0.9000000000000001,0.9000000000000001,0.09999999999999987,0.28,0.0,0.0,0.0
0.5000000000000001,0.9000000000000001,0.5000000000000001,0.4999999999999999,0.1,0.1,0.9,0.28,5.8599472604746556e-05,1.0,0.00011719207781553967
0.5000000000000001,0.9000000000000001,0.5000000000000001,0.4999999999999999,0.1,0.30000000000000004,0.7,0.28,0.0,0.0,0.0
0.5000000000000001,0.9000000000000001,0.5000000000000001,0.4999999999999999,0.1,0.5000000000000001,0.4999999999999999,0.28,0.0,0.0,0.0
0.5000000000000001,0.9000000000000001,0.5000000000000001,0.4999999999999999,0.1,0.7000000000000001,0.29999999999999993,0.28,0.0,0.0,0.0
0.5000000000000001,0.9000000000000001,0.5000000000000001,0.4999999999999999,0.1,0.9000000000000001,0.09999999999999987,0.28,0.0,0.0,0.0
0.5000000000000001,0.9000000000000001,0.5000000000000001,0.4999999999999999,0.30000000000000004,0.1,0.9,0.28,0.0,0.0,0.0
0.5000000000000001,0.9000000000000001,0.5000000000000001,0.4999999999999999,0.30000000000000004,0.30000000000000004,0.7,0.28,5.8599472604746556e-05,1.0,0.00011719207781553967
0.5000000000000001,0.9000000000000001,0.5000000000000001,0.4999999999999999,0.30000000000000004,0.5000000000000001,0.4999999999999999,0.28,0.0,0.0,0.0
0.5000000000000001,0.9000000000000001,0.5000000000000001,0.4999999999999999,0.30000000000000004,0.7000000000000001,0.29999999999999993,0.28,0.0,0.0,0.0
0.5000000000000001,0.9000000000000001,0.5000000000000001,0.4999999999999999,0.30000000000000004,0.9000000000000001,0.09999999999999987,0.28,0.0,0.0,0.0
0.5000000000000001,0.9000000000000001,0.5000000000000001,0.4999999999999999,0.5000000000000001,0.1,0.9,0.28,0.0,0.0,0.0
0.5000000000000001,0.9000000000000001,0.5000000000000001,0.4999999999999999,0.5000000000000001,0.30000000000000004,0.7,0.28,0.0,0.0,0.0
0.5000000000000001,0.9000000000000001,0.5000000000000001,0.4999999999999999,0.5000000000000001,0.5000000000000001,0.4999999999999999,0.28,0.0,0.0,0.0
0.5000000000000001,0.9000000000000001,0.5000000000000001,0.4999999999999999,0.5000000000000001,0.7000000000000001,0.29999999999999993,0.28,0.0,0.0,0.0
0.5000000000000001,0.9000000000000001,0.5000000000000001,0.4999999999999999,0.5000000000000001,0.9000000000000001,0.09999999999999987,0.28,0.0,0.0,0.0
0.5000000000000001,0.9000000000000001,0.5000000000000001,0.4999999999999999,0.7000000000000001,0.1,0.9,0.28,0.0,0.0,0.0
0.5000000000000001,0.9000000000000001,0.5000000000000001,0.4999999999999999,0.7000000000000001,0.30000000000000004,0.7,0.28,0.0,0.0,0.0
0.5000000000000001,0.9000000000000001,0.5000000000000001,0.4999999999999999,0.7000000000000001,0.5000000000000001,0.4999999999999999,0.28,0.0,0.0,0.0
0.5000000000000001,0.9000000000000001,0.5000000000000001,0.4999999999999999,0.7000000000000001,0.7000000000000001,0.29999999999999993,0.28,0.0,0.0,0.0
0.5000000000000001,0.9000000000000001,0.5000000000000001,0.4999999999999999,0.7000000000000001,0.9000000000000001,0.09999999999999987,0.28,0.0,0.0,0.0
0.5000000000000001,0.9000000000000001,0.5000000000000001,0.4999999999999999,0.9000000000000001,0.1,0.9,0.28,0.00011719207781553967,1.0,0.00023435669088352472
0.5000000000000001,0.9000000000000001,0.5000000000000001,0.4999999999999999,0.9000000000000001,0.30000000000000004,0.7,0.28,0.0,0.0,0.0
0.5000000000000001,0.9000000000000001,0.5000000000000001,0.4999999999999999,0.9000000000000001,0.5000000000000001,0.4999999999999999,0.28,0.0,0.0,0.0
0.5000000000000001,0.9000000000000001,0.5000000000000001,0.4999999999999999,0.9000000000000001,0.7000000000000001,0.29999999999999993,0.28,5.8599472604746556e-05,1.0,0.00011719207781553967
0.5000000000000001,0.9000000000000001,0.5000000000000001,0.4999999999999999,0.9000000000000001,0.9000000000000001,0.09999999999999987,0.28,0.0,0.0,0.0
0.5000000000000001,0.9000000000000001,0.7000000000000001,0.29999999999999993,0.1,0.1,0.9,0.28,0.00011719207781553967,1.0,0.00023435669088352472
0.5000000000000001,0.9000000000000001,0.7000000000000001,0.29999999999999993,0.1,0.30000000000000004,0.7,0.28,0.0,0.0,0.0
0.5000000000000001,0.9000000000000001,0.7000000000000001,0.29999999999999993,0.1,0.5000000000000001,0.4999999999999999,0.28,5.8599472604746556e-05,1.0,0.00011719207781553967
0.5000000000000001,0.9000000000000001,0.7000000000000001,0.29999999999999993,0.1,0.7000000000000001,0.29999999999999993,0.28,0.0,0.0,0.0
0.5000000000000001,0.9000000000000001,0.7000000000000001,0.29999999999999993,0.1,0.9000000000000001,0.09999999999999987,0.28,0.0,0.0,0.0
0.5000000000000001,0.9000000000000001,0.7000000000000001,0.29999999999999993,0.30000000000000004,0.1,0.9,0.28,5.8599472604746556e-05,1.0,0.00011719207781553967
0.5000000000000001,0.9000000000000001,0.7000000000000001,0.29999999999999993,0.30000000000000004,0.30000000000000004,0.7,0.28,0.00011719207781553967,1.0,0.00023435669088352472
0.5000000000000001,0.9000000000000001,0.7000000000000001,0.29999999999999993,0.30000000000000004,0.5000000000000001,0.4999999999999999,0.28,0.0,0.0,0.0
0.5000000000000001,0.9000000000000001,0.7000000000000001,0.29999999999999993,0.30000000000000004,0.7000000000000001,0.29999999999999993,0.28,5.8599472604746556e-05,1.0,0.00011719207781553967
0.5000000000000001,0.9000000000000001,0.7000000000000001,0.29999999999999993,0.30000000000000004,0.9000000000000001,0.09999999999999987,0.28,5.8599472604746556e-05,1.0,0.00011719207781553967
0.5000000000000001,0.9000000000000001,0.7000000000000001,0.29999999999999993,0.5000000000000001,0.1,0.9,0.28,0.0,0.0,0.0
0.5000000000000001,0.9000000000000001,0.7000000000000001,0.29999999999999993,0.5000000000000001,0.30000000000000004,0.7,0.28,0.0,0.0,0.0
0.5000000000000001,0.9000000000000001,0.7000000000000001,0.29999999999999993,0.5000000000000001,0.5000000000000001,0.4999999999999999,0.28,0.0,0.0,0.0
0.5000000000000001,0.9000000000000001,0.7000000000000001,0.29999999999999993,0.5000000000000001,0.7000000000000001,0.29999999999999993,0.28,5.8599472604746556e-05,1.0,0.00011719207781553967
0.5000000000000001,0.9000000000000001,0.7000000000000001,0.29999999999999993,0.5000000000000001,0.9000000000000001,0.09999999999999987,0.28,0.0,0.0,0.0
0.5000000000000001,0.9000000000000001,0.7000000000000001,0.29999999999999993,0.7000000000000001,0.1,0.9,0.28,5.8599472604746556e-05,1.0,0.00011719207781553967
0.5000000000000001,0.9000000000000001,0.7000000000000001,0.29999999999999993,0.7000000000000001,0.30000000000000004,0.7,0.28,0.0,0.0,0.0
0.5000000000000001,0.9000000000000001,0.7000000000000001,0.29999999999999993,0.7000000000000001,0.5000000000000001,0.4999999999999999,0.28,0.0,0.0,0.0
0.5000000000000001,0.9000000000000001,0.7000000000000001,0.29999999999999993,0.7000000000000001,0.7000000000000001,0.29999999999999993,0.28,0.0,0.0,0.0
0.5000000000000001,0.9000000000000001,0.7000000000000001,0.29999999999999993,0.7000000000000001,0.9000000000000001,0.09999999999999987,0.28,0.0,0.0,0.0
0.5000000000000001,0.9000000000000001,0.7000000000000001,0.29999999999999993,0.9000000000000001,0.1,0.9,0.28,0.0,0.0,0.0
0.5000000000000001,0.9000000000000001,0.7000000000000001,0.29999999999999993,0.9000000000000001,0.30000000000000004,0.7,0.28,5.8599472604746556e-05,1.0,0.00011719207781553967
0.5000000000000001,0.9000000000000001,0.7000000000000001,0.29999999999999993,0.9000000000000001,0.5000000000000001,0.4999999999999999,0.28,0.0,0.0,0.0
0.5000000000000001,0.9000000000000001,0.7000000000000001,0.29999999999999993,0.9000000000000001,0.7000000000000001,0.29999999999999993,0.28,0.0,0.0,0.0
0.5000000000000001,0.9000000000000001,0.7000000000000001,0.29999999999999993,0.9000000000000001,0.9000000000000001,0.09999999999999987,0.28,0.0,0.0,0.0
0.5000000000000001,0.9000000000000001,0.9000000000000001,0.09999999999999987,0.1,0.1,0.9,0.28,0.0,0.0,0.0
0.5000000000000001,0.9000000000000001,0.9000000000000001,0.09999999999999987,0.1,0.30000000000000004,0.7,0.28,0.0,0.0,0.0
0.5000000000000001,0.9000000000000001,0.9000000000000001,0.09999999999999987,0.1,0.5000000000000001,0.4999999999999999,0.28,0.0,0.0,0.0
0.5000000000000001,0.9000000000000001,0.9000000000000001,0.09999999999999987,0.1,0.7000000000000001,0.29999999999999993,0.28,0.0,0.0,0.0
0.5000000000000001,0.9000000000000001,0.9000000000000001,0.09999999999999987,0.1,0.9000000000000001,0.09999999999999987,0.28,0.0,0.0,0.0
0.5000000000000001,0.9000000000000001,0.9000000000000001,0.09999999999999987,0.30000000000000004,0.1,0.9,0.28,0.0,0.0,0.0
0.5000000000000001,0.9000000000000001,0.9000000000000001,0.09999999999999987,0.30000000000000004,0.30000000000000004,0.7,0.28,0.0,0.0,0.0
0.5000000000000001,0.9000000000000001,0.9000000000000001,0.09999999999999987,0.30000000000000004,0.5000000000000001,0.4999999999999999,0.28,5.8599472604746556e-05,1.0,0.00011719207781553967
0.5000000000000001,0.9000000000000001,0.9000000000000001,0.09999999999999987,0.30000000000000004,0.7000000000000001,0.29999999999999993,0.28,0.00011719207781553967,1.0,0.00023435669088352472
0.5000000000000001,0.9000000000000001,0.9000000000000001,0.09999999999999987,0.30000000000000004,0.9000000000000001,0.09999999999999987,0.28,0.0,0.0,0.0
0.5000000000000001,0.9000000000000001,0.9000000000000001,0.09999999999999987,0.5000000000000001,0.1,0.9,0.28,0.0,0.0,0.0
0.5000000000000001,0.9000000000000001,0.9000000000000001,0.09999999999999987,0.5000000000000001,0.30000000000000004,0.7,0.28,0.0,0.0,0.0
0.5000000000000001,0.9000000000000001,0.9000000000000001,0.09999999999999987,0.5000000000000001,0.5000000000000001,0.4999999999999999,0.28,0.0,0.0,0.0
0.5000000000000001,0.9000000000000001,0.9000000000000001,0.09999999999999987,0.5000000000000001,0.7000000000000001,0.29999999999999993,0.28,5.8599472604746556e-05,1.0,0.00011719207781553967
0.5000000000000001,0.9000000000000001,0.9000000000000001,0.09999999999999987,0.5000000000000001,0.9000000000000001,0.09999999999999987,0.28,5.8599472604746556e-05,1.0,0.00011719207781553967
0.5000000000000001,0.9000000000000001,0.9000000000000001,0.09999999999999987,0.7000000000000001,0.1,0.9,0.28,0.00011719207781553967,1.0,0.00023435669088352472
0.5000000000000001,0.9000000000000001,0.9000000000000001,0.09999999999999987,0.7000000000000001,0.30000000000000004,0.7,0.28,0.0,0.0,0.0
0.5000000000000001,0.9000000000000001,0.9000000000000001,0.09999999999999987,0.7000000000000001,0.5000000000000001,0.4999999999999999,0.28,0.0,0.0,0.0
0.5000000000000001,0.9000000000000001,0.9000000000000001,0.09999999999999987,0.7000000000000001,0.7000000000000001,0.29999999999999993,0.28,0.0,0.0,0.0
0.5000000000000001,0.9000000000000001,0.9000000000000001,0.09999999999999987,0.7000000000000001,0.9000000000000001,0.09999999999999987,0.28,0.0,0.0,0.0
0.5000000000000001,0.9000000000000001,0.9000000000000001,0.09999999999999987,0.9000000000000001,0.1,0.9,0.28,0.0,0.0,0.0
0.5000000000000001,0.9000000000000001,0.9000000000000001,0.09999999999999987,0.9000000000000001,0.30000000000000004,0.7,0.28,5.8599472604746556e-05,1.0,0.00011719207781553967
0.5000000000000001,0.9000000000000001,0.9000000000000001,0.09999999999999987,0.9000000000000001,0.5000000000000001,0.4999999999999999,0.28,0.0,0.0,0.0
0.5000000000000001,0.9000000000000001,0.9000000000000001,0.09999999999999987,0.9000000000000001,0.7000000000000001,0.29999999999999993,0.28,0.0,0.0,0.0
0.5000000000000001,0.9000000000000001,0.9000000000000001,0.09999999999999987,0.9000000000000001,0.9000000000000001,0.09999999999999987,0.28,0.0,0.0,0.0
0.7000000000000001,0.1,0.1,0.9,0.1,0.1,0.9,0.28,0.00017577781683951485,1.0,0.000351493848857645
0.7000000000000001,0.1,0.1,0.9,0.1,0.30000000000000004,0.7,0.28,0.00011719207781553967,1.0,0.00023435669088352472
0.7000000000000001,0.1,0.1,0.9,0.1,0.5000000000000001,0.4999999999999999,0.28,5.8599472604746556e-05,1.0,0.00011719207781553967
0.7000000000000001,0.1,0.1,0.9,0.1,0.7000000000000001,0.29999999999999993,0.28,5.8599472604746556e-05,1.0,0.00011719207781553967
0.7000000000000001,0.1,0.1,0.9,0.1,0.9000000000000001,0.09999999999999987,0.28,0.00011719207781553967,1.0,0.00023435669088352472
0.7000000000000001,0.1,0.1,0.9,0.30000000000000004,0.1,0.9,0.28,0.00011719207781553967,1.0,0.00023435669088352472
0.7000000000000001,0.1,0.1,0.9,0.30000000000000004,0.30000000000000004,0.7,0.28,0.00011719207781553967,1.0,0.00023435669088352472
0.7000000000000001,0.1,0.1,0.9,0.30000000000000004,0.5000000000000001,0.4999999999999999,0.28,5.8599472604746556e-05,1.0,0.00011719207781553967
0.7000000000000001,0.1,0.1,0.9,0.30000000000000004,0.7000000000000001,0.29999999999999993,0.28,5.8599472604746556e-05,1.0,0.00011719207781553967
0.7000000000000001,0.1,0.1,0.9,0.30000000000000004,0.9000000000000001,0.09999999999999987,0.28,5.8599472604746556e-05,1.0,0.00011719207781553967
0.7000000000000001,0.1,0.1,0.9,0.5000000000000001,0.1,0.9,0.28,5.8599472604746556e-05,1.0,0.00011719207781553967
0.7000000000000001,0.1,0.1,0.9,0.5000000000000001,0.30000000000000004,0.7,0.28,5.8599472604746556e-05,1.0,0.00011719207781553967
0.7000000000000001,0.1,0.1,0.9,0.5000000000000001,0.5000000000000001,0.4999999999999999,0.28,5.8599472604746556e-05,1.0,0.00011719207781553967
0.7000000000000001,0.1,0.1,0.9,0.5000000000000001,0.7000000000000001,0.29999999999999993,0.28,0.00011719207781553967,1.0,0.00023435669088352472
0.7000000000000001,0.1,0.1,0.9,0.5000000000000001,0.9000000000000001,0.09999999999999987,0.28,5.8599472604746556e-05,1.0,0.00011719207781553967
0.7000000000000001,0.1,0.1,0.9,0.7000000000000001,0.1,0.9,0.28,5.8599472604746556e-05,1.0,0.00011719207781553967
0.7000000000000001,0.1,0.1,0.9,0.7000000000000001,0.30000000000000004,0.7,0.28,0.0,0.0,0.0
0.7000000000000001,0.1,0.1,0.9,0.7000000000000001,0.5000000000000001,0.4999999999999999,0.28,0.0,0.0,0.0
0.7000000000000001,0.1,0.1,0.9,0.7000000000000001,0.7000000000000001,0.29999999999999993,0.28,0.00011719207781553967,1.0,0.00023435669088352472
0.7000000000000001,0.1,0.1,0.9,0.7000000000000001,0.9000000000000001,0.09999999999999987,0.28,0.00011719207781553967,1.0,0.00023435669088352472
0.7000000000000001,0.1,0.1,0.9,0.9000000000000001,0.1,0.9,0.28,5.8599472604746556e-05,1.0,0.00011719207781553967
0.7000000000000001,0.1,0.1,0.9,0.9000000000000001,0.30000000000000004,0.7,0.28,5.8599472604746556e-05,1.0,0.00011719207781553967
0.7000000000000001,0.1,0.1,0.9,0.9000000000000001,0.5000000000000001,0.4999999999999999,0.28,0.0,0.0,0.0
0.7000000000000001,0.1,0.1,0.9,0.9000000000000001,0.7000000000000001,0.29999999999999993,0.28,0.0,0.0,0.0
0.7000000000000001,0.1,0.1,0.9,0.9000000000000001,0.9000000000000001,0.09999999999999987,0.28,5.8599472604746556e-05,1.0,0.00011719207781553967
0.7000000000000001,0.1,0.30000000000000004,0.7,0.1,0.1,0.9,0.28,5.8599472604746556e-05,1.0,0.00011719207781553967
0.7000000000000001,0.1,0.30000000000000004,0.7,0.1,0.30000000000000004,0.7,0.28,5.8599472604746556e-05,1.0,0.00011719207781553967
0.7000000000000001,0.1,0.30000000000000004,0.7,0.1,0.5000000000000001,0.4999999999999999,0.28,5.8599472604746556e-05,1.0,0.00011719207781553967
0.7000000000000001,0.1,0.30000000000000004,0.7,0.1,0.7000000000000001,0.29999999999999993,0.28,5.8599472604746556e-05,1.0,0.00011719207781553967
0.7000000000000001,0.1,0.30000000000000004,0.7,0.1,0.9000000000000001,0.09999999999999987,0.28,0.00011719207781553967,1.0,0.00023435669088352472
0.7000000000000001,0.1,0.30000000000000004,0.7,0.30000000000000004,0.1,0.9,0.28,5.8599472604746556e-05,1.0,0.00011719207781553967
0.7000000000000001,0.1,0.30000000000000004,0.7,0.30000000000000004,0.30000000000000004,0.7,0.28,0.00017577781683951485,1.0,0.000351493848857645
0.7000000000000001,0.1,0.30000000000000004,0.7,0.30000000000000004,0.5000000000000001,0.4999999999999999,0.28,5.8599472604746556e-05,1.0,0.00011719207781553967
0.7000000000000001,0.1,0.30000000000000004,0.7,0.30000000000000004,0.7000000000000001,0.29999999999999993,0.28,5.8599472604746556e-05,1.0,0.00011719207781553967
0.7000000000000001,0.1,0.30000000000000004,0.7,0.30000000000000004,0.9000000000000001,0.09999999999999987,0.28,5.8599472604746556e-05,1.0,0.00011719207781553967
0.7000000000000001,0.1,0.30000000000000004,0.7,0.5000000000000001,0.1,0.9,0.28,5.8599472604746556e-05,1.0,0.00011719207781553967
0.7000000000000001,0.1,0.30000000000000004,0.7,0.5000000000000001,0.30000000000000004,0.7,0.28,5.8599472604746556e-05,1.0,0.00011719207781553967
0.7000000000000001,0.1,0.30000000000000004,0.7,0.5000000000000001,0.5000000000000001,0.4999999999999999,0.28,5.8599472604746556e-05,1.0,0.00011719207781553967
0.7000000000000001,0.1,0.30000000000000004,0.7,0.5000000000000001,0.7000000000000001,0.29999999999999993,0.28,5.8599472604746556e-05,1.0,0.00011719207781553967
0.7000000000000001,0.1,0.30000000000000004,0.7,0.5000000000000001,0.9000000000000001,0.09999999999999987,0.28,0.00011719207781553967,1.0,0.00023435669088352472
0.7000000000000001,0.1,0.30000000000000004,0.7,0.7000000000000001,0.1,0.9,0.28,0.0,0.0,0.0
0.7000000000000001,0.1,0.30000000000000004,0.7,0.7000000000000001,0.30000000000000004,0.7,0.28,5.8599472604746556e-05,1.0,0.00011719207781553967
0.7000000000000001,0.1,0.30000000000000004,0.7,0.7000000000000001,0.5000000000000001,0.4999999999999999,0.28,0.0,0.0,0.0
0.7000000000000001,0.1,0.30000000000000004,0.7,0.7000000000000001,0.7000000000000001,0.29999999999999993,0.28,5.8599472604746556e-05,1.0,0.00011719207781553967
0.7000000000000001,0.1,0.30000000000000004,0.7,0.7000000000000001,0.9000000000000001,0.09999999999999987,0.28,0.0,0.0,0.0
0.7000000000000001,0.1,0.30000000000000004,0.7,0.9000000000000001,0.1,0.9,0.28,0.0,0.0,0.0
0.7000000000000001,0.1,0.30000000000000004,0.7,0.9000000000000001,0.30000000000000004,0.7,0.28,0.0,0.0,0.0
0.7000000000000001,0.1,0.30000000000000004,0.7,0.9000000000000001,0.5000000000000001,0.4999999999999999,0.28,0.0,0.0,0.0
0.7000000000000001,0.1,0.30000000000000004,0.7,0.9000000000000001,0.7000000000000001,0.29999999999999993,0.28,5.8599472604746556e-05,1.0,0.00011719207781553967
0.7000000000000001,0.1,0.30000000000000004,0.7,0.9000000000000001,0.9000000000000001,0.09999999999999987,0.28,0.0,0.0,0.0
0.7000000000000001,0.1,0.5000000000000001,0.4999999999999999,0.1,0.1,0.9,0.28,5.8599472604746556e-05,1.0,0.00011719207781553967
0.7000000000000001,0.1,0.5000000000000001,0.4999999999999999,0.1,0.30000000000000004,0.7,0.28,0.00011719207781553967,1.0,0.00023435669088352472
0.7000000000000001,0.1,0.5000000000000001,0.4999999999999999,0.1,0.5000000000000001,0.4999999999999999,0.28,5.8599472604746556e-05,1.0,0.00011719207781553967
0.7000000000000001,0.1,0.5000000000000001,0.4999999999999999,0.1,0.7000000000000001,0.29999999999999993,0.28,5.8599472604746556e-05,1.0,0.00011719207781553967
0.7000000000000001,0.1,0.5000000000000001,0.4999999999999999,0.1,0.9000000000000001,0.09999999999999987,0.28,0.00011719207781553967,1.0,0.00023435669088352472
0.7000000000000001,0.1,0.5000000000000001,0.4999999999999999,0.30000000000000004,0.1,0.9,0.28,5.8599472604746556e-05,1.0,0.00011719207781553967
0.7000000000000001,0.1,0.5000000000000001,0.4999999999999999,0.30000000000000004,0.30000000000000004,0.7,0.28,0.00017577781683951485,1.0,0.000351493848857645
0.7000000000000001,0.1,0.5000000000000001,0.4999999999999999,0.30000000000000004,0.5000000000000001,0.4999999999999999,0.28,5.8599472604746556e-05,1.0,0.00011719207781553967
0.7000000000000001,0.1,0.5000000000000001,0.4999999999999999,0.30000000000000004,0.7000000000000001,0.29999999999999993,0.28,0.00011719207781553967,1.0,0.00023435669088352472
0.7000000000000001,0.1,0.5000000000000001,0.4999999999999999,0.30000000000000004,0.9000000000000001,0.09999999999999987,0.28,5.8599472604746556e-05,1.0,0.00011719207781553967
0.7000000000000001,0.1,0.5000000000000001,0.4999999999999999,0.5000000000000001,0.1,0.9,0.28,5.8599472604746556e-05,1.0,0.00011719207781553967
0.7000000000000001,0.1,0.5000000000000001,0.4999999999999999,0.5000000000000001,0.30000000000000004,0.7,0.28,5.8599472604746556e-05,1.0,0.00011719207781553967
0.7000000000000001,0.1,0.5000000000000001,0.4999999999999999,0.5000000000000001,0.5000000000000001,0.4999999999999999,0.28,5.8599472604746556e-05,1.0,0.00011719207781553967
0.7000000000000001,0.1,0.5000000000000001,0.4999999999999999,0.5000000000000001,0.7000000000000001,0.29999999999999993,0.28,5.8599472604746556e-05,1.0,0.00011719207781553967
0.7000000000000001,0.1,0.5000000000000001,0.4999999999999999,0.5000000000000001,0.9000000000000001,0.09999999999999987,0.28,0.00023435669088352472,1.0,0.00046860356138706655
0.7000000000000001,0.1,0.5000000000000001,0.4999999999999999,0.7000000000000001,0.1,0.9,0.28,0.0,0.0,0.0
0.7000000000000001,0.1,0.5000000000000001,0.4999999999999999,0.7000000000000001,0.30000000000000004,0.7,0.28,0.0,0.0,0.0
0.7000000000000001,0.1,0.5000000000000001,0.4999999999999999,0.7000000000000001,0.5000000000000001,0.4999999999999999,0.28,0.0,0.0,0.0
0.7000000000000001,0.1,0.5000000000000001,0.4999999999999999,0.7000000000000001,0.7000000000000001,0.29999999999999993,0.28,0.0,0.0,0.0
0.7000000000000001,0.1,0.5000000000000001,0.4999999999999999,0.7000000000000001,0.9000000000000001,0.09999999999999987,0.28,0.0,0.0,0.0
0.7000000000000001,0.1,0.5000000000000001,0.4999999999999999,0.9000000000000001,0.1,0.9,0.28,0.0,0.0,0.0
0.7000000000000001,0.1,0.5000000000000001,0.4999999999999999,0.9000000000000001,0.30000000000000004,0.7,0.28,0.0,0.0,0.0
0.7000000000000001,0.1,0.5000000000000001,0.4999999999999999,0.9000000000000001,0.5000000000000001,0.4999999999999999,0.28,0.0,0.0,0.0
0.7000000000000001,0.1,0.5000000000000001,0.4999999999999999,0.9000000000000001,0.7000000000000001,0.29999999999999993,0.28,0.00011719207781553967,1.0,0.00023435669088352472
0.7000000000000001,0.1,0.5000000000000001,0.4999999999999999,0.9000000000000001,0.9000000000000001,0.09999999999999987,0.28,0.0,0.0,0.0
0.7000000000000001,0.1,0.7000000000000001,0.29999999999999993,0.1,0.1,0.9,0.28,5.8599472604746556e-05,1.0,0.00011719207781553967
0.7000000000000001,0.1,0.7000000000000001,0.29999999999999993,0.1,0.30000000000000004,0.7,0.28,0.00011719207781553967,1.0,0.00023435669088352472
0.7000000000000001,0.1,0.7000000000000001,0.29999999999999993,0.1,0.5000000000000001,0.4999999999999999,0.28,5.8599472604746556e-05,1.0,0.00011719207781553967
0.7000000000000001,0.1,0.7000000000000001,0.29999999999999993,0.1,0.7000000000000001,0.29999999999999993,0.28,0.00011719207781553967,1.0,0.00023435669088352472
0.7000000000000001,0.1,0.7000000000000001,0.29999999999999993,0.1,0.9000000000000001,0.09999999999999987,0.28,5.8599472604746556e-05,1.0,0.00011719207781553967
0.7000000000000001,0.1,0.7000000000000001,0.29999999999999993,0.30000000000000004,0.1,0.9,0.28,5.8599472604746556e-05,1.0,0.00011719207781553967
0.7000000000000001,0.1,0.7000000000000001,0.29999999999999993,0.30000000000000004,0.30000000000000004,0.7,0.28,5.8599472604746556e-05,1.0,0.00011719207781553967
0.7000000000000001,0.1,0.7000000000000001,0.29999999999999993,0.30000000000000004,0.5000000000000001,0.4999999999999999,0.28,5.8599472604746556e-05,1.0,0.00011719207781553967
0.7000000000000001,0.1,0.7000000000000001,0.29999999999999993,0.30000000000000004,0.7000000000000001,0.29999999999999993,0.28,0.00011719207781553967,1.0,0.00023435669088352472
0.7000000000000001,0.1,0.7000000000000001,0.29999999999999993,0.30000000000000004,0.9000000000000001,0.09999999999999987,0.28,5.8599472604746556e-05,1.0,0.00011719207781553967
0.7000000000000001,0.1,0.7000000000000001,0.29999999999999993,0.5000000000000001,0.1,0.9,0.28,5.8599472604746556e-05,1.0,0.00011719207781553967
0.7000000000000001,0.1,0.7000000000000001,0.29999999999999993,0.5000000000000001,0.30000000000000004,0.7,0.28,5.8599472604746556e-05,1.0,0.00011719207781553967
0.7000000000000001,0.1,0.7000000000000001,0.29999999999999993,0.5000000000000001,0.5000000000000001,0.4999999999999999,0.28,5.8599472604746556e-05,1.0,0.00011719207781553967
0.7000000000000001,0.1,0.7000000000000001,0.29999999999999993,0.5000000000000001,0.7000000000000001,0.29999999999999993,0.28,5.8599472604746556e-05,1.0,0.00011719207781553967
0.7000000000000001,0.1,0.7000000000000001,0.29999999999999993,0.5000000000000001,0.9000000000000001,0.09999999999999987,0.28,0.00011719207781553967,1.0,0.00023435669088352472
0.7000000000000001,0.1,0.7000000000000001,0.29999999999999993,0.7000000000000001,0.1,0.9,0.28,0.0,0.0,0.0
0.7000000000000001,0.1,0.7000000000000001,0.29999999999999993,0.7000000000000001,0.30000000000000004,0.7,0.28,0.0,0.0,0.0
0.7000000000000001,0.1,0.7000000000000001,0.29999999999999993,0.7000000000000001,0.5000000000000001,0.4999999999999999,0.28,0.0,0.0,0.0
0.7000000000000001,0.1,0.7000000000000001,0.29999999999999993,0.7000000000000001,0.7000000000000001,0.29999999999999993,0.28,0.0,0.0,0.0
0.7000000000000001,0.1,0.7000000000000001,0.29999999999999993,0.7000000000000001,0.9000000000000001,0.09999999999999987,0.28,5.8599472604746556e-05,1.0,0.00011719207781553967
0.7000000000000001,0.1,0.7000000000000001,0.29999999999999993,0.9000000000000001,0.1,0.9,0.28,0.00011719207781553967,1.0,0.00023435669088352472
0.7000000000000001,0.1,0.7000000000000001,0.29999999999999993,0.9000000000000001,0.30000000000000004,0.7,0.28,0.0,0.0,0.0
0.7000000000000001,0.1,0.7000000000000001,0.29999999999999993,0.9000000000000001,0.5000000000000001,0.4999999999999999,0.28,0.00011719207781553967,1.0,0.00023435669088352472
0.7000000000000001,0.1,0.7000000000000001,0.29999999999999993,0.9000000000000001,0.7000000000000001,0.29999999999999993,0.28,0.0,0.0,0.0
0.7000000000000001,0.1,0.7000000000000001,0.29999999999999993,0.9000000000000001,0.9000000000000001,0.09999999999999987,0.28,0.0,0.0,0.0
0.7000000000000001,0.1,0.9000000000000001,0.09999999999999987,0.1,0.1,0.9,0.28,5.8599472604746556e-05,1.0,0.00011719207781553967
0.7000000000000001,0.1,0.9000000000000001,0.09999999999999987,0.1,0.30000000000000004,0.7,0.28,5.8599472604746556e-05,1.0,0.00011719207781553967
0.7000000000000001,0.1,0.9000000000000001,0.09999999999999987,0.1,0.5000000000000001,0.4999999999999999,0.28,0.00023435669088352472,1.0,0.00046860356138706655
0.7000000000000001,0.1,0.9000000000000001,0.09999999999999987,0.1,0.7000000000000001,0.29999999999999993,0.28,0.00011719207781553967,1.0,0.00023435669088352472
0.7000000000000001,0.1,0.9000000000000001,0.09999999999999987,0.1,0.9000000000000001,0.09999999999999987,0.28,5.8599472604746556e-05,1.0,0.00011719207781553967
0.7000000000000001,0.1,0.9000000000000001,0.09999999999999987,0.30000000000000004,0.1,0.9,0.28,5.8599472604746556e-05,1.0,0.00011719207781553967
0.7000000000000001,0.1,0.9000000000000001,0.09999999999999987,0.30000000000000004,0.30000000000000004,0.7,0.28,0.00011719207781553967,1.0,0.00023435669088352472
0.7000000000000001,0.1,0.9000000000000001,0.09999999999999987,0.30000000000000004,0.5000000000000001,0.4999999999999999,0.28,0.00011719207781553967,1.0,0.00023435669088352472
0.7000000000000001,0.1,0.9000000000000001,0.09999999999999987,0.30000000000000004,0.7000000000000001,0.29999999999999993,0.28,5.8599472604746556e-05,1.0,0.00011719207781553967
0.7000000000000001,0.1,0.9000000000000001,0.09999999999999987,0.30000000000000004,0.9000000000000001,0.09999999999999987,0.28,0.00011719207781553967,1.0,0.00023435669088352472
0.7000000000000001,0.1,0.9000000000000001,0.09999999999999987,0.5000000000000001,0.1,0.9,0.28,5.8599472604746556e-05,1.0,0.00011719207781553967
0.7000000000000001,0.1,0.9000000000000001,0.09999999999999987,0.5000000000000001,0.30000000000000004,0.7,0.28,0.00011719207781553967,1.0,0.00023435669088352472
0.7000000000000001,0.1,0.9000000000000001,0.09999999999999987,0.5000000000000001,0.5000000000000001,0.4999999999999999,0.28,5.8599472604746556e-05,1.0,0.00011719207781553967
0.7000000000000001,0.1,0.9000000000000001,0.09999999999999987,0.5000000000000001,0.7000000000000001,0.29999999999999993,0.28,5.8599472604746556e-05,1.0,0.00011719207781553967
0.7000000000000001,0.1,0.9000000000000001,0.09999999999999987,0.5000000000000001,0.9000000000000001,0.09999999999999987,0.28,5.8599472604746556e-05,1.0,0.00011719207781553967
0.7000000000000001,0.1,0.9000000000000001,0.09999999999999987,0.7000000000000001,0.1,0.9,0.28,0.0,0.0,0.0
0.7000000000000001,0.1,0.9000000000000001,0.09999999999999987,0.7000000000000001,0.30000000000000004,0.7,0.28,0.0,0.0,0.0
0.7000000000000001,0.1,0.9000000000000001,0.09999999999999987,0.7000000000000001,0.5000000000000001,0.4999999999999999,0.28,0.0,0.0,0.0
0.7000000000000001,0.1,0.9000000000000001,0.09999999999999987,0.7000000000000001,0.7000000000000001,0.29999999999999993,0.28,0.0,0.0,0.0
0.7000000000000001,0.1,0.9000000000000001,0.09999999999999987,0.7000000000000001,0.9000000000000001,0.09999999999999987,0.28,0.0,0.0,0.0
0.7000000000000001,0.1,0.9000000000000001,0.09999999999999987,0.9000000000000001,0.1,0.9,0.28,0.0,0.0,0.0
0.7000000000000001,0.1,0.9000000000000001,0.09999999999999987,0.9000000000000001,0.30000000000000004,0.7,0.28,0.0,0.0,0.0
0.7000000000000001,0.1,0.9000000000000001,0.09999999999999987,0.9000000000000001,0.5000000000000001,0.4999999999999999,0.28,0.0,0.0,0.0
0.7000000000000001,0.1,0.9000000000000001,0.09999999999999987,0.9000000000000001,0.7000000000000001,0.29999999999999993,0.28,0.0,0.0,0.0
0.7000000000000001,0.1,0.9000000000000001,0.09999999999999987,0.9000000000000001,0.9000000000000001,0.09999999999999987,0.28,5.8599472604746556e-05,1.0,0.00011719207781553967
0.7000000000000001,0.30000000000000004,0.1,0.9,0.1,0.1,0.9,0.28,5.8599472604746556e-05,1.0,0.00011719207781553967
0.7000000000000001,0.30000000000000004,0.1,0.9,0.1,0.30000000000000004,0.7,0.28,5.8599472604746556e-05,1.0,0.00011719207781553967
0.7000000000000001,0.30000000000000004,0.1,0.9,0.1,0.5000000000000001,0.4999999999999999,0.28,5.8599472604746556e-05,1.0,0.00011719207781553967
0.7000000000000001,0.30000000000000004,0.1,0.9,0.1,0.7000000000000001,0.29999999999999993,0.28,0.00011719207781553967,1.0,0.00023435669088352472
0.7000000000000001,0.30000000000000004,0.1,0.9,0.1,0.9000000000000001,0.09999999999999987,0.28,0.00011719207781553967,1.0,0.00023435669088352472
0.7000000000000001,0.30000000000000004,0.1,0.9,0.30000000000000004,0.1,0.9,0.28,5.8599472604746556e-05,1.0,0.00011719207781553967
0.7000000000000001,0.30000000000000004,0.1,0.9,0.30000000000000004,0.30000000000000004,0.7,0.28,5.8599472604746556e-05,1.0,0.00011719207781553967
0.7000000000000001,0.30000000000000004,0.1,0.9,0.30000000000000004,0.5000000000000001,0.4999999999999999,0.28,0.0,0.0,0.0
0.7000000000000001,0.30000000000000004,0.1,0.9,0.30000000000000004,0.7000000000000001,0.29999999999999993,0.28,0.0,0.0,0.0
0.7000000000000001,0.30000000000000004,0.1,0.9,0.30000000000000004,0.9000000000000001,0.09999999999999987,0.28,0.0,0.0,0.0
0.7000000000000001,0.30000000000000004,0.1,0.9,0.5000000000000001,0.1,0.9,0.28,5.8599472604746556e-05,1.0,0.00011719207781553967
0.7000000000000001,0.30000000000000004,0.1,0.9,0.5000000000000001,0.30000000000000004,0.7,0.28,0.0,0.0,0.0
0.7000000000000001,0.30000000000000004,0.1,0.9,0.5000000000000001,0.5000000000000001,0.4999999999999999,0.28,5.8599472604746556e-05,1.0,0.00011719207781553967
0.7000000000000001,0.30000000000000004,0.1,0.9,0.5000000000000001,0.7000000000000001,0.29999999999999993,0.28,0.0,0.0,0.0
0.7000000000000001,0.30000000000000004,0.1,0.9,0.5000000000000001,0.9000000000000001,0.09999999999999987,0.28,5.8599472604746556e-05,1.0,0.00011719207781553967
0.7000000000000001,0.30000000000000004,0.1,0.9,0.7000000000000001,0.1,0.9,0.28,0.0,0.0,0.0
0.7000000000000001,0.30000000000000004,0.1,0.9,0.7000000000000001,0.30000000000000004,0.7,0.28,0.0,0.0,0.0
0.7000000000000001,0.30000000000000004,0.1,0.9,0.7000000000000001,0.5000000000000001,0.4999999999999999,0.28,0.0,0.0,0.0
0.7000000000000001,0.30000000000000004,0.1,0.9,0.7000000000000001,0.7000000000000001,0.29999999999999993,0.28,0.00011719207781553967,1.0,0.00023435669088352472
0.7000000000000001,0.30000000000000004,0.1,0.9,0.7000000000000001,0.9000000000000001,0.09999999999999987,0.28,5.8599472604746556e-05,1.0,0.00011719207781553967
0.7000000000000001,0.30000000000000004,0.1,0.9,0.9000000000000001,0.1,0.9,0.28,0.0,0.0,0.0
0.7000000000000001,0.30000000000000004,0.1,0.9,0.9000000000000001,0.30000000000000004,0.7,0.28,0.0,0.0,0.0
0.7000000000000001,0.30000000000000004,0.1,0.9,0.9000000000000001,0.5000000000000001,0.4999999999999999,0.28,0.0,0.0,0.0
0.7000000000000001,0.30000000000000004,0.1,0.9,0.9000000000000001,0.7000000000000001,0.29999999999999993,0.28,0.0,0.0,0.0
0.7000000000000001,0.30000000000000004,0.1,0.9,0.9000000000000001,0.9000000000000001,0.09999999999999987,0.28,5.8599472604746556e-05,1.0,0.00011719207781553967
0.7000000000000001,0.30000000000000004,0.30000000000000004,0.7,0.1,0.1,0.9,0.28,5.8599472604746556e-05,1.0,0.00011719207781553967
0.7000000000000001,0.30000000000000004,0.30000000000000004,0.7,0.1,0.30000000000000004,0.7,0.28,0.00011719207781553967,1.0,0.00023435669088352472
0.7000000000000001,0.30000000000000004,0.30000000000000004,0.7,0.1,0.5000000000000001,0.4999999999999999,0.28,5.8599472604746556e-05,1.0,0.00011719207781553967
0.7000000000000001,0.30000000000000004,0.30000000000000004,0.7,0.1,0.7000000000000001,0.29999999999999993,0.28,5.8599472604746556e-05,1.0,0.00011719207781553967
0.7000000000000001,0.30000000000000004,0.30000000000000004,0.7,0.1,0.9000000000000001,0.09999999999999987,0.28,5.8599472604746556e-05,1.0,0.00011719207781553967
0.7000000000000001,0.30000000000000004,0.30000000000000004,0.7,0.30000000000000004,0.1,0.9,0.28,0.0,0.0,0.0
0.7000000000000001,0.30000000000000004,0.30000000000000004,0.7,0.30000000000000004,0.30000000000000004,0.7,0.28,0.0,0.0,0.0
0.7000000000000001,0.30000000000000004,0.30000000000000004,0.7,0.30000000000000004,0.5000000000000001,0.4999999999999999,0.28,0.0,0.0,0.0
0.7000000000000001,0.30000000000000004,0.30000000000000004,0.7,0.30000000000000004,0.7000000000000001,0.29999999999999993,0.28,5.8599472604746556e-05,1.0,0.00011719207781553967
0.7000000000000001,0.30000000000000004,0.30000000000000004,0.7,0.30000000000000004,0.9000000000000001,0.09999999999999987,0.28,0.0,0.0,0.0
0.7000000000000001,0.30000000000000004,0.30000000000000004,0.7,0.5000000000000001,0.1,0.9,0.28,0.0,0.0,0.0
0.7000000000000001,0.30000000000000004,0.30000000000000004,0.7,0.5000000000000001,0.30000000000000004,0.7,0.28,0.0,0.0,0.0
0.7000000000000001,0.30000000000000004,0.30000000000000004,0.7,0.5000000000000001,0.5000000000000001,0.4999999999999999,0.28,0.0,0.0,0.0
0.7000000000000001,0.30000000000000004,0.30000000000000004,0.7,0.5000000000000001,0.7000000000000001,0.29999999999999993,0.28,5.8599472604746556e-05,1.0,0.00011719207781553967
0.7000000000000001,0.30000000000000004,0.30000000000000004,0.7,0.5000000000000001,0.9000000000000001,0.09999999999999987,0.28,0.0,0.0,0.0
0.7000000000000001,0.30000000000000004,0.30000000000000004,0.7,0.7000000000000001,0.1,0.9,0.28,0.0,0.0,0.0
0.7000000000000001,0.30000000000000004,0.30000000000000004,0.7,0.7000000000000001,0.30000000000000004,0.7,0.28,0.0,0.0,0.0
0.7000000000000001,0.30000000000000004,0.30000000000000004,0.7,0.7000000000000001,0.5000000000000001,0.4999999999999999,0.28,0.0,0.0,0.0
0.7000000000000001,0.30000000000000004,0.30000000000000004,0.7,0.7000000000000001,0.7000000000000001,0.29999999999999993,0.28,0.0,0.0,0.0
0.7000000000000001,0.30000000000000004,0.30000000000000004,0.7,0.7000000000000001,0.9000000000000001,0.09999999999999987,0.28,0.0,0.0,0.0
0.7000000000000001,0.30000000000000004,0.30000000000000004,0.7,0.9000000000000001,0.1,0.9,0.28,0.00011719207781553967,1.0,0.00023435669088352472
0.7000000000000001,0.30000000000000004,0.30000000000000004,0.7,0.9000000000000001,0.30000000000000004,0.7,0.28,0.0,0.0,0.0
0.7000000000000001,0.30000000000000004,0.30000000000000004,0.7,0.9000000000000001,0.5000000000000001,0.4999999999999999,0.28,0.0,0.0,0.0
0.7000000000000001,0.30000000000000004,0.30000000000000004,0.7,0.9000000000000001,0.7000000000000001,0.29999999999999993,0.28,0.0,0.0,0.0
0.7000000000000001,0.30000000000000004,0.30000000000000004,0.7,0.9000000000000001,0.9000000000000001,0.09999999999999987,0.28,0.0,0.0,0.0
0.7000000000000001,0.30000000000000004,0.5000000000000001,0.4999999999999999,0.1,0.1,0.9,0.28,0.00017577781683951485,1.0,0.000351493848857645
0.7000000000000001,0.30000000000000004,0.5000000000000001,0.4999999999999999,0.1,0.30000000000000004,0.7,0.28,0.00017577781683951485,1.0,0.000351493848857645
0.7000000000000001,0.30000000000000004,0.5000000000000001,0.4999999999999999,0.1,0.5000000000000001,0.4999999999999999,0.28,5.8599472604746556e-05,1.0,0.00011719207781553967
0.7000000000000001,0.30000000000000004,0.5000000000000001,0.4999999999999999,0.1,0.7000000000000001,0.29999999999999993,0.28,5.8599472604746556e-05,1.0,0.00011719207781553967
0.7000000000000001,0.30000000000000004,0.5000000000000001,0.4999999999999999,0.1,0.9000000000000001,0.09999999999999987,0.28,5.8599472604746556e-05,1.0,0.00011719207781553967
0.7000000000000001,0.30000000000000004,0.5000000000000001,0.4999999999999999,0.30000000000000004,0.1,0.9,0.28,0.0,0.0,0.0
0.7000000000000001,0.30000000000000004,0.5000000000000001,0.4999999999999999,0.30000000000000004,0.30000000000000004,0.7,0.28,0.0,0.0,0.0
0.7000000000000001,0.30000000000000004,0.5000000000000001,0.4999999999999999,0.30000000000000004,0.5000000000000001,0.4999999999999999,0.28,0.0,0.0,0.0
0.7000000000000001,0.30000000000000004,0.5000000000000001,0.4999999999999999,0.30000000000000004,0.7000000000000001,0.29999999999999993,0.28,0.0,0.0,0.0
0.7000000000000001,0.30000000000000004,0.5000000000000001,0.4999999999999999,0.30000000000000004,0.9000000000000001,0.09999999999999987,0.28,0.0,0.0,0.0
0.7000000000000001,0.30000000000000004,0.5000000000000001,0.4999999999999999,0.5000000000000001,0.1,0.9,0.28,0.0,0.0,0.0
0.7000000000000001,0.30000000000000004,0.5000000000000001,0.4999999999999999,0.5000000000000001,0.30000000000000004,0.7,0.28,0.0,0.0,0.0
0.7000000000000001,0.30000000000000004,0.5000000000000001,0.4999999999999999,0.5000000000000001,0.5000000000000001,0.4999999999999999,0.28,5.8599472604746556e-05,1.0,0.00011719207781553967
0.7000000000000001,0.30000000000000004,0.5000000000000001,0.4999999999999999,0.5000000000000001,0.7000000000000001,0.29999999999999993,0.28,0.0,0.0,0.0
0.7000000000000001,0.30000000000000004,0.5000000000000001,0.4999999999999999,0.5000000000000001,0.9000000000000001,0.09999999999999987,0.28,0.0,0.0,0.0
0.7000000000000001,0.30000000000000004,0.5000000000000001,0.4999999999999999,0.7000000000000001,0.1,0.9,0.28,0.00023435669088352472,1.0,0.00046860356138706655
0.7000000000000001,0.30000000000000004,0.5000000000000001,0.4999999999999999,0.7000000000000001,0.30000000000000004,0.7,0.28,0.0,0.0,0.0
0.7000000000000001,0.30000000000000004,0.5000000000000001,0.4999999999999999,0.7000000000000001,0.5000000000000001,0.4999999999999999,0.28,0.0,0.0,0.0
0.7000000000000001,0.30000000000000004,0.5000000000000001,0.4999999999999999,0.7000000000000001,0.7000000000000001,0.29999999999999993,0.28,0.0,0.0,0.0
0.7000000000000001,0.30000000000000004,0.5000000000000001,0.4999999999999999,0.7000000000000001,0.9000000000000001,0.09999999999999987,0.28,0.0,0.0,0.0
0.7000000000000001,0.30000000000000004,0.5000000000000001,0.4999999999999999,0.9000000000000001,0.1,0.9,0.28,0.0,0.0,0.0
0.7000000000000001,0.30000000000000004,0.5000000000000001,0.4999999999999999,0.9000000000000001,0.30000000000000004,0.7,0.28,0.0,0.0,0.0
0.7000000000000001,0.30000000000000004,0.5000000000000001,0.4999999999999999,0.9000000000000001,0.5000000000000001,0.4999999999999999,0.28,5.8599472604746556e-05,1.0,0.00011719207781553967
0.7000000000000001,0.30000000000000004,0.5000000000000001,0.4999999999999999,0.9000000000000001,0.7000000000000001,0.29999999999999993,0.28,0.0,0.0,0.0
0.7000000000000001,0.30000000000000004,0.5000000000000001,0.4999999999999999,0.9000000000000001,0.9000000000000001,0.09999999999999987,0.28,5.8599472604746556e-05,1.0,0.00011719207781553967
0.7000000000000001,0.30000000000000004,0.7000000000000001,0.29999999999999993,0.1,0.1,0.9,0.28,5.8599472604746556e-05,1.0,0.00011719207781553967
0.7000000000000001,0.30000000000000004,0.7000000000000001,0.29999999999999993,0.1,0.30000000000000004,0.7,0.28,5.8599472604746556e-05,1.0,0.00011719207781553967
0.7000000000000001,0.30000000000000004,0.7000000000000001,0.29999999999999993,0.1,0.5000000000000001,0.4999999999999999,0.28,5.8599472604746556e-05,1.0,0.00011719207781553967
0.7000000000000001,0.30000000000000004,0.7000000000000001,0.29999999999999993,0.1,0.7000000000000001,0.29999999999999993,0.28,0.00011719207781553967,1.0,0.00023435669088352472
0.7000000000000001,0.30000000000000004,0.7000000000000001,0.29999999999999993,0.1,0.9000000000000001,0.09999999999999987,0.28,5.8599472604746556e-05,1.0,0.00011719207781553967
0.7000000000000001,0.30000000000000004,0.7000000000000001,0.29999999999999993,0.30000000000000004,0.1,0.9,0.28,0.00017577781683951485,1.0,0.000351493848857645
0.7000000000000001,0.30000000000000004,0.7000000000000001,0.29999999999999993,0.30000000000000004,0.30000000000000004,0.7,0.28,5.8599472604746556e-05,1.0,0.00011719207781553967
0.7000000000000001,0.30000000000000004,0.7000000000000001,0.29999999999999993,0.30000000000000004,0.5000000000000001,0.4999999999999999,0.28,5.8599472604746556e-05,1.0,0.00011719207781553967
0.7000000000000001,0.30000000000000004,0.7000000000000001,0.29999999999999993,0.30000000000000004,0.7000000000000001,0.29999999999999993,0.28,0.0,0.0,0.0
0.7000000000000001,0.30000000000000004,0.7000000000000001,0.29999999999999993,0.30000000000000004,0.9000000000000001,0.09999999999999987,0.28,0.0,0.0,0.0
0.7000000000000001,0.30000000000000004,0.7000000000000001,0.29999999999999993,0.5000000000000001,0.1,0.9,0.28,0.0,0.0,0.0
0.7000000000000001,0.30000000000000004,0.7000000000000001,0.29999999999999993,0.5000000000000001,0.30000000000000004,0.7,0.28,5.8599472604746556e-05,1.0,0.00011719207781553967
0.7000000000000001,0.30000000000000004,0.7000000000000001,0.29999999999999993,0.5000000000000001,0.5000000000000001,0.4999999999999999,0.28,0.0,0.0,0.0
0.7000000000000001,0.30000000000000004,0.7000000000000001,0.29999999999999993,0.5000000000000001,0.7000000000000001,0.29999999999999993,0.28,0.0,0.0,0.0
0.7000000000000001,0.30000000000000004,0.7000000000000001,0.29999999999999993,0.5000000000000001,0.9000000000000001,0.09999999999999987,0.28,5.8599472604746556e-05,1.0,0.00011719207781553967
0.7000000000000001,0.30000000000000004,0.7000000000000001,0.29999999999999993,0.7000000000000001,0.1,0.9,0.28,0.0,0.0,0.0
0.7000000000000001,0.30000000000000004,0.7000000000000001,0.29999999999999993,0.7000000000000001,0.30000000000000004,0.7,0.28,0.0,0.0,0.0
0.7000000000000001,0.30000000000000004,0.7000000000000001,0.29999999999999993,0.7000000000000001,0.5000000000000001,0.4999999999999999,0.28,5.8599472604746556e-05,1.0,0.00011719207781553967
0.7000000000000001,0.30000000000000004,0.7000000000000001,0.29999999999999993,0.7000000000000001,0.7000000000000001,0.29999999999999993,0.28,0.00011719207781553967,1.0,0.00023435669088352472
0.7000000000000001,0.30000000000000004,0.7000000000000001,0.29999999999999993,0.7000000000000001,0.9000000000000001,0.09999999999999987,0.28,0.00011719207781553967,1.0,0.00023435669088352472
0.7000000000000001,0.30000000000000004,0.7000000000000001,0.29999999999999993,0.9000000000000001,0.1,0.9,0.28,5.8599472604746556e-05,1.0,0.00011719207781553967
0.7000000000000001,0.30000000000000004,0.7000000000000001,0.29999999999999993,0.9000000000000001,0.30000000000000004,0.7,0.28,0.00017577781683951485,1.0,0.000351493848857645
0.7000000000000001,0.30000000000000004,0.7000000000000001,0.29999999999999993,0.9000000000000001,0.5000000000000001,0.4999999999999999,0.28,5.8599472604746556e-05,1.0,0.00011719207781553967
0.7000000000000001,0.30000000000000004,0.7000000000000001,0.29999999999999993,0.9000000000000001,0.7000000000000001,0.29999999999999993,0.28,0.0,0.0,0.0
0.7000000000000001,0.30000000000000004,0.7000000000000001,0.29999999999999993,0.9000000000000001,0.9000000000000001,0.09999999999999987,0.28,0.0,0.0,0.0
0.7000000000000001,0.30000000000000004,0.9000000000000001,0.09999999999999987,0.1,0.1,0.9,0.28,5.8599472604746556e-05,1.0,0.00011719207781553967
0.7000000000000001,0.30000000000000004,0.9000000000000001,0.09999999999999987,0.1,0.30000000000000004,0.7,0.28,0.00023435669088352472,1.0,0.00046860356138706655
0.7000000000000001,0.30000000000000004,0.9000000000000001,0.09999999999999987,0.1,0.5000000000000001,0.4999999999999999,0.28,5.8599472604746556e-05,1.0,0.00011719207781553967
0.7000000000000001,0.30000000000000004,0.9000000000000001,0.09999999999999987,0.1,0.7000000000000001,0.29999999999999993,0.28,5.8599472604746556e-05,1.0,0.00011719207781553967
0.7000000000000001,0.30000000000000004,0.9000000000000001,0.09999999999999987,0.1,0.9000000000000001,0.09999999999999987,0.28,5.8599472604746556e-05,1.0,0.00011719207781553967
0.7000000000000001,0.30000000000000004,0.9000000000000001,0.09999999999999987,0.30000000000000004,0.1,0.9,0.28,5.8599472604746556e-05,1.0,0.00011719207781553967
0.7000000000000001,0.30000000000000004,0.9000000000000001,0.09999999999999987,0.30000000000000004,0.30000000000000004,0.7,0.28,0.0,0.0,0.0
0.7000000000000001,0.30000000000000004,0.9000000000000001,0.09999999999999987,0.30000000000000004,0.5000000000000001,0.4999999999999999,0.28,0.0,0.0,0.0
0.7000000000000001,0.30000000000000004,0.9000000000000001,0.09999999999999987,0.30000000000000004,0.7000000000000001,0.29999999999999993,0.28,0.0,0.0,0.0
0.7000000000000001,0.30000000000000004,0.9000000000000001,0.09999999999999987,0.30000000000000004,0.9000000000000001,0.09999999999999987,0.28,0.0,0.0,0.0
0.7000000000000001,0.30000000000000004,0.9000000000000001,0.09999999999999987,0.5000000000000001,0.1,0.9,0.28,0.0,0.0,0.0
0.7000000000000001,0.30000000000000004,0.9000000000000001,0.09999999999999987,0.5000000000000001,0.30000000000000004,0.7,0.28,5.8599472604746556e-05,1.0,0.00011719207781553967
0.7000000000000001,0.30000000000000004,0.9000000000000001,0.09999999999999987,0.5000000000000001,0.5000000000000001,0.4999999999999999,0.28,0.0,0.0,0.0
0.7000000000000001,0.30000000000000004,0.9000000000000001,0.09999999999999987,0.5000000000000001,0.7000000000000001,0.29999999999999993,0.28,0.0,0.0,0.0
0.7000000000000001,0.30000000000000004,0.9000000000000001,0.09999999999999987,0.5000000000000001,0.9000000000000001,0.09999999999999987,0.28,0.0,0.0,0.0
0.7000000000000001,0.30000000000000004,0.9000000000000001,0.09999999999999987,0.7000000000000001,0.1,0.9,0.28,0.0,0.0,0.0
0.7000000000000001,0.30000000000000004,0.9000000000000001,0.09999999999999987,0.7000000000000001,0.30000000000000004,0.7,0.28,5.8599472604746556e-05,1.0,0.00011719207781553967
0.7000000000000001,0.30000000000000004,0.9000000000000001,0.09999999999999987,0.7000000000000001,0.5000000000000001,0.4999999999999999,0.28,0.00017577781683951485,1.0,0.000351493848857645
0.7000000000000001,0.30000000000000004,0.9000000000000001,0.09999999999999987,0.7000000000000001,0.7000000000000001,0.29999999999999993,0.28,5.8599472604746556e-05,1.0,0.00011719207781553967
0.7000000000000001,0.30000000000000004,0.9000000000000001,0.09999999999999987,0.7000000000000001,0.9000000000000001,0.09999999999999987,0.28,0.0,0.0,0.0
0.7000000000000001,0.30000000000000004,0.9000000000000001,0.09999999999999987,0.9000000000000001,0.1,0.9,0.28,0.0,0.0,0.0
0.7000000000000001,0.30000000000000004,0.9000000000000001,0.09999999999999987,0.9000000000000001,0.30000000000000004,0.7,0.28,0.0,0.0,0.0
0.7000000000000001,0.30000000000000004,0.9000000000000001,0.09999999999999987,0.9000000000000001,0.5000000000000001,0.4999999999999999,0.28,0.0,0.0,0.0
0.7000000000000001,0.30000000000000004,0.9000000000000001,0.09999999999999987,0.9000000000000001,0.7000000000000001,0.29999999999999993,0.28,5.8599472604746556e-05,1.0,0.00011719207781553967
0.7000000000000001,0.30000000000000004,0.9000000000000001,0.09999999999999987,0.9000000000000001,0.9000000000000001,0.09999999999999987,0.28,0.00011719207781553967,1.0,0.00023435669088352472
0.7000000000000001,0.5000000000000001,0.1,0.9,0.1,0.1,0.9,0.28,0.0,0.0,0.0
0.7000000000000001,0.5000000000000001,0.1,0.9,0.1,0.30000000000000004,0.7,0.28,0.0,0.0,0.0
0.7000000000000001,0.5000000000000001,0.1,0.9,0.1,0.5000000000000001,0.4999999999999999,0.28,5.8599472604746556e-05,1.0,0.00011719207781553967
0.7000000000000001,0.5000000000000001,0.1,0.9,0.1,0.7000000000000001,0.29999999999999993,0.28,0.0,0.0,0.0
0.7000000000000001,0.5000000000000001,0.1,0.9,0.1,0.9000000000000001,0.09999999999999987,0.28,0.0,0.0,0.0
0.7000000000000001,0.5000000000000001,0.1,0.9,0.30000000000000004,0.1,0.9,0.28,0.0,0.0,0.0
0.7000000000000001,0.5000000000000001,0.1,0.9,0.30000000000000004,0.30000000000000004,0.7,0.28,0.0,0.0,0.0
0.7000000000000001,0.5000000000000001,0.1,0.9,0.30000000000000004,0.5000000000000001,0.4999999999999999,0.28,5.8599472604746556e-05,1.0,0.00011719207781553967
0.7000000000000001,0.5000000000000001,0.1,0.9,0.30000000000000004,0.7000000000000001,0.29999999999999993,0.28,0.0,0.0,0.0
0.7000000000000001,0.5000000000000001,0.1,0.9,0.30000000000000004,0.9000000000000001,0.09999999999999987,0.28,5.8599472604746556e-05,1.0,0.00011719207781553967
0.7000000000000001,0.5000000000000001,0.1,0.9,0.5000000000000001,0.1,0.9,0.28,0.0,0.0,0.0
0.7000000000000001,0.5000000000000001,0.1,0.9,0.5000000000000001,0.30000000000000004,0.7,0.28,0.0,0.0,0.0
0.7000000000000001,0.5000000000000001,0.1,0.9,0.5000000000000001,0.5000000000000001,0.4999999999999999,0.28,0.00011719207781553967,1.0,0.00023435669088352472
0.7000000000000001,0.5000000000000001,0.1,0.9,0.5000000000000001,0.7000000000000001,0.29999999999999993,0.28,0.0,0.0,0.0
0.7000000000000001,0.5000000000000001,0.1,0.9,0.5000000000000001,0.9000000000000001,0.09999999999999987,0.28,5.8599472604746556e-05,1.0,0.00011719207781553967
0.7000000000000001,0.5000000000000001,0.1,0.9,0.7000000000000001,0.1,0.9,0.28,0.0,0.0,0.0
0.7000000000000001,0.5000000000000001,0.1,0.9,0.7000000000000001,0.30000000000000004,0.7,0.28,0.0,0.0,0.0
0.7000000000000001,0.5000000000000001,0.1,0.9,0.7000000000000001,0.5000000000000001,0.4999999999999999,0.28,0.0,0.0,0.0
0.7000000000000001,0.5000000000000001,0.1,0.9,0.7000000000000001,0.7000000000000001,0.29999999999999993,0.28,5.8599472604746556e-05,1.0,0.00011719207781553967
0.7000000000000001,0.5000000000000001,0.1,0.9,0.7000000000000001,0.9000000000000001,0.09999999999999987,0.28,0.0,0.0,0.0
0.7000000000000001,0.5000000000000001,0.1,0.9,0.9000000000000001,0.1,0.9,0.28,0.0,0.0,0.0
0.7000000000000001,0.5000000000000001,0.1,0.9,0.9000000000000001,0.30000000000000004,0.7,0.28,0.0,0.0,0.0
0.7000000000000001,0.5000000000000001,0.1,0.9,0.9000000000000001,0.5000000000000001,0.4999999999999999,0.28,5.8599472604746556e-05,1.0,0.00011719207781553967
0.7000000000000001,0.5000000000000001,0.1,0.9,0.9000000000000001,0.7000000000000001,0.29999999999999993,0.28,0.0,0.0,0.0
0.7000000000000001,0.5000000000000001,0.1,0.9,0.9000000000000001,0.9000000000000001,0.09999999999999987,0.28,0.0,0.0,0.0
0.7000000000000001,0.5000000000000001,0.30000000000000004,0.7,0.1,0.1,0.9,0.28,0.0,0.0,0.0
0.7000000000000001,0.5000000000000001,0.30000000000000004,0.7,0.1,0.30000000000000004,0.7,0.28,5.8599472604746556e-05,1.0,0.00011719207781553967
0.7000000000000001,0.5000000000000001,0.30000000000000004,0.7,0.1,0.5000000000000001,0.4999999999999999,0.28,0.0,0.0,0.0
0.7000000000000001,0.5000000000000001,0.30000000000000004,0.7,0.1,0.7000000000000001,0.29999999999999993,0.28,0.0,0.0,0.0
0.7000000000000001,0.5000000000000001,0.30000000000000004,0.7,0.1,0.9000000000000001,0.09999999999999987,0.28,0.0,0.0,0.0
0.7000000000000001,0.5000000000000001,0.30000000000000004,0.7,0.30000000000000004,0.1,0.9,0.28,0.0,0.0,0.0
0.7000000000000001,0.5000000000000001,0.30000000000000004,0.7,0.30000000000000004,0.30000000000000004,0.7,0.28,0.0,0.0,0.0
0.7000000000000001,0.5000000000000001,0.30000000000000004,0.7,0.30000000000000004,0.5000000000000001,0.4999999999999999,0.28,0.0,0.0,0.0
0.7000000000000001,0.5000000000000001,0.30000000000000004,0.7,0.30000000000000004,0.7000000000000001,0.29999999999999993,0.28,0.0,0.0,0.0
0.7000000000000001,0.5000000000000001,0.30000000000000004,0.7,0.30000000000000004,0.9000000000000001,0.09999999999999987,0.28,0.00011719207781553967,1.0,0.00023435669088352472
0.7000000000000001,0.5000000000000001,0.30000000000000004,0.7,0.5000000000000001,0.1,0.9,0.28,0.0,0.0,0.0
0.7000000000000001,0.5000000000000001,0.30000000000000004,0.7,0.5000000000000001,0.30000000000000004,0.7,0.28,5.8599472604746556e-05,1.0,0.00011719207781553967
0.7000000000000001,0.5000000000000001,0.30000000000000004,0.7,0.5000000000000001,0.5000000000000001,0.4999999999999999,0.28,5.8599472604746556e-05,1.0,0.00011719207781553967
0.7000000000000001,0.5000000000000001,0.30000000000000004,0.7,0.5000000000000001,0.7000000000000001,0.29999999999999993,0.28,5.8599472604746556e-05,1.0,0.00011719207781553967
0.7000000000000001,0.5000000000000001,0.30000000000000004,0.7,0.5000000000000001,0.9000000000000001,0.09999999999999987,0.28,0.0,0.0,0.0
0.7000000000000001,0.5000000000000001,0.30000000000000004,0.7,0.7000000000000001,0.1,0.9,0.28,0.0,0.0,0.0
0.7000000000000001,0.5000000000000001,0.30000000000000004,0.7,0.7000000000000001,0.30000000000000004,0.7,0.28,0.0,0.0,0.0
0.7000000000000001,0.5000000000000001,0.30000000000000004,0.7,0.7000000000000001,0.5000000000000001,0.4999999999999999,0.28,0.00011719207781553967,1.0,0.00023435669088352472
0.7000000000000001,0.5000000000000001,0.30000000000000004,0.7,0.7000000000000001,0.7000000000000001,0.29999999999999993,0.28,0.0,0.0,0.0
0.7000000000000001,0.5000000000000001,0.30000000000000004,0.7,0.7000000000000001,0.9000000000000001,0.09999999999999987,0.28,0.0,0.0,0.0
0.7000000000000001,0.5000000000000001,0.30000000000000004,0.7,0.9000000000000001,0.1,0.9,0.28,0.0,0.0,0.0
0.7000000000000001,0.5000000000000001,0.30000000000000004,0.7,0.9000000000000001,0.30000000000000004,0.7,0.28,0.0,0.0,0.0
0.7000000000000001,0.5000000000000001,0.30000000000000004,0.7,0.9000000000000001,0.5000000000000001,0.4999999999999999,0.28,0.00011719207781553967,1.0,0.00023435669088352472
0.7000000000000001,0.5000000000000001,0.30000000000000004,0.7,0.9000000000000001,0.7000000000000001,0.29999999999999993,0.28,0.00017577781683951485,1.0,0.000351493848857645
0.7000000000000001,0.5000000000000001,0.30000000000000004,0.7,0.9000000000000001,0.9000000000000001,0.09999999999999987,0.28,0.0,0.0,0.0
0.7000000000000001,0.5000000000000001,0.5000000000000001,0.4999999999999999,0.1,0.1,0.9,0.28,0.0,0.0,0.0
0.7000000000000001,0.5000000000000001,0.5000000000000001,0.4999999999999999,0.1,0.30000000000000004,0.7,0.28,0.0,0.0,0.0
0.7000000000000001,0.5000000000000001,0.5000000000000001,0.4999999999999999,0.1,0.5000000000000001,0.4999999999999999,0.28,0.0,0.0,0.0
0.7000000000000001,0.5000000000000001,0.5000000000000001,0.4999999999999999,0.1,0.7000000000000001,0.29999999999999993,0.28,0.0,0.0,0.0
0.7000000000000001,0.5000000000000001,0.5000000000000001,0.4999999999999999,0.1,0.9000000000000001,0.09999999999999987,0.28,0.0,0.0,0.0
0.7000000000000001,0.5000000000000001,0.5000000000000001,0.4999999999999999,0.30000000000000004,0.1,0.9,0.28,0.0,0.0,0.0
0.7000000000000001,0.5000000000000001,0.5000000000000001,0.4999999999999999,0.30000000000000004,0.30000000000000004,0.7,0.28,0.0,0.0,0.0
0.7000000000000001,0.5000000000000001,0.5000000000000001,0.4999999999999999,0.30000000000000004,0.5000000000000001,0.4999999999999999,0.28,0.0,0.0,0.0
0.7000000000000001,0.5000000000000001,0.5000000000000001,0.4999999999999999,0.30000000000000004,0.7000000000000001,0.29999999999999993,0.28,5.8599472604746556e-05,1.0,0.00011719207781553967
0.7000000000000001,0.5000000000000001,0.5000000000000001,0.4999999999999999,0.30000000000000004,0.9000000000000001,0.09999999999999987,0.28,0.00011719207781553967,1.0,0.00023435669088352472
0.7000000000000001,0.5000000000000001,0.5000000000000001,0.4999999999999999,0.5000000000000001,0.1,0.9,0.28,5.8599472604746556e-05,1.0,0.00011719207781553967
0.7000000000000001,0.5000000000000001,0.5000000000000001,0.4999999999999999,0.5000000000000001,0.30000000000000004,0.7,0.28,5.8599472604746556e-05,1.0,0.00011719207781553967
0.7000000000000001,0.5000000000000001,0.5000000000000001,0.4999999999999999,0.5000000000000001,0.5000000000000001,0.4999999999999999,0.28,0.0,0.0,0.0
0.7000000000000001,0.5000000000000001,0.5000000000000001,0.4999999999999999,0.5000000000000001,0.7000000000000001,0.29999999999999993,0.28,0.0,0.0,0.0
0.7000000000000001,0.5000000000000001,0.5000000000000001,0.4999999999999999,0.5000000000000001,0.9000000000000001,0.09999999999999987,0.28,0.0,0.0,0.0
0.7000000000000001,0.5000000000000001,0.5000000000000001,0.4999999999999999,0.7000000000000001,0.1,0.9,0.28,0.0,0.0,0.0
0.7000000000000001,0.5000000000000001,0.5000000000000001,0.4999999999999999,0.7000000000000001,0.30000000000000004,0.7,0.28,0.0,0.0,0.0
0.7000000000000001,0.5000000000000001,0.5000000000000001,0.4999999999999999,0.7000000000000001,0.5000000000000001,0.4999999999999999,0.28,5.8599472604746556e-05,1.0,0.00011719207781553967
0.7000000000000001,0.5000000000000001,0.5000000000000001,0.4999999999999999,0.7000000000000001,0.7000000000000001,0.29999999999999993,0.28,0.00017577781683951485,1.0,0.000351493848857645
0.7000000000000001,0.5000000000000001,0.5000000000000001,0.4999999999999999,0.7000000000000001,0.9000000000000001,0.09999999999999987,0.28,5.8599472604746556e-05,1.0,0.00011719207781553967
0.7000000000000001,0.5000000000000001,0.5000000000000001,0.4999999999999999,0.9000000000000001,0.1,0.9,0.28,0.0,0.0,0.0
0.7000000000000001,0.5000000000000001,0.5000000000000001,0.4999999999999999,0.9000000000000001,0.30000000000000004,0.7,0.28,0.00011719207781553967,1.0,0.00023435669088352472
0.7000000000000001,0.5000000000000001,0.5000000000000001,0.4999999999999999,0.9000000000000001,0.5000000000000001,0.4999999999999999,0.28,0.0,0.0,0.0
0.7000000000000001,0.5000000000000001,0.5000000000000001,0.4999999999999999,0.9000000000000001,0.7000000000000001,0.29999999999999993,0.28,0.00017577781683951485,1.0,0.000351493848857645
0.7000000000000001,0.5000000000000001,0.5000000000000001,0.4999999999999999,0.9000000000000001,0.9000000000000001,0.09999999999999987,0.28,0.0,0.0,0.0
0.7000000000000001,0.5000000000000001,0.7000000000000001,0.29999999999999993,0.1,0.1,0.9,0.28,0.0,0.0,0.0
0.7000000000000001,0.5000000000000001,0.7000000000000001,0.29999999999999993,0.1,0.30000000000000004,0.7,0.28,0.0,0.0,0.0
0.7000000000000001,0.5000000000000001,0.7000000000000001,0.29999999999999993,0.1,0.5000000000000001,0.4999999999999999,0.28,0.0,0.0,0.0
0.7000000000000001,0.5000000000000001,0.7000000000000001,0.29999999999999993,0.1,0.7000000000000001,0.29999999999999993,0.28,0.0,0.0,0.0
0.7000000000000001,0.5000000000000001,0.7000000000000001,0.29999999999999993,0.1,0.9000000000000001,0.09999999999999987,0.28,5.8599472604746556e-05,1.0,0.00011719207781553967
0.7000000000000001,0.5000000000000001,0.7000000000000001,0.29999999999999993,0.30000000000000004,0.1,0.9,0.28,5.8599472604746556e-05,1.0,0.00011719207781553967
0.7000000000000001,0.5000000000000001,0.7000000000000001,0.29999999999999993,0.30000000000000004,0.30000000000000004,0.7,0.28,0.0,0.0,0.0
0.7000000000000001,0.5000000000000001,0.7000000000000001,0.29999999999999993,0.30000000000000004,0.5000000000000001,0.4999999999999999,0.28,0.00011719207781553967,1.0,0.00023435669088352472
0.7000000000000001,0.5000000000000001,0.7000000000000001,0.29999999999999993,0.30000000000000004,0.7000000000000001,0.29999999999999993,0.28,0.0,0.0,0.0
0.7000000000000001,0.5000000000000001,0.7000000000000001,0.29999999999999993,0.30000000000000004,0.9000000000000001,0.09999999999999987,0.28,5.8599472604746556e-05,1.0,0.00011719207781553967
0.7000000000000001,0.5000000000000001,0.7000000000000001,0.29999999999999993,0.5000000000000001,0.1,0.9,0.28,0.00011719207781553967,1.0,0.00023435669088352472
0.7000000000000001,0.5000000000000001,0.7000000000000001,0.29999999999999993,0.5000000000000001,0.30000000000000004,0.7,0.28,0.0,0.0,0.0
0.7000000000000001,0.5000000000000001,0.7000000000000001,0.29999999999999993,0.5000000000000001,0.5000000000000001,0.4999999999999999,0.28,0.0,0.0,0.0
0.7000000000000001,0.5000000000000001,0.7000000000000001,0.29999999999999993,0.5000000000000001,0.7000000000000001,0.29999999999999993,0.28,0.0,0.0,0.0
0.7000000000000001,0.5000000000000001,0.7000000000000001,0.29999999999999993,0.5000000000000001,0.9000000000000001,0.09999999999999987,0.28,0.0,0.0,0.0
0.7000000000000001,0.5000000000000001,0.7000000000000001,0.29999999999999993,0.7000000000000001,0.1,0.9,0.28,0.0,0.0,0.0
0.7000000000000001,0.5000000000000001,0.7000000000000001,0.29999999999999993,0.7000000000000001,0.30000000000000004,0.7,0.28,0.0,0.0,0.0
0.7000000000000001,0.5000000000000001,0.7000000000000001,0.29999999999999993,0.7000000000000001,0.5000000000000001,0.4999999999999999,0.28,0.0,0.0,0.0
0.7000000000000001,0.5000000000000001,0.7000000000000001,0.29999999999999993,0.7000000000000001,0.7000000000000001,0.29999999999999993,0.28,0.0,0.0,0.0
0.7000000000000001,0.5000000000000001,0.7000000000000001,0.29999999999999993,0.7000000000000001,0.9000000000000001,0.09999999999999987,0.28,5.8599472604746556e-05,1.0,0.00011719207781553967
0.7000000000000001,0.5000000000000001,0.7000000000000001,0.29999999999999993,0.9000000000000001,0.1,0.9,0.28,0.00011719207781553967,1.0,0.00023435669088352472
0.7000000000000001,0.5000000000000001,0.7000000000000001,0.29999999999999993,0.9000000000000001,0.30000000000000004,0.7,0.28,0.0,0.0,0.0
0.7000000000000001,0.5000000000000001,0.7000000000000001,0.29999999999999993,0.9000000000000001,0.5000000000000001,0.4999999999999999,0.28,5.8599472604746556e-05,1.0,0.00011719207781553967
0.7000000000000001,0.5000000000000001,0.7000000000000001,0.29999999999999993,0.9000000000000001,0.7000000000000001,0.29999999999999993,0.28,5.8599472604746556e-05,1.0,0.00011719207781553967
0.7000000000000001,0.5000000000000001,0.7000000000000001,0.29999999999999993,0.9000000000000001,0.9000000000000001,0.09999999999999987,0.28,0.0,0.0,0.0
0.7000000000000001,0.5000000000000001,0.9000000000000001,0.09999999999999987,0.1,0.1,0.9,0.28,0.0,0.0,0.0
0.7000000000000001,0.5000000000000001,0.9000000000000001,0.09999999999999987,0.1,0.30000000000000004,0.7,0.28,0.0,0.0,0.0
0.7000000000000001,0.5000000000000001,0.9000000000000001,0.09999999999999987,0.1,0.5000000000000001,0.4999999999999999,0.28,5.8599472604746556e-05,1.0,0.00011719207781553967
0.7000000000000001,0.5000000000000001,0.9000000000000001,0.09999999999999987,0.1,0.7000000000000001,0.29999999999999993,0.28,0.0,0.0,0.0
0.7000000000000001,0.5000000000000001,0.9000000000000001,0.09999999999999987,0.1,0.9000000000000001,0.09999999999999987,0.28,0.0,0.0,0.0
0.7000000000000001,0.5000000000000001,0.9000000000000001,0.09999999999999987,0.30000000000000004,0.1,0.9,0.28,0.0,0.0,0.0
0.7000000000000001,0.5000000000000001,0.9000000000000001,0.09999999999999987,0.30000000000000004,0.30000000000000004,0.7,0.28,0.0,0.0,0.0
0.7000000000000001,0.5000000000000001,0.9000000000000001,0.09999999999999987,0.30000000000000004,0.5000000000000001,0.4999999999999999,0.28,0.0,0.0,0.0
0.7000000000000001,0.5000000000000001,0.9000000000000001,0.09999999999999987,0.30000000000000004,0.7000000000000001,0.29999999999999993,0.28,0.0,0.0,0.0
0.7000000000000001,0.5000000000000001,0.9000000000000001,0.09999999999999987,0.30000000000000004,0.9000000000000001,0.09999999999999987,0.28,0.0,0.0,0.0
0.7000000000000001,0.5000000000000001,0.9000000000000001,0.09999999999999987,0.5000000000000001,0.1,0.9,0.28,0.0,0.0,0.0
0.7000000000000001,0.5000000000000001,0.9000000000000001,0.09999999999999987,0.5000000000000001,0.30000000000000004,0.7,0.28,5.8599472604746556e-05,1.0,0.00011719207781553967
0.7000000000000001,0.5000000000000001,0.9000000000000001,0.09999999999999987,0.5000000000000001,0.5000000000000001,0.4999999999999999,0.28,5.8599472604746556e-05,1.0,0.00011719207781553967
0.7000000000000001,0.5000000000000001,0.9000000000000001,0.09999999999999987,0.5000000000000001,0.7000000000000001,0.29999999999999993,0.28,0.0,0.0,0.0
0.7000000000000001,0.5000000000000001,0.9000000000000001,0.09999999999999987,0.5000000000000001,0.9000000000000001,0.09999999999999987,0.28,0.0,0.0,0.0
0.7000000000000001,0.5000000000000001,0.9000000000000001,0.09999999999999987,0.7000000000000001,0.1,0.9,0.28,0.0,0.0,0.0
0.7000000000000001,0.5000000000000001,0.9000000000000001,0.09999999999999987,0.7000000000000001,0.30000000000000004,0.7,0.28,0.0,0.0,0.0
0.7000000000000001,0.5000000000000001,0.9000000000000001,0.09999999999999987,0.7000000000000001,0.5000000000000001,0.4999999999999999,0.28,0.0,0.0,0.0
0.7000000000000001,0.5000000000000001,0.9000000000000001,0.09999999999999987,0.7000000000000001,0.7000000000000001,0.29999999999999993,0.28,0.00029292870115413906,1.0,0.0005856858381164344
0.7000000000000001,0.5000000000000001,0.9000000000000001,0.09999999999999987,0.7000000000000001,0.9000000000000001,0.09999999999999987,0.28,0.0,0.0,0.0
0.7000000000000001,0.5000000000000001,0.9000000000000001,0.09999999999999987,0.9000000000000001,0.1,0.9,0.28,5.8599472604746556e-05,1.0,0.00011719207781553967
0.7000000000000001,0.5000000000000001,0.9000000000000001,0.09999999999999987,0.9000000000000001,0.30000000000000004,0.7,0.28,0.00011719207781553967,1.0,0.00023435669088352472
0.7000000000000001,0.5000000000000001,0.9000000000000001,0.09999999999999987,0.9000000000000001,0.5000000000000001,0.4999999999999999,0.28,0.0,0.0,0.0
0.7000000000000001,0.5000000000000001,0.9000000000000001,0.09999999999999987,0.9000000000000001,0.7000000000000001,0.29999999999999993,0.28,0.0,0.0,0.0
0.7000000000000001,0.5000000000000001,0.9000000000000001,0.09999999999999987,0.9000000000000001,0.9000000000000001,0.09999999999999987,0.28,0.0,0.0,0.0
0.7000000000000001,0.7000000000000001,0.1,0.9,0.1,0.1,0.9,0.28,0.0,0.0,0.0
0.7000000000000001,0.7000000000000001,0.1,0.9,0.1,0.30000000000000004,0.7,0.28,0.0,0.0,0.0
0.7000000000000001,0.7000000000000001,0.1,0.9,0.1,0.5000000000000001,0.4999999999999999,0.28,0.0,0.0,0.0
0.7000000000000001,0.7000000000000001,0.1,0.9,0.1,0.7000000000000001,0.29999999999999993,0.28,0.0,0.0,0.0
0.7000000000000001,0.7000000000000001,0.1,0.9,0.1,0.9000000000000001,0.09999999999999987,0.28,0.0,0.0,0.0
0.7000000000000001,0.7000000000000001,0.1,0.9,0.30000000000000004,0.1,0.9,0.28,0.0,0.0,0.0
0.7000000000000001,0.7000000000000001,0.1,0.9,0.30000000000000004,0.30000000000000004,0.7,0.28,0.0,0.0,0.0
0.7000000000000001,0.7000000000000001,0.1,0.9,0.30000000000000004,0.5000000000000001,0.4999999999999999,0.28,0.00011719207781553967,1.0,0.00023435669088352472
0.7000000000000001,0.7000000000000001,0.1,0.9,0.30000000000000004,0.7000000000000001,0.29999999999999993,0.28,0.0,0.0,0.0
0.7000000000000001,0.7000000000000001,0.1,0.9,0.30000000000000004,0.9000000000000001,0.09999999999999987,0.28,5.8599472604746556e-05,1.0,0.00011719207781553967
0.7000000000000001,0.7000000000000001,0.1,0.9,0.5000000000000001,0.1,0.9,0.28,0.00011719207781553967,1.0,0.00023435669088352472
0.7000000000000001,0.7000000000000001,0.1,0.9,0.5000000000000001,0.30000000000000004,0.7,0.28,0.0,0.0,0.0
0.7000000000000001,0.7000000000000001,0.1,0.9,0.5000000000000001,0.5000000000000001,0.4999999999999999,0.28,0.0,0.0,0.0
0.7000000000000001,0.7000000000000001,0.1,0.9,0.5000000000000001,0.7000000000000001,0.29999999999999993,0.28,0.0,0.0,0.0
0.7000000000000001,0.7000000000000001,0.1,0.9,0.5000000000000001,0.9000000000000001,0.09999999999999987,0.28,5.8599472604746556e-05,1.0,0.00011719207781553967
0.7000000000000001,0.7000000000000001,0.1,0.9,0.7000000000000001,0.1,0.9,0.28,5.8599472604746556e-05,1.0,0.00011719207781553967
0.7000000000000001,0.7000000000000001,0.1,0.9,0.7000000000000001,0.30000000000000004,0.7,0.28,0.0,0.0,0.0
0.7000000000000001,0.7000000000000001,0.1,0.9,0.7000000000000001,0.5000000000000001,0.4999999999999999,0.28,0.0,0.0,0.0
0.7000000000000001,0.7000000000000001,0.1,0.9,0.7000000000000001,0.7000000000000001,0.29999999999999993,0.28,0.0,0.0,0.0
0.7000000000000001,0.7000000000000001,0.1,0.9,0.7000000000000001,0.9000000000000001,0.09999999999999987,0.28,0.0,0.0,0.0
0.7000000000000001,0.7000000000000001,0.1,0.9,0.9000000000000001,0.1,0.9,0.28,0.0,0.0,0.0
0.7000000000000001,0.7000000000000001,0.1,0.9,0.9000000000000001,0.30000000000000004,0.7,0.28,0.0,0.0,0.0
0.7000000000000001,0.7000000000000001,0.1,0.9,0.9000000000000001,0.5000000000000001,0.4999999999999999,0.28,0.0,0.0,0.0
0.7000000000000001,0.7000000000000001,0.1,0.9,0.9000000000000001,0.7000000000000001,0.29999999999999993,0.28,0.0,0.0,0.0
0.7000000000000001,0.7000000000000001,0.1,0.9,0.9000000000000001,0.9000000000000001,0.09999999999999987,0.28,0.0,0.0,0.0
0.7000000000000001,0.7000000000000001,0.30000000000000004,0.7,0.1,0.1,0.9,0.28,0.0,0.0,0.0
0.7000000000000001,0.7000000000000001,0.30000000000000004,0.7,0.1,0.30000000000000004,0.7,0.28,0.0,0.0,0.0
0.7000000000000001,0.7000000000000001,0.30000000000000004,0.7,0.1,0.5000000000000001,0.4999999999999999,0.28,0.0,0.0,0.0
0.7000000000000001,0.7000000000000001,0.30000000000000004,0.7,0.1,0.7000000000000001,0.29999999999999993,0.28,0.0,0.0,0.0
0.7000000000000001,0.7000000000000001,0.30000000000000004,0.7,0.1,0.9000000000000001,0.09999999999999987,0.28,0.0,0.0,0.0
0.7000000000000001,0.7000000000000001,0.30000000000000004,0.7,0.30000000000000004,0.1,0.9,0.28,0.00011719207781553967,1.0,0.00023435669088352472
0.7000000000000001,0.7000000000000001,0.30000000000000004,0.7,0.30000000000000004,0.30000000000000004,0.7,0.28,5.8599472604746556e-05,1.0,0.00011719207781553967
0.7000000000000001,0.7000000000000001,0.30000000000000004,0.7,0.30000000000000004,0.5000000000000001,0.4999999999999999,0.28,0.0,0.0,0.0
0.7000000000000001,0.7000000000000001,0.30000000000000004,0.7,0.30000000000000004,0.7000000000000001,0.29999999999999993,0.28,0.0,0.0,0.0
0.7000000000000001,0.7000000000000001,0.30000000000000004,0.7,0.30000000000000004,0.9000000000000001,0.09999999999999987,0.28,0.0,0.0,0.0
0.7000000000000001,0.7000000000000001,0.30000000000000004,0.7,0.5000000000000001,0.1,0.9,0.28,0.0,0.0,0.0
0.7000000000000001,0.7000000000000001,0.30000000000000004,0.7,0.5000000000000001,0.30000000000000004,0.7,0.28,0.0,0.0,0.0
0.7000000000000001,0.7000000000000001,0.30000000000000004,0.7,0.5000000000000001,0.5000000000000001,0.4999999999999999,0.28,0.0,0.0,0.0
0.7000000000000001,0.7000000000000001,0.30000000000000004,0.7,0.5000000000000001,0.7000000000000001,0.29999999999999993,0.28,0.0,0.0,0.0
0.7000000000000001,0.7000000000000001,0.30000000000000004,0.7,0.5000000000000001,0.9000000000000001,0.09999999999999987,0.28,0.00011719207781553967,1.0,0.00023435669088352472
0.7000000000000001,0.7000000000000001,0.30000000000000004,0.7,0.7000000000000001,0.1,0.9,0.28,0.0,0.0,0.0
0.7000000000000001,0.7000000000000001,0.30000000000000004,0.7,0.7000000000000001,0.30000000000000004,0.7,0.28,0.0,0.0,0.0
0.7000000000000001,0.7000000000000001,0.30000000000000004,0.7,0.7000000000000001,0.5000000000000001,0.4999999999999999,0.28,5.8599472604746556e-05,1.0,0.00011719207781553967
0.7000000000000001,0.7000000000000001,0.30000000000000004,0.7,0.7000000000000001,0.7000000000000001,0.29999999999999993,0.28,0.0,0.0,0.0
0.7000000000000001,0.7000000000000001,0.30000000000000004,0.7,0.7000000000000001,0.9000000000000001,0.09999999999999987,0.28,0.0,0.0,0.0
0.7000000000000001,0.7000000000000001,0.30000000000000004,0.7,0.9000000000000001,0.1,0.9,0.28,0.0,0.0,0.0
0.7000000000000001,0.7000000000000001,0.30000000000000004,0.7,0.9000000000000001,0.30000000000000004,0.7,0.28,0.0,0.0,0.0
0.7000000000000001,0.7000000000000001,0.30000000000000004,0.7,0.9000000000000001,0.5000000000000001,0.4999999999999999,0.28,0.0,0.0,0.0
0.7000000000000001,0.7000000000000001,0.30000000000000004,0.7,0.9000000000000001,0.7000000000000001,0.29999999999999993,0.28,0.0,0.0,0.0
0.7000000000000001,0.7000000000000001,0.30000000000000004,0.7,0.9000000000000001,0.9000000000000001,0.09999999999999987,0.28,0.0,0.0,0.0
0.7000000000000001,0.7000000000000001,0.5000000000000001,0.4999999999999999,0.1,0.1,0.9,0.28,0.0,0.0,0.0
0.7000000000000001,0.7000000000000001,0.5000000000000001,0.4999999999999999,0.1,0.30000000000000004,0.7,0.28,0.00017577781683951485,1.0,0.000351493848857645
0.7000000000000001,0.7000000000000001,0.5000000000000001,0.4999999999999999,0.1,0.5000000000000001,0.4999999999999999,0.28,0.00011719207781553967,1.0,0.00023435669088352472
0.7000000000000001,0.7000000000000001,0.5000000000000001,0.4999999999999999,0.1,0.7000000000000001,0.29999999999999993,0.28,5.8599472604746556e-05,1.0,0.00011719207781553967
0.7000000000000001,0.7000000000000001,0.5000000000000001,0.4999999999999999,0.1,0.9000000000000001,0.09999999999999987,0.28,0.00017577781683951485,1.0,0.000351493848857645
0.7000000000000001,0.7000000000000001,0.5000000000000001,0.4999999999999999,0.30000000000000004,0.1,0.9,0.28,0.00017577781683951485,1.0,0.000351493848857645
0.7000000000000001,0.7000000000000001,0.5000000000000001,0.4999999999999999,0.30000000000000004,0.30000000000000004,0.7,0.28,0.0,0.0,0.0
0.7000000000000001,0.7000000000000001,0.5000000000000001,0.4999999999999999,0.30000000000000004,0.5000000000000001,0.4999999999999999,0.28,5.8599472604746556e-05,1.0,0.00011719207781553967
0.7000000000000001,0.7000000000000001,0.5000000000000001,0.4999999999999999,0.30000000000000004,0.7000000000000001,0.29999999999999993,0.28,5.8599472604746556e-05,1.0,0.00011719207781553967
0.7000000000000001,0.7000000000000001,0.5000000000000001,0.4999999999999999,0.30000000000000004,0.9000000000000001,0.09999999999999987,0.28,0.0,0.0,0.0
0.7000000000000001,0.7000000000000001,0.5000000000000001,0.4999999999999999,0.5000000000000001,0.1,0.9,0.28,5.8599472604746556e-05,1.0,0.00011719207781553967
0.7000000000000001,0.7000000000000001,0.5000000000000001,0.4999999999999999,0.5000000000000001,0.30000000000000004,0.7,0.28,5.8599472604746556e-05,1.0,0.00011719207781553967
0.7000000000000001,0.7000000000000001,0.5000000000000001,0.4999999999999999,0.5000000000000001,0.5000000000000001,0.4999999999999999,0.28,0.0,0.0,0.0
0.7000000000000001,0.7000000000000001,0.5000000000000001,0.4999999999999999,0.5000000000000001,0.7000000000000001,0.29999999999999993,0.28,0.0,0.0,0.0
0.7000000000000001,0.7000000000000001,0.5000000000000001,0.4999999999999999,0.5000000000000001,0.9000000000000001,0.09999999999999987,0.28,0.0,0.0,0.0
0.7000000000000001,0.7000000000000001,0.5000000000000001,0.4999999999999999,0.7000000000000001,0.1,0.9,0.28,0.0,0.0,0.0
0.7000000000000001,0.7000000000000001,0.5000000000000001,0.4999999999999999,0.7000000000000001,0.30000000000000004,0.7,0.28,0.0,0.0,0.0
0.7000000000000001,0.7000000000000001,0.5000000000000001,0.4999999999999999,0.7000000000000001,0.5000000000000001,0.4999999999999999,0.28,0.0,0.0,0.0
0.7000000000000001,0.7000000000000001,0.5000000000000001,0.4999999999999999,0.7000000000000001,0.7000000000000001,0.29999999999999993,0.28,0.0,0.0,0.0
0.7000000000000001,0.7000000000000001,0.5000000000000001,0.4999999999999999,0.7000000000000001,0.9000000000000001,0.09999999999999987,0.28,0.0,0.0,0.0
0.7000000000000001,0.7000000000000001,0.5000000000000001,0.4999999999999999,0.9000000000000001,0.1,0.9,0.28,0.0,0.0,0.0
0.7000000000000001,0.7000000000000001,0.5000000000000001,0.4999999999999999,0.9000000000000001,0.30000000000000004,0.7,0.28,5.8599472604746556e-05,1.0,0.00011719207781553967
0.7000000000000001,0.7000000000000001,0.5000000000000001,0.4999999999999999,0.9000000000000001,0.5000000000000001,0.4999999999999999,0.28,0.0,0.0,0.0
0.7000000000000001,0.7000000000000001,0.5000000000000001,0.4999999999999999,0.9000000000000001,0.7000000000000001,0.29999999999999993,0.28,0.0,0.0,0.0
0.7000000000000001,0.7000000000000001,0.5000000000000001,0.4999999999999999,0.9000000000000001,0.9000000000000001,0.09999999999999987,0.28,0.0,0.0,0.0
0.7000000000000001,0.7000000000000001,0.7000000000000001,0.29999999999999993,0.1,0.1,0.9,0.28,0.0,0.0,0.0
0.7000000000000001,0.7000000000000001,0.7000000000000001,0.29999999999999993,0.1,0.30000000000000004,0.7,0.28,0.0,0.0,0.0
0.7000000000000001,0.7000000000000001,0.7000000000000001,0.29999999999999993,0.1,0.5000000000000001,0.4999999999999999,0.28,0.0,0.0,0.0
0.7000000000000001,0.7000000000000001,0.7000000000000001,0.29999999999999993,0.1,0.7000000000000001,0.29999999999999993,0.28,0.0,0.0,0.0
0.7000000000000001,0.7000000000000001,0.7000000000000001,0.29999999999999993,0.1,0.9000000000000001,0.09999999999999987,0.28,0.0,0.0,0.0
0.7000000000000001,0.7000000000000001,0.7000000000000001,0.29999999999999993,0.30000000000000004,0.1,0.9,0.28,0.0,0.0,0.0
0.7000000000000001,0.7000000000000001,0.7000000000000001,0.29999999999999993,0.30000000000000004,0.30000000000000004,0.7,0.28,0.0,0.0,0.0
0.7000000000000001,0.7000000000000001,0.7000000000000001,0.29999999999999993,0.30000000000000004,0.5000000000000001,0.4999999999999999,0.28,0.0,0.0,0.0
0.7000000000000001,0.7000000000000001,0.7000000000000001,0.29999999999999993,0.30000000000000004,0.7000000000000001,0.29999999999999993,0.28,0.0,0.0,0.0
0.7000000000000001,0.7000000000000001,0.7000000000000001,0.29999999999999993,0.30000000000000004,0.9000000000000001,0.09999999999999987,0.28,0.0,0.0,0.0
0.7000000000000001,0.7000000000000001,0.7000000000000001,0.29999999999999993,0.5000000000000001,0.1,0.9,0.28,0.0,0.0,0.0
0.7000000000000001,0.7000000000000001,0.7000000000000001,0.29999999999999993,0.5000000000000001,0.30000000000000004,0.7,0.28,0.0,0.0,0.0
0.7000000000000001,0.7000000000000001,0.7000000000000001,0.29999999999999993,0.5000000000000001,0.5000000000000001,0.4999999999999999,0.28,0.00011719207781553967,1.0,0.00023435669088352472
0.7000000000000001,0.7000000000000001,0.7000000000000001,0.29999999999999993,0.5000000000000001,0.7000000000000001,0.29999999999999993,0.28,5.8599472604746556e-05,1.0,0.00011719207781553967
0.7000000000000001,0.7000000000000001,0.7000000000000001,0.29999999999999993,0.5000000000000001,0.9000000000000001,0.09999999999999987,0.28,0.0,0.0,0.0
0.7000000000000001,0.7000000000000001,0.7000000000000001,0.29999999999999993,0.7000000000000001,0.1,0.9,0.28,5.8599472604746556e-05,1.0,0.00011719207781553967
0.7000000000000001,0.7000000000000001,0.7000000000000001,0.29999999999999993,0.7000000000000001,0.30000000000000004,0.7,0.28,0.0,0.0,0.0
0.7000000000000001,0.7000000000000001,0.7000000000000001,0.29999999999999993,0.7000000000000001,0.5000000000000001,0.4999999999999999,0.28,0.0,0.0,0.0
0.7000000000000001,0.7000000000000001,0.7000000000000001,0.29999999999999993,0.7000000000000001,0.7000000000000001,0.29999999999999993,0.28,0.0,0.0,0.0
0.7000000000000001,0.7000000000000001,0.7000000000000001,0.29999999999999993,0.7000000000000001,0.9000000000000001,0.09999999999999987,0.28,5.8599472604746556e-05,1.0,0.00011719207781553967
0.7000000000000001,0.7000000000000001,0.7000000000000001,0.29999999999999993,0.9000000000000001,0.1,0.9,0.28,0.0,0.0,0.0
0.7000000000000001,0.7000000000000001,0.7000000000000001,0.29999999999999993,0.9000000000000001,0.30000000000000004,0.7,0.28,0.0,0.0,0.0
0.7000000000000001,0.7000000000000001,0.7000000000000001,0.29999999999999993,0.9000000000000001,0.5000000000000001,0.4999999999999999,0.28,5.8599472604746556e-05,1.0,0.00011719207781553967
0.7000000000000001,0.7000000000000001,0.7000000000000001,0.29999999999999993,0.9000000000000001,0.7000000000000001,0.29999999999999993,0.28,0.0,0.0,0.0
0.7000000000000001,0.7000000000000001,0.7000000000000001,0.29999999999999993,0.9000000000000001,0.9000000000000001,0.09999999999999987,0.28,0.0,0.0,0.0
0.7000000000000001,0.7000000000000001,0.9000000000000001,0.09999999999999987,0.1,0.1,0.9,0.28,0.0,0.0,0.0
0.7000000000000001,0.7000000000000001,0.9000000000000001,0.09999999999999987,0.1,0.30000000000000004,0.7,0.28,0.0,0.0,0.0
0.7000000000000001,0.7000000000000001,0.9000000000000001,0.09999999999999987,0.1,0.5000000000000001,0.4999999999999999,0.28,0.0,0.0,0.0
0.7000000000000001,0.7000000000000001,0.9000000000000001,0.09999999999999987,0.1,0.7000000000000001,0.29999999999999993,0.28,0.0,0.0,0.0
0.7000000000000001,0.7000000000000001,0.9000000000000001,0.09999999999999987,0.1,0.9000000000000001,0.09999999999999987,0.28,0.0,0.0,0.0
0.7000000000000001,0.7000000000000001,0.9000000000000001,0.09999999999999987,0.30000000000000004,0.1,0.9,0.28,0.00011719207781553967,1.0,0.00023435669088352472
0.7000000000000001,0.7000000000000001,0.9000000000000001,0.09999999999999987,0.30000000000000004,0.30000000000000004,0.7,0.28,0.0,0.0,0.0
0.7000000000000001,0.7000000000000001,0.9000000000000001,0.09999999999999987,0.30000000000000004,0.5000000000000001,0.4999999999999999,0.28,0.00011719207781553967,1.0,0.00023435669088352472
0.7000000000000001,0.7000000000000001,0.9000000000000001,0.09999999999999987,0.30000000000000004,0.7000000000000001,0.29999999999999993,0.28,0.0,0.0,0.0
0.7000000000000001,0.7000000000000001,0.9000000000000001,0.09999999999999987,0.30000000000000004,0.9000000000000001,0.09999999999999987,0.28,0.0,0.0,0.0
0.7000000000000001,0.7000000000000001,0.9000000000000001,0.09999999999999987,0.5000000000000001,0.1,0.9,0.28,0.0,0.0,0.0
0.7000000000000001,0.7000000000000001,0.9000000000000001,0.09999999999999987,0.5000000000000001,0.30000000000000004,0.7,0.28,0.0,0.0,0.0
0.7000000000000001,0.7000000000000001,0.9000000000000001,0.09999999999999987,0.5000000000000001,0.5000000000000001,0.4999999999999999,0.28,5.8599472604746556e-05,1.0,0.00011719207781553967
0.7000000000000001,0.7000000000000001,0.9000000000000001,0.09999999999999987,0.5000000000000001,0.7000000000000001,0.29999999999999993,0.28,0.00011719207781553967,1.0,0.00023435669088352472
0.7000000000000001,0.7000000000000001,0.9000000000000001,0.09999999999999987,0.5000000000000001,0.9000000000000001,0.09999999999999987,0.28,5.8599472604746556e-05,1.0,0.00011719207781553967
0.7000000000000001,0.7000000000000001,0.9000000000000001,0.09999999999999987,0.7000000000000001,0.1,0.9,0.28,0.00023435669088352472,1.0,0.00046860356138706655
0.7000000000000001,0.7000000000000001,0.9000000000000001,0.09999999999999987,0.7000000000000001,0.30000000000000004,0.7,0.28,0.0,0.0,0.0
0.7000000000000001,0.7000000000000001,0.9000000000000001,0.09999999999999987,0.7000000000000001,0.5000000000000001,0.4999999999999999,0.28,0.0,0.0,0.0
0.7000000000000001,0.7000000000000001,0.9000000000000001,0.09999999999999987,0.7000000000000001,0.7000000000000001,0.29999999999999993,0.28,0.0,0.0,0.0
0.7000000000000001,0.7000000000000001,0.9000000000000001,0.09999999999999987,0.7000000000000001,0.9000000000000001,0.09999999999999987,0.28,0.0,0.0,0.0
0.7000000000000001,0.7000000000000001,0.9000000000000001,0.09999999999999987,0.9000000000000001,0.1,0.9,0.28,0.0,0.0,0.0
0.7000000000000001,0.7000000000000001,0.9000000000000001,0.09999999999999987,0.9000000000000001,0.30000000000000004,0.7,0.28,0.0,0.0,0.0
0.7000000000000001,0.7000000000000001,0.9000000000000001,0.09999999999999987,0.9000000000000001,0.5000000000000001,0.4999999999999999,0.28,0.0,0.0,0.0
0.7000000000000001,0.7000000000000001,0.9000000000000001,0.09999999999999987,0.9000000000000001,0.7000000000000001,0.29999999999999993,0.28,0.0,0.0,0.0
0.7000000000000001,0.7000000000000001,0.9000000000000001,0.09999999999999987,0.9000000000000001,0.9000000000000001,0.09999999999999987,0.28,0.0,0.0,0.0
0.7000000000000001,0.9000000000000001,0.1,0.9,0.1,0.1,0.9,0.28,0.0,0.0,0.0
0.7000000000000001,0.9000000000000001,0.1,0.9,0.1,0.30000000000000004,0.7,0.28,0.0,0.0,0.0
0.7000000000000001,0.9000000000000001,0.1,0.9,0.1,0.5000000000000001,0.4999999999999999,0.28,0.0,0.0,0.0
0.7000000000000001,0.9000000000000001,0.1,0.9,0.1,0.7000000000000001,0.29999999999999993,0.28,5.8599472604746556e-05,1.0,0.00011719207781553967
0.7000000000000001,0.9000000000000001,0.1,0.9,0.1,0.9000000000000001,0.09999999999999987,0.28,5.8599472604746556e-05,1.0,0.00011719207781553967
0.7000000000000001,0.9000000000000001,0.1,0.9,0.30000000000000004,0.1,0.9,0.28,0.0,0.0,0.0
0.7000000000000001,0.9000000000000001,0.1,0.9,0.30000000000000004,0.30000000000000004,0.7,0.28,0.00023435669088352472,1.0,0.00046860356138706655
0.7000000000000001,0.9000000000000001,0.1,0.9,0.30000000000000004,0.5000000000000001,0.4999999999999999,0.28,0.0,0.0,0.0
0.7000000000000001,0.9000000000000001,0.1,0.9,0.30000000000000004,0.7000000000000001,0.29999999999999993,0.28,5.8599472604746556e-05,1.0,0.00011719207781553967
0.7000000000000001,0.9000000000000001,0.1,0.9,0.30000000000000004,0.9000000000000001,0.09999999999999987,0.28,0.0,0.0,0.0
0.7000000000000001,0.9000000000000001,0.1,0.9,0.5000000000000001,0.1,0.9,0.28,5.8599472604746556e-05,1.0,0.00011719207781553967
0.7000000000000001,0.9000000000000001,0.1,0.9,0.5000000000000001,0.30000000000000004,0.7,0.28,0.0,0.0,0.0
0.7000000000000001,0.9000000000000001,0.1,0.9,0.5000000000000001,0.5000000000000001,0.4999999999999999,0.28,0.0,0.0,0.0
0.7000000000000001,0.9000000000000001,0.1,0.9,0.5000000000000001,0.7000000000000001,0.29999999999999993,0.28,5.8599472604746556e-05,1.0,0.00011719207781553967
0.7000000000000001,0.9000000000000001,0.1,0.9,0.5000000000000001,0.9000000000000001,0.09999999999999987,0.28,0.00011719207781553967,1.0,0.00023435669088352472
0.7000000000000001,0.9000000000000001,0.1,0.9,0.7000000000000001,0.1,0.9,0.28,0.0,0.0,0.0
0.7000000000000001,0.9000000000000001,0.1,0.9,0.7000000000000001,0.30000000000000004,0.7,0.28,0.0,0.0,0.0
0.7000000000000001,0.9000000000000001,0.1,0.9,0.7000000000000001,0.5000000000000001,0.4999999999999999,0.28,5.8599472604746556e-05,1.0,0.00011719207781553967
0.7000000000000001,0.9000000000000001,0.1,0.9,0.7000000000000001,0.7000000000000001,0.29999999999999993,0.28,5.8599472604746556e-05,1.0,0.00011719207781553967
0.7000000000000001,0.9000000000000001,0.1,0.9,0.7000000000000001,0.9000000000000001,0.09999999999999987,0.28,0.0,0.0,0.0
0.7000000000000001,0.9000000000000001,0.1,0.9,0.9000000000000001,0.1,0.9,0.28,0.0,0.0,0.0
0.7000000000000001,0.9000000000000001,0.1,0.9,0.9000000000000001,0.30000000000000004,0.7,0.28,0.0,0.0,0.0
0.7000000000000001,0.9000000000000001,0.1,0.9,0.9000000000000001,0.5000000000000001,0.4999999999999999,0.28,0.0,0.0,0.0
0.7000000000000001,0.9000000000000001,0.1,0.9,0.9000000000000001,0.7000000000000001,0.29999999999999993,0.28,0.0,0.0,0.0
0.7000000000000001,0.9000000000000001,0.1,0.9,0.9000000000000001,0.9000000000000001,0.09999999999999987,0.28,0.0,0.0,0.0
0.7000000000000001,0.9000000000000001,0.30000000000000004,0.7,0.1,0.1,0.9,0.28,5.8599472604746556e-05,1.0,0.00011719207781553967
0.7000000000000001,0.9000000000000001,0.30000000000000004,0.7,0.1,0.30000000000000004,0.7,0.28,0.0,0.0,0.0
0.7000000000000001,0.9000000000000001,0.30000000000000004,0.7,0.1,0.5000000000000001,0.4999999999999999,0.28,0.0,0.0,0.0
0.7000000000000001,0.9000000000000001,0.30000000000000004,0.7,0.1,0.7000000000000001,0.29999999999999993,0.28,0.00023435669088352472,1.0,0.00046860356138706655
0.7000000000000001,0.9000000000000001,0.30000000000000004,0.7,0.1,0.9000000000000001,0.09999999999999987,0.28,0.0,0.0,0.0
0.7000000000000001,0.9000000000000001,0.30000000000000004,0.7,0.30000000000000004,0.1,0.9,0.28,0.0,0.0,0.0
0.7000000000000001,0.9000000000000001,0.30000000000000004,0.7,0.30000000000000004,0.30000000000000004,0.7,0.28,0.0,0.0,0.0
0.7000000000000001,0.9000000000000001,0.30000000000000004,0.7,0.30000000000000004,0.5000000000000001,0.4999999999999999,0.28,5.8599472604746556e-05,1.0,0.00011719207781553967
0.7000000000000001,0.9000000000000001,0.30000000000000004,0.7,0.30000000000000004,0.7000000000000001,0.29999999999999993,0.28,0.0,0.0,0.0
0.7000000000000001,0.9000000000000001,0.30000000000000004,0.7,0.30000000000000004,0.9000000000000001,0.09999999999999987,0.28,5.8599472604746556e-05,1.0,0.00011719207781553967
0.7000000000000001,0.9000000000000001,0.30000000000000004,0.7,0.5000000000000001,0.1,0.9,0.28,0.0,0.0,0.0
0.7000000000000001,0.9000000000000001,0.30000000000000004,0.7,0.5000000000000001,0.30000000000000004,0.7,0.28,0.00011719207781553967,1.0,0.00023435669088352472
0.7000000000000001,0.9000000000000001,0.30000000000000004,0.7,0.5000000000000001,0.5000000000000001,0.4999999999999999,0.28,5.8599472604746556e-05,1.0,0.00011719207781553967
0.7000000000000001,0.9000000000000001,0.30000000000000004,0.7,0.5000000000000001,0.7000000000000001,0.29999999999999993,0.28,0.00017577781683951485,1.0,0.000351493848857645
0.7000000000000001,0.9000000000000001,0.30000000000000004,0.7,0.5000000000000001,0.9000000000000001,0.09999999999999987,0.28,0.0,0.0,0.0
0.7000000000000001,0.9000000000000001,0.30000000000000004,0.7,0.7000000000000001,0.1,0.9,0.28,0.0,0.0,0.0
0.7000000000000001,0.9000000000000001,0.30000000000000004,0.7,0.7000000000000001,0.30000000000000004,0.7,0.28,5.8599472604746556e-05,1.0,0.00011719207781553967
0.7000000000000001,0.9000000000000001,0.30000000000000004,0.7,0.7000000000000001,0.5000000000000001,0.4999999999999999,0.28,5.8599472604746556e-05,1.0,0.00011719207781553967
0.7000000000000001,0.9000000000000001,0.30000000000000004,0.7,0.7000000000000001,0.7000000000000001,0.29999999999999993,0.28,0.0,0.0,0.0
0.7000000000000001,0.9000000000000001,0.30000000000000004,0.7,0.7000000000000001,0.9000000000000001,0.09999999999999987,0.28,5.8599472604746556e-05,1.0,0.00011719207781553967
0.7000000000000001,0.9000000000000001,0.30000000000000004,0.7,0.9000000000000001,0.1,0.9,0.28,0.0,0.0,0.0
0.7000000000000001,0.9000000000000001,0.30000000000000004,0.7,0.9000000000000001,0.30000000000000004,0.7,0.28,0.0,0.0,0.0
0.7000000000000001,0.9000000000000001,0.30000000000000004,0.7,0.9000000000000001,0.5000000000000001,0.4999999999999999,0.28,0.0,0.0,0.0
0.7000000000000001,0.9000000000000001,0.30000000000000004,0.7,0.9000000000000001,0.7000000000000001,0.29999999999999993,0.28,5.8599472604746556e-05,1.0,0.00011719207781553967
0.7000000000000001,0.9000000000000001,0.30000000000000004,0.7,0.9000000000000001,0.9000000000000001,0.09999999999999987,0.28,0.0,0.0,0.0
0.7000000000000001,0.9000000000000001,0.5000000000000001,0.4999999999999999,0.1,0.1,0.9,0.28,0.0,0.0,0.0
0.7000000000000001,0.9000000000000001,0.5000000000000001,0.4999999999999999,0.1,0.30000000000000004,0.7,0.28,5.8599472604746556e-05,1.0,0.00011719207781553967
0.7000000000000001,0.9000000000000001,0.5000000000000001,0.4999999999999999,0.1,0.5000000000000001,0.4999999999999999,0.28,5.8599472604746556e-05,1.0,0.00011719207781553967
0.7000000000000001,0.9000000000000001,0.5000000000000001,0.4999999999999999,0.1,0.7000000000000001,0.29999999999999993,0.28,5.8599472604746556e-05,1.0,0.00011719207781553967
0.7000000000000001,0.9000000000000001,0.5000000000000001,0.4999999999999999,0.1,0.9000000000000001,0.09999999999999987,0.28,0.0,0.0,0.0
0.7000000000000001,0.9000000000000001,0.5000000000000001,0.4999999999999999,0.30000000000000004,0.1,0.9,0.28,0.0,0.0,0.0
0.7000000000000001,0.9000000000000001,0.5000000000000001,0.4999999999999999,0.30000000000000004,0.30000000000000004,0.7,0.28,0.0,0.0,0.0
0.7000000000000001,0.9000000000000001,0.5000000000000001,0.4999999999999999,0.30000000000000004,0.5000000000000001,0.4999999999999999,0.28,0.0,0.0,0.0
0.7000000000000001,0.9000000000000001,0.5000000000000001,0.4999999999999999,0.30000000000000004,0.7000000000000001,0.29999999999999993,0.28,5.8599472604746556e-05,1.0,0.00011719207781553967
0.7000000000000001,0.9000000000000001,0.5000000000000001,0.4999999999999999,0.30000000000000004,0.9000000000000001,0.09999999999999987,0.28,0.0,0.0,0.0
0.7000000000000001,0.9000000000000001,0.5000000000000001,0.4999999999999999,0.5000000000000001,0.1,0.9,0.28,0.0,0.0,0.0
0.7000000000000001,0.9000000000000001,0.5000000000000001,0.4999999999999999,0.5000000000000001,0.30000000000000004,0.7,0.28,0.0,0.0,0.0
0.7000000000000001,0.9000000000000001,0.5000000000000001,0.4999999999999999,0.5000000000000001,0.5000000000000001,0.4999999999999999,0.28,5.8599472604746556e-05,1.0,0.00011719207781553967
0.7000000000000001,0.9000000000000001,0.5000000000000001,0.4999999999999999,0.5000000000000001,0.7000000000000001,0.29999999999999993,0.28,0.0,0.0,0.0
0.7000000000000001,0.9000000000000001,0.5000000000000001,0.4999999999999999,0.5000000000000001,0.9000000000000001,0.09999999999999987,0.28,0.0,0.0,0.0
0.7000000000000001,0.9000000000000001,0.5000000000000001,0.4999999999999999,0.7000000000000001,0.1,0.9,0.28,0.0,0.0,0.0
0.7000000000000001,0.9000000000000001,0.5000000000000001,0.4999999999999999,0.7000000000000001,0.30000000000000004,0.7,0.28,0.0,0.0,0.0
0.7000000000000001,0.9000000000000001,0.5000000000000001,0.4999999999999999,0.7000000000000001,0.5000000000000001,0.4999999999999999,0.28,5.8599472604746556e-05,1.0,0.00011719207781553967
0.7000000000000001,0.9000000000000001,0.5000000000000001,0.4999999999999999,0.7000000000000001,0.7000000000000001,0.29999999999999993,0.28,0.0,0.0,0.0
0.7000000000000001,0.9000000000000001,0.5000000000000001,0.4999999999999999,0.7000000000000001,0.9000000000000001,0.09999999999999987,0.28,0.0,0.0,0.0
0.7000000000000001,0.9000000000000001,0.5000000000000001,0.4999999999999999,0.9000000000000001,0.1,0.9,0.28,5.8599472604746556e-05,1.0,0.00011719207781553967
0.7000000000000001,0.9000000000000001,0.5000000000000001,0.4999999999999999,0.9000000000000001,0.30000000000000004,0.7,0.28,0.0,0.0,0.0
0.7000000000000001,0.9000000000000001,0.5000000000000001,0.4999999999999999,0.9000000000000001,0.5000000000000001,0.4999999999999999,0.28,5.8599472604746556e-05,1.0,0.00011719207781553967
0.7000000000000001,0.9000000000000001,0.5000000000000001,0.4999999999999999,0.9000000000000001,0.7000000000000001,0.29999999999999993,0.28,0.0,0.0,0.0
0.7000000000000001,0.9000000000000001,0.5000000000000001,0.4999999999999999,0.9000000000000001,0.9000000000000001,0.09999999999999987,0.28,0.0,0.0,0.0
0.7000000000000001,0.9000000000000001,0.7000000000000001,0.29999999999999993,0.1,0.1,0.9,0.28,0.0,0.0,0.0
0.7000000000000001,0.9000000000000001,0.7000000000000001,0.29999999999999993,0.1,0.30000000000000004,0.7,0.28,0.0,0.0,0.0
0.7000000000000001,0.9000000000000001,0.7000000000000001,0.29999999999999993,0.1,0.5000000000000001,0.4999999999999999,0.28,0.00011719207781553967,1.0,0.00023435669088352472
0.7000000000000001,0.9000000000000001,0.7000000000000001,0.29999999999999993,0.1,0.7000000000000001,0.29999999999999993,0.28,5.8599472604746556e-05,1.0,0.00011719207781553967
0.7000000000000001,0.9000000000000001,0.7000000000000001,0.29999999999999993,0.1,0.9000000000000001,0.09999999999999987,0.28,0.0,0.0,0.0
0.7000000000000001,0.9000000000000001,0.7000000000000001,0.29999999999999993,0.30000000000000004,0.1,0.9,0.28,0.0,0.0,0.0
0.7000000000000001,0.9000000000000001,0.7000000000000001,0.29999999999999993,0.30000000000000004,0.30000000000000004,0.7,0.28,5.8599472604746556e-05,1.0,0.00011719207781553967
0.7000000000000001,0.9000000000000001,0.7000000000000001,0.29999999999999993,0.30000000000000004,0.5000000000000001,0.4999999999999999,0.28,5.8599472604746556e-05,1.0,0.00011719207781553967
0.7000000000000001,0.9000000000000001,0.7000000000000001,0.29999999999999993,0.30000000000000004,0.7000000000000001,0.29999999999999993,0.28,5.8599472604746556e-05,1.0,0.00011719207781553967
0.7000000000000001,0.9000000000000001,0.7000000000000001,0.29999999999999993,0.30000000000000004,0.9000000000000001,0.09999999999999987,0.28,0.0,0.0,0.0
0.7000000000000001,0.9000000000000001,0.7000000000000001,0.29999999999999993,0.5000000000000001,0.1,0.9,0.28,0.0,0.0,0.0
0.7000000000000001,0.9000000000000001,0.7000000000000001,0.29999999999999993,0.5000000000000001,0.30000000000000004,0.7,0.28,0.0,0.0,0.0
0.7000000000000001,0.9000000000000001,0.7000000000000001,0.29999999999999993,0.5000000000000001,0.5000000000000001,0.4999999999999999,0.28,0.0,0.0,0.0
0.7000000000000001,0.9000000000000001,0.7000000000000001,0.29999999999999993,0.5000000000000001,0.7000000000000001,0.29999999999999993,0.28,0.0,0.0,0.0
0.7000000000000001,0.9000000000000001,0.7000000000000001,0.29999999999999993,0.5000000000000001,0.9000000000000001,0.09999999999999987,0.28,0.0,0.0,0.0
0.7000000000000001,0.9000000000000001,0.7000000000000001,0.29999999999999993,0.7000000000000001,0.1,0.9,0.28,0.0,0.0,0.0
0.7000000000000001,0.9000000000000001,0.7000000000000001,0.29999999999999993,0.7000000000000001,0.30000000000000004,0.7,0.28,0.0,0.0,0.0
0.7000000000000001,0.9000000000000001,0.7000000000000001,0.29999999999999993,0.7000000000000001,0.5000000000000001,0.4999999999999999,0.28,0.0,0.0,0.0
0.7000000000000001,0.9000000000000001,0.7000000000000001,0.29999999999999993,0.7000000000000001,0.7000000000000001,0.29999999999999993,0.28,0.0,0.0,0.0
0.7000000000000001,0.9000000000000001,0.7000000000000001,0.29999999999999993,0.7000000000000001,0.9000000000000001,0.09999999999999987,0.28,0.0,0.0,0.0
0.7000000000000001,0.9000000000000001,0.7000000000000001,0.29999999999999993,0.9000000000000001,0.1,0.9,0.28,0.0,0.0,0.0
0.7000000000000001,0.9000000000000001,0.7000000000000001,0.29999999999999993,0.9000000000000001,0.30000000000000004,0.7,0.28,0.0,0.0,0.0
0.7000000000000001,0.9000000000000001,0.7000000000000001,0.29999999999999993,0.9000000000000001,0.5000000000000001,0.4999999999999999,0.28,5.8599472604746556e-05,1.0,0.00011719207781553967
0.7000000000000001,0.9000000000000001,0.7000000000000001,0.29999999999999993,0.9000000000000001,0.7000000000000001,0.29999999999999993,0.28,0.0,0.0,0.0
0.7000000000000001,0.9000000000000001,0.7000000000000001,0.29999999999999993,0.9000000000000001,0.9000000000000001,0.09999999999999987,0.28,0.0,0.0,0.0
0.7000000000000001,0.9000000000000001,0.9000000000000001,0.09999999999999987,0.1,0.1,0.9,0.28,0.0,0.0,0.0
0.7000000000000001,0.9000000000000001,0.9000000000000001,0.09999999999999987,0.1,0.30000000000000004,0.7,0.28,5.8599472604746556e-05,1.0,0.00011719207781553967
0.7000000000000001,0.9000000000000001,0.9000000000000001,0.09999999999999987,0.1,0.5000000000000001,0.4999999999999999,0.28,0.0,0.0,0.0
0.7000000000000001,0.9000000000000001,0.9000000000000001,0.09999999999999987,0.1,0.7000000000000001,0.29999999999999993,0.28,0.0,0.0,0.0
0.7000000000000001,0.9000000000000001,0.9000000000000001,0.09999999999999987,0.1,0.9000000000000001,0.09999999999999987,0.28,0.0,0.0,0.0
0.7000000000000001,0.9000000000000001,0.9000000000000001,0.09999999999999987,0.30000000000000004,0.1,0.9,0.28,5.8599472604746556e-05,1.0,0.00011719207781553967
0.7000000000000001,0.9000000000000001,0.9000000000000001,0.09999999999999987,0.30000000000000004,0.30000000000000004,0.7,0.28,5.8599472604746556e-05,1.0,0.00011719207781553967
0.7000000000000001,0.9000000000000001,0.9000000000000001,0.09999999999999987,0.30000000000000004,0.5000000000000001,0.4999999999999999,0.28,0.0,0.0,0.0
0.7000000000000001,0.9000000000000001,0.9000000000000001,0.09999999999999987,0.30000000000000004,0.7000000000000001,0.29999999999999993,0.28,0.0,0.0,0.0
0.7000000000000001,0.9000000000000001,0.9000000000000001,0.09999999999999987,0.30000000000000004,0.9000000000000001,0.09999999999999987,0.28,0.0,0.0,0.0
0.7000000000000001,0.9000000000000001,0.9000000000000001,0.09999999999999987,0.5000000000000001,0.1,0.9,0.28,0.0,0.0,0.0
0.7000000000000001,0.9000000000000001,0.9000000000000001,0.09999999999999987,0.5000000000000001,0.30000000000000004,0.7,0.28,0.0,0.0,0.0
0.7000000000000001,0.9000000000000001,0.9000000000000001,0.09999999999999987,0.5000000000000001,0.5000000000000001,0.4999999999999999,0.28,0.0,0.0,0.0
0.7000000000000001,0.9000000000000001,0.9000000000000001,0.09999999999999987,0.5000000000000001,0.7000000000000001,0.29999999999999993,0.28,0.0,0.0,0.0
0.7000000000000001,0.9000000000000001,0.9000000000000001,0.09999999999999987,0.5000000000000001,0.9000000000000001,0.09999999999999987,0.28,0.0,0.0,0.0
0.7000000000000001,0.9000000000000001,0.9000000000000001,0.09999999999999987,0.7000000000000001,0.1,0.9,0.28,0.0,0.0,0.0
0.7000000000000001,0.9000000000000001,0.9000000000000001,0.09999999999999987,0.7000000000000001,0.30000000000000004,0.7,0.28,0.00017577781683951485,1.0,0.000351493848857645
0.7000000000000001,0.9000000000000001,0.9000000000000001,0.09999999999999987,0.7000000000000001,0.5000000000000001,0.4999999999999999,0.28,0.0,0.0,0.0
0.7000000000000001,0.9000000000000001,0.9000000000000001,0.09999999999999987,0.7000000000000001,0.7000000000000001,0.29999999999999993,0.28,0.0,0.0,0.0
0.7000000000000001,0.9000000000000001,0.9000000000000001,0.09999999999999987,0.7000000000000001,0.9000000000000001,0.09999999999999987,0.28,0.0,0.0,0.0
0.7000000000000001,0.9000000000000001,0.9000000000000001,0.09999999999999987,0.9000000000000001,0.1,0.9,0.28,0.0,0.0,0.0
0.7000000000000001,0.9000000000000001,0.9000000000000001,0.09999999999999987,0.9000000000000001,0.30000000000000004,0.7,0.28,5.8599472604746556e-05,1.0,0.00011719207781553967
0.7000000000000001,0.9000000000000001,0.9000000000000001,0.09999999999999987,0.9000000000000001,0.5000000000000001,0.4999999999999999,0.28,5.8599472604746556e-05,1.0,0.00011719207781553967
0.7000000000000001,0.9000000000000001,0.9000000000000001,0.09999999999999987,0.9000000000000001,0.7000000000000001,0.29999999999999993,0.28,0.0,0.0,0.0
0.7000000000000001,0.9000000000000001,0.9000000000000001,0.09999999999999987,0.9000000000000001,0.9000000000000001,0.09999999999999987,0.28,0.0,0.0,0.0
0.9000000000000001,0.1,0.1,0.9,0.1,0.1,0.9,0.28,5.8599472604746556e-05,1.0,0.00011719207781553967
0.9000000000000001,0.1,0.1,0.9,0.1,0.30000000000000004,0.7,0.28,5.8599472604746556e-05,1.0,0.00011719207781553967
0.9000000000000001,0.1,0.1,0.9,0.1,0.5000000000000001,0.4999999999999999,0.28,5.8599472604746556e-05,1.0,0.00011719207781553967
0.9000000000000001,0.1,0.1,0.9,0.1,0.7000000000000001,0.29999999999999993,0.28,5.8599472604746556e-05,1.0,0.00011719207781553967
0.9000000000000001,0.1,0.1,0.9,0.1,0.9000000000000001,0.09999999999999987,0.28,5.8599472604746556e-05,1.0,0.00011719207781553967
0.9000000000000001,0.1,0.1,0.9,0.30000000000000004,0.1,0.9,0.28,0.00011719207781553967,1.0,0.00023435669088352472
0.9000000000000001,0.1,0.1,0.9,0.30000000000000004,0.30000000000000004,0.7,0.28,0.00017577781683951485,1.0,0.000351493848857645
0.9000000000000001,0.1,0.1,0.9,0.30000000000000004,0.5000000000000001,0.4999999999999999,0.28,0.00029292870115413906,1.0,0.0005856858381164344
0.9000000000000001,0.1,0.1,0.9,0.30000000000000004,0.7000000000000001,0.29999999999999993,0.28,5.8599472604746556e-05,1.0,0.00011719207781553967
0.9000000000000001,0.1,0.1,0.9,0.30000000000000004,0.9000000000000001,0.09999999999999987,0.28,0.051103820274703886,1.0,0.09723838747222516
0.9000000000000001,0.1,0.1,0.9,0.5000000000000001,0.1,0.9,0.28,5.8599472604746556e-05,1.0,0.00011719207781553967
0.9000000000000001,0.1,0.1,0.9,0.5000000000000001,0.30000000000000004,0.7,0.28,0.00017577781683951485,1.0,0.000351493848857645
0.9000000000000001,0.1,0.1,0.9,0.5000000000000001,0.5000000000000001,0.4999999999999999,0.28,5.8599472604746556e-05,1.0,0.00011719207781553967
0.9000000000000001,0.1,0.1,0.9,0.5000000000000001,0.7000000000000001,0.29999999999999993,0.28,0.00011719207781553967,1.0,0.00023435669088352472
0.9000000000000001,0.1,0.1,0.9,0.5000000000000001,0.9000000000000001,0.09999999999999987,0.28,5.8599472604746556e-05,1.0,0.00011719207781553967
0.9000000000000001,0.1,0.1,0.9,0.7000000000000001,0.1,0.9,0.28,0.0,0.0,0.0
0.9000000000000001,0.1,0.1,0.9,0.7000000000000001,0.30000000000000004,0.7,0.28,0.0,0.0,0.0
0.9000000000000001,0.1,0.1,0.9,0.7000000000000001,0.5000000000000001,0.4999999999999999,0.28,0.0,0.0,0.0
0.9000000000000001,0.1,0.1,0.9,0.7000000000000001,0.7000000000000001,0.29999999999999993,0.28,0.00011719207781553967,1.0,0.00023435669088352472
0.9000000000000001,0.1,0.1,0.9,0.7000000000000001,0.9000000000000001,0.09999999999999987,0.28,5.8599472604746556e-05,1.0,0.00011719207781553967
0.9000000000000001,0.1,0.1,0.9,0.9000000000000001,0.1,0.9,0.28,0.0,0.0,0.0
0.9000000000000001,0.1,0.1,0.9,0.9000000000000001,0.30000000000000004,0.7,0.28,0.0,0.0,0.0
0.9000000000000001,0.1,0.1,0.9,0.9000000000000001,0.5000000000000001,0.4999999999999999,0.28,0.0,0.0,0.0
0.9000000000000001,0.1,0.1,0.9,0.9000000000000001,0.7000000000000001,0.29999999999999993,0.28,0.0,0.0,0.0
0.9000000000000001,0.1,0.1,0.9,0.9000000000000001,0.9000000000000001,0.09999999999999987,0.28,5.8599472604746556e-05,1.0,0.00011719207781553967
0.9000000000000001,0.1,0.30000000000000004,0.7,0.1,0.1,0.9,0.28,5.8599472604746556e-05,1.0,0.00011719207781553967
0.9000000000000001,0.1,0.30000000000000004,0.7,0.1,0.30000000000000004,0.7,0.28,5.8599472604746556e-05,1.0,0.00011719207781553967
0.9000000000000001,0.1,0.30000000000000004,0.7,0.1,0.5000000000000001,0.4999999999999999,0.28,0.00011719207781553967,1.0,0.00023435669088352472
0.9000000000000001,0.1,0.30000000000000004,0.7,0.1,0.7000000000000001,0.29999999999999993,0.28,0.00017577781683951485,1.0,0.000351493848857645
0.9000000000000001,0.1,0.30000000000000004,0.7,0.1,0.9000000000000001,0.09999999999999987,0.28,5.8599472604746556e-05,1.0,0.00011719207781553967
0.9000000000000001,0.1,0.30000000000000004,0.7,0.30000000000000004,0.1,0.9,0.28,0.05099827595795562,1.0,0.09704730659329029
0.9000000000000001,0.1,0.30000000000000004,0.7,0.30000000000000004,0.30000000000000004,0.7,0.28,0.00011719207781553967,1.0,0.00023435669088352472
0.9000000000000001,0.1,0.30000000000000004,0.7,0.30000000000000004,0.5000000000000001,0.4999999999999999,0.28,0.00011719207781553967,1.0,0.00023435669088352472
0.9000000000000001,0.1,0.30000000000000004,0.7,0.30000000000000004,0.7000000000000001,0.29999999999999993,0.28,5.8599472604746556e-05,1.0,0.00011719207781553967
0.9000000000000001,0.1,0.30000000000000004,0.7,0.30000000000000004,0.9000000000000001,0.09999999999999987,0.28,5.8599472604746556e-05,1.0,0.00011719207781553967
0.9000000000000001,0.1,0.30000000000000004,0.7,0.5000000000000001,0.1,0.9,0.28,5.8599472604746556e-05,1.0,0.00011719207781553967
0.9000000000000001,0.1,0.30000000000000004,0.7,0.5000000000000001,0.30000000000000004,0.7,0.28,0.050628685879603876,1.0,0.09637788604109299
0.9000000000000001,0.1,0.30000000000000004,0.7,0.5000000000000001,0.5000000000000001,0.4999999999999999,0.28,0.00017577781683951485,1.0,0.000351493848857645
0.9000000000000001,0.1,0.30000000000000004,0.7,0.5000000000000001,0.7000000000000001,0.29999999999999993,0.28,5.8599472604746556e-05,1.0,0.00011719207781553967
0.9000000000000001,0.1,0.30000000000000004,0.7,0.5000000000000001,0.9000000000000001,0.09999999999999987,0.28,0.00011719207781553967,1.0,0.00023435669088352472
0.9000000000000001,0.1,0.30000000000000004,0.7,0.7000000000000001,0.1,0.9,0.28,5.8599472604746556e-05,1.0,0.00011719207781553967
0.9000000000000001,0.1,0.30000000000000004,0.7,0.7000000000000001,0.30000000000000004,0.7,0.28,0.0,0.0,0.0
0.9000000000000001,0.1,0.30000000000000004,0.7,0.7000000000000001,0.5000000000000001,0.4999999999999999,0.28,0.0,0.0,0.0
0.9000000000000001,0.1,0.30000000000000004,0.7,0.7000000000000001,0.7000000000000001,0.29999999999999993,0.28,0.0,0.0,0.0
0.9000000000000001,0.1,0.30000000000000004,0.7,0.7000000000000001,0.9000000000000001,0.09999999999999987,0.28,0.0,0.0,0.0
0.9000000000000001,0.1,0.30000000000000004,0.7,0.9000000000000001,0.1,0.9,0.28,0.0,0.0,0.0
0.9000000000000001,0.1,0.30000000000000004,0.7,0.9000000000000001,0.30000000000000004,0.7,0.28,0.0,0.0,0.0
0.9000000000000001,0.1,0.30000000000000004,0.7,0.9000000000000001,0.5000000000000001,0.4999999999999999,0.28,0.0,0.0,0.0
0.9000000000000001,0.1,0.30000000000000004,0.7,0.9000000000000001,0.7000000000000001,0.29999999999999993,0.28,0.0,0.0,0.0
0.9000000000000001,0.1,0.30000000000000004,0.7,0.9000000000000001,0.9000000000000001,0.09999999999999987,0.28,0.0,0.0,0.0
0.9000000000000001,0.1,0.5000000000000001,0.4999999999999999,0.1,0.1,0.9,0.28,5.8599472604746556e-05,1.0,0.00011719207781553967
0.9000000000000001,0.1,0.5000000000000001,0.4999999999999999,0.1,0.30000000000000004,0.7,0.28,5.8599472604746556e-05,1.0,0.00011719207781553967
0.9000000000000001,0.1,0.5000000000000001,0.4999999999999999,0.1,0.5000000000000001,0.4999999999999999,0.28,5.8599472604746556e-05,1.0,0.00011719207781553967
0.9000000000000001,0.1,0.5000000000000001,0.4999999999999999,0.1,0.7000000000000001,0.29999999999999993,0.28,5.8599472604746556e-05,1.0,0.00011719207781553967
0.9000000000000001,0.1,0.5000000000000001,0.4999999999999999,0.1,0.9000000000000001,0.09999999999999987,0.28,0.00011719207781553967,1.0,0.00023435669088352472
0.9000000000000001,0.1,0.5000000000000001,0.4999999999999999,0.30000000000000004,0.1,0.9,0.28,5.8599472604746556e-05,1.0,0.00011719207781553967
0.9000000000000001,0.1,0.5000000000000001,0.4999999999999999,0.30000000000000004,0.30000000000000004,0.7,0.28,0.00011719207781553967,1.0,0.00023435669088352472
0.9000000000000001,0.1,0.5000000000000001,0.4999999999999999,0.30000000000000004,0.5000000000000001,0.4999999999999999,0.28,0.00011719207781553967,1.0,0.00023435669088352472
0.9000000000000001,0.1,0.5000000000000001,0.4999999999999999,0.30000000000000004,0.7000000000000001,0.29999999999999993,0.28,0.00011719207781553967,1.0,0.00023435669088352472
0.9000000000000001,0.1,0.5000000000000001,0.4999999999999999,0.30000000000000004,0.9000000000000001,0.09999999999999987,0.28,0.00017577781683951485,1.0,0.000351493848857645
0.9000000000000001,0.1,0.5000000000000001,0.4999999999999999,0.5000000000000001,0.1,0.9,0.28,5.8599472604746556e-05,1.0,0.00011719207781553967
0.9000000000000001,0.1,0.5000000000000001,0.4999999999999999,0.5000000000000001,0.30000000000000004,0.7,0.28,0.050628685879603876,1.0,0.09637788604109299
0.9000000000000001,0.1,0.5000000000000001,0.4999999999999999,0.5000000000000001,0.5000000000000001,0.4999999999999999,0.28,0.00017577781683951485,1.0,0.000351493848857645
0.9000000000000001,0.1,0.5000000000000001,0.4999999999999999,0.5000000000000001,0.7000000000000001,0.29999999999999993,0.28,0.05194733040724485,1.0,0.09876412802366114
0.9000000000000001,0.1,0.5000000000000001,0.4999999999999999,0.5000000000000001,0.9000000000000001,0.09999999999999987,0.28,5.8599472604746556e-05,1.0,0.00011719207781553967
0.9000000000000001,0.1,0.5000000000000001,0.4999999999999999,0.7000000000000001,0.1,0.9,0.28,0.0,0.0,0.0
0.9000000000000001,0.1,0.5000000000000001,0.4999999999999999,0.7000000000000001,0.30000000000000004,0.7,0.28,0.0,0.0,0.0
0.9000000000000001,0.1,0.5000000000000001,0.4999999999999999,0.7000000000000001,0.5000000000000001,0.4999999999999999,0.28,0.0,0.0,0.0
0.9000000000000001,0.1,0.5000000000000001,0.4999999999999999,0.7000000000000001,0.7000000000000001,0.29999999999999993,0.28,0.0,0.0,0.0
0.9000000000000001,0.1,0.5000000000000001,0.4999999999999999,0.7000000000000001,0.9000000000000001,0.09999999999999987,0.28,0.0,0.0,0.0
0.9000000000000001,0.1,0.5000000000000001,0.4999999999999999,0.9000000000000001,0.1,0.9,0.28,0.0,0.0,0.0
0.9000000000000001,0.1,0.5000000000000001,0.4999999999999999,0.9000000000000001,0.30000000000000004,0.7,0.28,0.0,0.0,0.0
0.9000000000000001,0.1,0.5000000000000001,0.4999999999999999,0.9000000000000001,0.5000000000000001,0.4999999999999999,0.28,0.0,0.0,0.0
0.9000000000000001,0.1,0.5000000000000001,0.4999999999999999,0.9000000000000001,0.7000000000000001,0.29999999999999993,0.28,0.0,0.0,0.0
0.9000000000000001,0.1,0.5000000000000001,0.4999999999999999,0.9000000000000001,0.9000000000000001,0.09999999999999987,0.28,0.051683894631543846,1.0,0.09828788839568801
0.9000000000000001,0.1,0.7000000000000001,0.29999999999999993,0.1,0.1,0.9,0.28,0.05205266374090328,1.0,0.09895448304995248
0.9000000000000001,0.1,0.7000000000000001,0.29999999999999993,0.1,0.30000000000000004,0.7,0.28,5.8599472604746556e-05,1.0,0.00011719207781553967
0.9000000000000001,0.1,0.7000000000000001,0.29999999999999993,0.1,0.5000000000000001,0.4999999999999999,0.28,5.8599472604746556e-05,1.0,0.00011719207781553967
0.9000000000000001,0.1,0.7000000000000001,0.29999999999999993,0.1,0.7000000000000001,0.29999999999999993,0.28,5.8599472604746556e-05,1.0,0.00011719207781553967
0.9000000000000001,0.1,0.7000000000000001,0.29999999999999993,0.1,0.9000000000000001,0.09999999999999987,0.28,0.00011719207781553967,1.0,0.00023435669088352472
0.9000000000000001,0.1,0.7000000000000001,0.29999999999999993,0.30000000000000004,0.1,0.9,0.28,5.8599472604746556e-05,1.0,0.00011719207781553967
0.9000000000000001,0.1,0.7000000000000001,0.29999999999999993,0.30000000000000004,0.30000000000000004,0.7,0.28,0.051103820274703886,1.0,0.09723838747222516
0.9000000000000001,0.1,0.7000000000000001,0.29999999999999993,0.30000000000000004,0.5000000000000001,0.4999999999999999,0.28,5.8599472604746556e-05,1.0,0.00011719207781553967
0.9000000000000001,0.1,0.7000000000000001,0.29999999999999993,0.30000000000000004,0.7000000000000001,0.29999999999999993,0.28,5.8599472604746556e-05,1.0,0.00011719207781553967
0.9000000000000001,0.1,0.7000000000000001,0.29999999999999993,0.30000000000000004,0.9000000000000001,0.09999999999999987,0.28,5.8599472604746556e-05,1.0,0.00011719207781553967
0.9000000000000001,0.1,0.7000000000000001,0.29999999999999993,0.5000000000000001,0.1,0.9,0.28,5.8599472604746556e-05,1.0,0.00011719207781553967
0.9000000000000001,0.1,0.7000000000000001,0.29999999999999993,0.5000000000000001,0.30000000000000004,0.7,0.28,5.8599472604746556e-05,1.0,0.00011719207781553967
0.9000000000000001,0.1,0.7000000000000001,0.29999999999999993,0.5000000000000001,0.5000000000000001,0.4999999999999999,0.28,5.8599472604746556e-05,1.0,0.00011719207781553967
0.9000000000000001,0.1,0.7000000000000001,0.29999999999999993,0.5000000000000001,0.7000000000000001,0.29999999999999993,0.28,5.8599472604746556e-05,1.0,0.00011719207781553967
0.9000000000000001,0.1,0.7000000000000001,0.29999999999999993,0.5000000000000001,0.9000000000000001,0.09999999999999987,0.28,5.8599472604746556e-05,1.0,0.00011719207781553967
0.9000000000000001,0.1,0.7000000000000001,0.29999999999999993,0.7000000000000001,0.1,0.9,0.28,0.0,0.0,0.0
0.9000000000000001,0.1,0.7000000000000001,0.29999999999999993,0.7000000000000001,0.30000000000000004,0.7,0.28,0.00017577781683951485,1.0,0.000351493848857645
0.9000000000000001,0.1,0.7000000000000001,0.29999999999999993,0.7000000000000001,0.5000000000000001,0.4999999999999999,0.28,0.0,0.0,0.0
0.9000000000000001,0.1,0.7000000000000001,0.29999999999999993,0.7000000000000001,0.7000000000000001,0.29999999999999993,0.28,0.0,0.0,0.0
0.9000000000000001,0.1,0.7000000000000001,0.29999999999999993,0.7000000000000001,0.9000000000000001,0.09999999999999987,0.28,0.051841973662277045,1.0,0.09857369255150554
0.9000000000000001,0.1,0.7000000000000001,0.29999999999999993,0.9000000000000001,0.1,0.9,0.28,0.0,0.0,0.0
0.9000000000000001,0.1,0.7000000000000001,0.29999999999999993,0.9000000000000001,0.30000000000000004,0.7,0.28,0.0,0.0,0.0
0.9000000000000001,0.1,0.7000000000000001,0.29999999999999993,0.9000000000000001,0.5000000000000001,0.4999999999999999,0.28,0.0,0.0,0.0
0.9000000000000001,0.1,0.7000000000000001,0.29999999999999993,0.9000000000000001,0.7000000000000001,0.29999999999999993,0.28,0.00011719207781553967,1.0,0.00023435669088352472
0.9000000000000001,0.1,0.7000000000000001,0.29999999999999993,0.9000000000000001,0.9000000000000001,0.09999999999999987,0.28,0.0,0.0,0.0
0.9000000000000001,0.1,0.9000000000000001,0.09999999999999987,0.1,0.1,0.9,0.28,5.8599472604746556e-05,1.0,0.00011719207781553967
0.9000000000000001,0.1,0.9000000000000001,0.09999999999999987,0.1,0.30000000000000004,0.7,0.28,5.8599472604746556e-05,1.0,0.00011719207781553967
0.9000000000000001,0.1,0.9000000000000001,0.09999999999999987,0.1,0.5000000000000001,0.4999999999999999,0.28,0.0513675783855904,1.0,0.09771573604060914
0.9000000000000001,0.1,0.9000000000000001,0.09999999999999987,0.1,0.7000000000000001,0.29999999999999993,0.28,0.00011719207781553967,1.0,0.00023435669088352472
0.9000000000000001,0.1,0.9000000000000001,0.09999999999999987,0.1,0.9000000000000001,0.09999999999999987,0.28,5.8599472604746556e-05,1.0,0.00011719207781553967
0.9000000000000001,0.1,0.9000000000000001,0.09999999999999987,0.30000000000000004,0.1,0.9,0.28,5.8599472604746556e-05,1.0,0.00011719207781553967
0.9000000000000001,0.1,0.9000000000000001,0.09999999999999987,0.30000000000000004,0.30000000000000004,0.7,0.28,0.00011719207781553967,1.0,0.00023435669088352472
0.9000000000000001,0.1,0.9000000000000001,0.09999999999999987,0.30000000000000004,0.5000000000000001,0.4999999999999999,0.28,0.05115658362989324,1.0,0.09733389758781211
0.9000000000000001,0.1,0.9000000000000001,0.09999999999999987,0.30000000000000004,0.7000000000000001,0.29999999999999993,0.28,0.05105105105105105,1.0,0.09714285714285714
0.9000000000000001,0.1,0.9000000000000001,0.09999999999999987,0.30000000000000004,0.9000000000000001,0.09999999999999987,0.28,5.8599472604746556e-05,1.0,0.00011719207781553967
0.9000000000000001,0.1,0.9000000000000001,0.09999999999999987,0.5000000000000001,0.1,0.9,0.28,0.00011719207781553967,1.0,0.00023435669088352472
0.9000000000000001,0.1,0.9000000000000001,0.09999999999999987,0.5000000000000001,0.30000000000000004,0.7,0.28,0.05068150208623087,1.0,0.09647357831197713
0.9000000000000001,0.1,0.9000000000000001,0.09999999999999987,0.5000000000000001,0.5000000000000001,0.4999999999999999,0.28,0.00011719207781553967,1.0,0.00023435669088352472
0.9000000000000001,0.1,0.9000000000000001,0.09999999999999987,0.5000000000000001,0.7000000000000001,0.29999999999999993,0.28,0.00011719207781553967,1.0,0.00023435669088352472
0.9000000000000001,0.1,0.9000000000000001,0.09999999999999987,0.5000000000000001,0.9000000000000001,0.09999999999999987,0.28,5.8599472604746556e-05,1.0,0.00011719207781553967
0.9000000000000001,0.1,0.9000000000000001,0.09999999999999987,0.7000000000000001,0.1,0.9,0.28,5.8599472604746556e-05,1.0,0.00011719207781553967
0.9000000000000001,0.1,0.9000000000000001,0.09999999999999987,0.7000000000000001,0.30000000000000004,0.7,0.28,0.00011719207781553967,1.0,0.00023435669088352472
0.9000000000000001,0.1,0.9000000000000001,0.09999999999999987,0.7000000000000001,0.5000000000000001,0.4999999999999999,0.28,0.0,0.0,0.0
0.9000000000000001,0.1,0.9000000000000001,0.09999999999999987,0.7000000000000001,0.7000000000000001,0.29999999999999993,0.28,0.00023435669088352472,1.0,0.00046860356138706655
0.9000000000000001,0.1,0.9000000000000001,0.09999999999999987,0.7000000000000001,0.9000000000000001,0.09999999999999987,0.28,5.8599472604746556e-05,1.0,0.00011719207781553967
0.9000000000000001,0.1,0.9000000000000001,0.09999999999999987,0.9000000000000001,0.1,0.9,0.28,0.0,0.0,0.0
0.9000000000000001,0.1,0.9000000000000001,0.09999999999999987,0.9000000000000001,0.30000000000000004,0.7,0.28,0.0,0.0,0.0
0.9000000000000001,0.1,0.9000000000000001,0.09999999999999987,0.9000000000000001,0.5000000000000001,0.4999999999999999,0.28,0.0,0.0,0.0
0.9000000000000001,0.1,0.9000000000000001,0.09999999999999987,0.9000000000000001,0.7000000000000001,0.29999999999999993,0.28,0.0,0.0,0.0
0.9000000000000001,0.1,0.9000000000000001,0.09999999999999987,0.9000000000000001,0.9000000000000001,0.09999999999999987,0.28,0.0,0.0,0.0
0.9000000000000001,0.30000000000000004,0.1,0.9,0.1,0.1,0.9,0.28,0.00023435669088352472,1.0,0.00046860356138706655
0.9000000000000001,0.30000000000000004,0.1,0.9,0.1,0.30000000000000004,0.7,0.28,5.8599472604746556e-05,1.0,0.00011719207781553967
0.9000000000000001,0.30000000000000004,0.1,0.9,0.1,0.5000000000000001,0.4999999999999999,0.28,5.8599472604746556e-05,1.0,0.00011719207781553967
0.9000000000000001,0.30000000000000004,0.1,0.9,0.1,0.7000000000000001,0.29999999999999993,0.28,5.8599472604746556e-05,1.0,0.00011719207781553967
0.9000000000000001,0.30000000000000004,0.1,0.9,0.1,0.9000000000000001,0.09999999999999987,0.28,5.8599472604746556e-05,1.0,0.00011719207781553967
0.9000000000000001,0.30000000000000004,0.1,0.9,0.30000000000000004,0.1,0.9,0.28,0.05236852335202977,1.0,0.09952506596306068
0.9000000000000001,0.30000000000000004,0.1,0.9,0.30000000000000004,0.30000000000000004,0.7,0.28,0.0,0.0,0.0
0.9000000000000001,0.30000000000000004,0.1,0.9,0.30000000000000004,0.5000000000000001,0.4999999999999999,0.28,0.050100200400801605,1.0,0.09541984732824428
0.9000000000000001,0.30000000000000004,0.1,0.9,0.30000000000000004,0.7000000000000001,0.29999999999999993,0.28,5.8599472604746556e-05,1.0,0.00011719207781553967
0.9000000000000001,0.30000000000000004,0.1,0.9,0.30000000000000004,0.9000000000000001,0.09999999999999987,0.28,0.00011719207781553967,1.0,0.00023435669088352472
0.9000000000000001,0.30000000000000004,0.1,0.9,0.5000000000000001,0.1,0.9,0.28,0.0,0.0,0.0
0.9000000000000001,0.30000000000000004,0.1,0.9,0.5000000000000001,0.30000000000000004,0.7,0.28,0.0,0.0,0.0
0.9000000000000001,0.30000000000000004,0.1,0.9,0.5000000000000001,0.5000000000000001,0.4999999999999999,0.28,0.0,0.0,0.0
0.9000000000000001,0.30000000000000004,0.1,0.9,0.5000000000000001,0.7000000000000001,0.29999999999999993,0.28,0.0,0.0,0.0
0.9000000000000001,0.30000000000000004,0.1,0.9,0.5000000000000001,0.9000000000000001,0.09999999999999987,0.28,0.0,0.0,0.0
0.9000000000000001,0.30000000000000004,0.1,0.9,0.7000000000000001,0.1,0.9,0.28,0.0,0.0,0.0
0.9000000000000001,0.30000000000000004,0.1,0.9,0.7000000000000001,0.30000000000000004,0.7,0.28,0.0,0.0,0.0
0.9000000000000001,0.30000000000000004,0.1,0.9,0.7000000000000001,0.5000000000000001,0.4999999999999999,0.28,0.0,0.0,0.0
0.9000000000000001,0.30000000000000004,0.1,0.9,0.7000000000000001,0.7000000000000001,0.29999999999999993,0.28,5.8599472604746556e-05,1.0,0.00011719207781553967
0.9000000000000001,0.30000000000000004,0.1,0.9,0.7000000000000001,0.9000000000000001,0.09999999999999987,0.28,0.0,0.0,0.0
0.9000000000000001,0.30000000000000004,0.1,0.9,0.9000000000000001,0.1,0.9,0.28,0.051683894631543846,1.0,0.09828788839568801
0.9000000000000001,0.30000000000000004,0.1,0.9,0.9000000000000001,0.30000000000000004,0.7,0.28,5.8599472604746556e-05,1.0,0.00011719207781553967
0.9000000000000001,0.30000000000000004,0.1,0.9,0.9000000000000001,0.5000000000000001,0.4999999999999999,0.28,5.8599472604746556e-05,1.0,0.00011719207781553967
0.9000000000000001,0.30000000000000004,0.1,0.9,0.9000000000000001,0.7000000000000001,0.29999999999999993,0.28,0.0,0.0,0.0
0.9000000000000001,0.30000000000000004,0.1,0.9,0.9000000000000001,0.9000000000000001,0.09999999999999987,0.28,0.0,0.0,0.0
0.9000000000000001,0.30000000000000004,0.30000000000000004,0.7,0.1,0.1,0.9,0.28,5.8599472604746556e-05,1.0,0.00011719207781553967
0.9000000000000001,0.30000000000000004,0.30000000000000004,0.7,0.1,0.30000000000000004,0.7,0.28,5.8599472604746556e-05,1.0,0.00011719207781553967
0.9000000000000001,0.30000000000000004,0.30000000000000004,0.7,0.1,0.5000000000000001,0.4999999999999999,0.28,5.8599472604746556e-05,1.0,0.00011719207781553967
0.9000000000000001,0.30000000000000004,0.30000000000000004,0.7,0.1,0.7000000000000001,0.29999999999999993,0.28,5.8599472604746556e-05,1.0,0.00011719207781553967
0.9000000000000001,0.30000000000000004,0.30000000000000004,0.7,0.1,0.9000000000000001,0.09999999999999987,0.28,0.00023435669088352472,1.0,0.00046860356138706655
0.9000000000000001,0.30000000000000004,0.30000000000000004,0.7,0.30000000000000004,0.1,0.9,0.28,0.0,0.0,0.0
0.9000000000000001,0.30000000000000004,0.30000000000000004,0.7,0.30000000000000004,0.30000000000000004,0.7,0.28,5.8599472604746556e-05,1.0,0.00011719207781553967
0.9000000000000001,0.30000000000000004,0.30000000000000004,0.7,0.30000000000000004,0.5000000000000001,0.4999999999999999,0.28,0.0,0.0,0.0
0.9000000000000001,0.30000000000000004,0.30000000000000004,0.7,0.30000000000000004,0.7000000000000001,0.29999999999999993,0.28,0.0,0.0,0.0
0.9000000000000001,0.30000000000000004,0.30000000000000004,0.7,0.30000000000000004,0.9000000000000001,0.09999999999999987,0.28,0.00011719207781553967,1.0,0.00023435669088352472
0.9000000000000001,0.30000000000000004,0.30000000000000004,0.7,0.5000000000000001,0.1,0.9,0.28,5.8599472604746556e-05,1.0,0.00011719207781553967
0.9000000000000001,0.30000000000000004,0.30000000000000004,0.7,0.5000000000000001,0.30000000000000004,0.7,0.28,5.8599472604746556e-05,1.0,0.00011719207781553967
0.9000000000000001,0.30000000000000004,0.30000000000000004,0.7,0.5000000000000001,0.5000000000000001,0.4999999999999999,0.28,0.04296130117779024,1.0,0.08238330823833083
0.9000000000000001,0.30000000000000004,0.30000000000000004,0.7,0.5000000000000001,0.7000000000000001,0.29999999999999993,0.28,5.8599472604746556e-05,1.0,0.00011719207781553967
0.9000000000000001,0.30000000000000004,0.30000000000000004,0.7,0.5000000000000001,0.9000000000000001,0.09999999999999987,0.28,0.0,0.0,0.0
0.9000000000000001,0.30000000000000004,0.30000000000000004,0.7,0.7000000000000001,0.1,0.9,0.28,0.0,0.0,0.0
0.9000000000000001,0.30000000000000004,0.30000000000000004,0.7,0.7000000000000001,0.30000000000000004,0.7,0.28,0.00011719207781553967,1.0,0.00023435669088352472
0.9000000000000001,0.30000000000000004,0.30000000000000004,0.7,0.7000000000000001,0.5000000000000001,0.4999999999999999,0.28,0.0,0.0,0.0
0.9000000000000001,0.30000000000000004,0.30000000000000004,0.7,0.7000000000000001,0.7000000000000001,0.29999999999999993,0.28,0.0,0.0,0.0
0.9000000000000001,0.30000000000000004,0.30000000000000004,0.7,0.7000000000000001,0.9000000000000001,0.09999999999999987,0.28,0.0,0.0,0.0
0.9000000000000001,0.30000000000000004,0.30000000000000004,0.7,0.9000000000000001,0.1,0.9,0.28,0.0,0.0,0.0
0.9000000000000001,0.30000000000000004,0.30000000000000004,0.7,0.9000000000000001,0.30000000000000004,0.7,0.28,0.0,0.0,0.0
0.9000000000000001,0.30000000000000004,0.30000000000000004,0.7,0.9000000000000001,0.5000000000000001,0.4999999999999999,0.28,0.0,0.0,0.0
0.9000000000000001,0.30000000000000004,0.30000000000000004,0.7,0.9000000000000001,0.7000000000000001,0.29999999999999993,0.28,0.0,0.0,0.0
0.9000000000000001,0.30000000000000004,0.30000000000000004,0.7,0.9000000000000001,0.9000000000000001,0.09999999999999987,0.28,0.0,0.0,0.0
0.9000000000000001,0.30000000000000004,0.5000000000000001,0.4999999999999999,0.1,0.1,0.9,0.28,5.8599472604746556e-05,1.0,0.00011719207781553967
0.9000000000000001,0.30000000000000004,0.5000000000000001,0.4999999999999999,0.1,0.30000000000000004,0.7,0.28,5.8599472604746556e-05,1.0,0.00011719207781553967
0.9000000000000001,0.30000000000000004,0.5000000000000001,0.4999999999999999,0.1,0.5000000000000001,0.4999999999999999,0.28,5.8599472604746556e-05,1.0,0.00011719207781553967
0.9000000000000001,0.30000000000000004,0.5000000000000001,0.4999999999999999,0.1,0.7000000000000001,0.29999999999999993,0.28,0.00011719207781553967,1.0,0.00023435669088352472
0.9000000000000001,0.30000000000000004,0.5000000000000001,0.4999999999999999,0.1,0.9000000000000001,0.09999999999999987,0.28,5.8599472604746556e-05,1.0,0.00011719207781553967
0.9000000000000001,0.30000000000000004,0.5000000000000001,0.4999999999999999,0.30000000000000004,0.1,0.9,0.28,0.00011719207781553967,1.0,0.00023435669088352472
0.9000000000000001,0.30000000000000004,0.5000000000000001,0.4999999999999999,0.30000000000000004,0.30000000000000004,0.7,0.28,0.0,0.0,0.0
0.9000000000000001,0.30000000000000004,0.5000000000000001,0.4999999999999999,0.30000000000000004,0.5000000000000001,0.4999999999999999,0.28,0.05194733040724485,1.0,0.09876412802366114
0.9000000000000001,0.30000000000000004,0.5000000000000001,0.4999999999999999,0.30000000000000004,0.7000000000000001,0.29999999999999993,0.28,0.0,0.0,0.0
0.9000000000000001,0.30000000000000004,0.5000000000000001,0.4999999999999999,0.30000000000000004,0.9000000000000001,0.09999999999999987,0.28,0.00017577781683951485,1.0,0.000351493848857645
0.9000000000000001,0.30000000000000004,0.5000000000000001,0.4999999999999999,0.5000000000000001,0.1,0.9,0.28,5.8599472604746556e-05,1.0,0.00011719207781553967
0.9000000000000001,0.30000000000000004,0.5000000000000001,0.4999999999999999,0.5000000000000001,0.30000000000000004,0.7,0.28,0.0,0.0,0.0
0.9000000000000001,0.30000000000000004,0.5000000000000001,0.4999999999999999,0.5000000000000001,0.5000000000000001,0.4999999999999999,0.28,0.0,0.0,0.0
0.9000000000000001,0.30000000000000004,0.5000000000000001,0.4999999999999999,0.5000000000000001,0.7000000000000001,0.29999999999999993,0.28,0.0,0.0,0.0
0.9000000000000001,0.30000000000000004,0.5000000000000001,0.4999999999999999,0.5000000000000001,0.9000000000000001,0.09999999999999987,0.28,0.0,0.0,0.0
0.9000000000000001,0.30000000000000004,0.5000000000000001,0.4999999999999999,0.7000000000000001,0.1,0.9,0.28,0.0,0.0,0.0
0.9000000000000001,0.30000000000000004,0.5000000000000001,0.4999999999999999,0.7000000000000001,0.30000000000000004,0.7,0.28,0.0,0.0,0.0
0.9000000000000001,0.30000000000000004,0.5000000000000001,0.4999999999999999,0.7000000000000001,0.5000000000000001,0.4999999999999999,0.28,0.0,0.0,0.0
0.9000000000000001,0.30000000000000004,0.5000000000000001,0.4999999999999999,0.7000000000000001,0.7000000000000001,0.29999999999999993,0.28,0.0,0.0,0.0
0.9000000000000001,0.30000000000000004,0.5000000000000001,0.4999999999999999,0.7000000000000001,0.9000000000000001,0.09999999999999987,0.28,0.0,0.0,0.0
0.9000000000000001,0.30000000000000004,0.5000000000000001,0.4999999999999999,0.9000000000000001,0.1,0.9,0.28,0.0,0.0,0.0
0.9000000000000001,0.30000000000000004,0.5000000000000001,0.4999999999999999,0.9000000000000001,0.30000000000000004,0.7,0.28,0.0,0.0,0.0
0.9000000000000001,0.30000000000000004,0.5000000000000001,0.4999999999999999,0.9000000000000001,0.5000000000000001,0.4999999999999999,0.28,5.8599472604746556e-05,1.0,0.00011719207781553967
0.9000000000000001,0.30000000000000004,0.5000000000000001,0.4999999999999999,0.9000000000000001,0.7000000000000001,0.29999999999999993,0.28,0.0,0.0,0.0
0.9000000000000001,0.30000000000000004,0.5000000000000001,0.4999999999999999,0.9000000000000001,0.9000000000000001,0.09999999999999987,0.28,0.00017577781683951485,1.0,0.000351493848857645
0.9000000000000001,0.30000000000000004,0.7000000000000001,0.29999999999999993,0.1,0.1,0.9,0.28,0.00011719207781553967,1.0,0.00023435669088352472
0.9000000000000001,0.30000000000000004,0.7000000000000001,0.29999999999999993,0.1,0.30000000000000004,0.7,0.28,0.00011719207781553967,1.0,0.00023435669088352472
0.9000000000000001,0.30000000000000004,0.7000000000000001,0.29999999999999993,0.1,0.5000000000000001,0.4999999999999999,0.28,5.8599472604746556e-05,1.0,0.00011719207781553967
0.9000000000000001,0.30000000000000004,0.7000000000000001,0.29999999999999993,0.1,0.7000000000000001,0.29999999999999993,0.28,5.8599472604746556e-05,1.0,0.00011719207781553967
0.9000000000000001,0.30000000000000004,0.7000000000000001,0.29999999999999993,0.1,0.9000000000000001,0.09999999999999987,0.28,5.8599472604746556e-05,1.0,0.00011719207781553967
0.9000000000000001,0.30000000000000004,0.7000000000000001,0.29999999999999993,0.30000000000000004,0.1,0.9,0.28,0.0,0.0,0.0
0.9000000000000001,0.30000000000000004,0.7000000000000001,0.29999999999999993,0.30000000000000004,0.30000000000000004,0.7,0.28,0.0,0.0,0.0
0.9000000000000001,0.30000000000000004,0.7000000000000001,0.29999999999999993,0.30000000000000004,0.5000000000000001,0.4999999999999999,0.28,0.0,0.0,0.0
0.9000000000000001,0.30000000000000004,0.7000000000000001,0.29999999999999993,0.30000000000000004,0.7000000000000001,0.29999999999999993,0.28,0.00011719207781553967,1.0,0.00023435669088352472
0.9000000000000001,0.30000000000000004,0.7000000000000001,0.29999999999999993,0.30000000000000004,0.9000000000000001,0.09999999999999987,0.28,5.8599472604746556e-05,1.0,0.00011719207781553967
0.9000000000000001,0.30000000000000004,0.7000000000000001,0.29999999999999993,0.5000000000000001,0.1,0.9,0.28,0.0,0.0,0.0
0.9000000000000001,0.30000000000000004,0.7000000000000001,0.29999999999999993,0.5000000000000001,0.30000000000000004,0.7,0.28,5.8599472604746556e-05,1.0,0.00011719207781553967
0.9000000000000001,0.30000000000000004,0.7000000000000001,0.29999999999999993,0.5000000000000001,0.5000000000000001,0.4999999999999999,0.28,0.0,0.0,0.0
0.9000000000000001,0.30000000000000004,0.7000000000000001,0.29999999999999993,0.5000000000000001,0.7000000000000001,0.29999999999999993,0.28,0.0,0.0,0.0
0.9000000000000001,0.30000000000000004,0.7000000000000001,0.29999999999999993,0.5000000000000001,0.9000000000000001,0.09999999999999987,0.28,0.0,0.0,0.0
0.9000000000000001,0.30000000000000004,0.7000000000000001,0.29999999999999993,0.7000000000000001,0.1,0.9,0.28,0.0,0.0,0.0
0.9000000000000001,0.30000000000000004,0.7000000000000001,0.29999999999999993,0.7000000000000001,0.30000000000000004,0.7,0.28,0.0,0.0,0.0
0.9000000000000001,0.30000000000000004,0.7000000000000001,0.29999999999999993,0.7000000000000001,0.5000000000000001,0.4999999999999999,0.28,0.0,0.0,0.0
0.9000000000000001,0.30000000000000004,0.7000000000000001,0.29999999999999993,0.7000000000000001,0.7000000000000001,0.29999999999999993,0.28,0.0,0.0,0.0
0.9000000000000001,0.30000000000000004,0.7000000000000001,0.29999999999999993,0.7000000000000001,0.9000000000000001,0.09999999999999987,0.28,0.0,0.0,0.0
0.9000000000000001,0.30000000000000004,0.7000000000000001,0.29999999999999993,0.9000000000000001,0.1,0.9,0.28,0.0,0.0,0.0
0.9000000000000001,0.30000000000000004,0.7000000000000001,0.29999999999999993,0.9000000000000001,0.30000000000000004,0.7,0.28,0.00011719207781553967,1.0,0.00023435669088352472
0.9000000000000001,0.30000000000000004,0.7000000000000001,0.29999999999999993,0.9000000000000001,0.5000000000000001,0.4999999999999999,0.28,0.0,0.0,0.0
0.9000000000000001,0.30000000000000004,0.7000000000000001,0.29999999999999993,0.9000000000000001,0.7000000000000001,0.29999999999999993,0.28,0.0,0.0,0.0
0.9000000000000001,0.30000000000000004,0.7000000000000001,0.29999999999999993,0.9000000000000001,0.9000000000000001,0.09999999999999987,0.28,0.0,0.0,0.0
0.9000000000000001,0.30000000000000004,0.9000000000000001,0.09999999999999987,0.1,0.1,0.9,0.28,5.8599472604746556e-05,1.0,0.00011719207781553967
0.9000000000000001,0.30000000000000004,0.9000000000000001,0.09999999999999987,0.1,0.30000000000000004,0.7,0.28,5.8599472604746556e-05,1.0,0.00011719207781553967
0.9000000000000001,0.30000000000000004,0.9000000000000001,0.09999999999999987,0.1,0.5000000000000001,0.4999999999999999,0.28,0.00017577781683951485,1.0,0.000351493848857645
0.9000000000000001,0.30000000000000004,0.9000000000000001,0.09999999999999987,0.1,0.7000000000000001,0.29999999999999993,0.28,0.05068150208623087,1.0,0.09647357831197713
0.9000000000000001,0.30000000000000004,0.9000000000000001,0.09999999999999987,0.1,0.9000000000000001,0.09999999999999987,0.28,5.8599472604746556e-05,1.0,0.00011719207781553967
0.9000000000000001,0.30000000000000004,0.9000000000000001,0.09999999999999987,0.30000000000000004,0.1,0.9,0.28,5.8599472604746556e-05,1.0,0.00011719207781553967
0.9000000000000001,0.30000000000000004,0.9000000000000001,0.09999999999999987,0.30000000000000004,0.30000000000000004,0.7,0.28,5.8599472604746556e-05,1.0,0.00011719207781553967
0.9000000000000001,0.30000000000000004,0.9000000000000001,0.09999999999999987,0.30000000000000004,0.5000000000000001,0.4999999999999999,0.28,5.8599472604746556e-05,1.0,0.00011719207781553967
0.9000000000000001,0.30000000000000004,0.9000000000000001,0.09999999999999987,0.30000000000000004,0.7000000000000001,0.29999999999999993,0.28,5.8599472604746556e-05,1.0,0.00011719207781553967
0.9000000000000001,0.30000000000000004,0.9000000000000001,0.09999999999999987,0.30000000000000004,0.9000000000000001,0.09999999999999987,0.28,0.00017577781683951485,1.0,0.000351493848857645
0.9000000000000001,0.30000000000000004,0.9000000000000001,0.09999999999999987,0.5000000000000001,0.1,0.9,0.28,0.03309156844968268,1.0,0.06406318560772269
0.9000000000000001,0.30000000000000004,0.9000000000000001,0.09999999999999987,0.5000000000000001,0.30000000000000004,0.7,0.28,0.0,0.0,0.0
0.9000000000000001,0.30000000000000004,0.9000000000000001,0.09999999999999987,0.5000000000000001,0.5000000000000001,0.4999999999999999,0.28,0.0,0.0,0.0
0.9000000000000001,0.30000000000000004,0.9000000000000001,0.09999999999999987,0.5000000000000001,0.7000000000000001,0.29999999999999993,0.28,5.8599472604746556e-05,1.0,0.00011719207781553967
0.9000000000000001,0.30000000000000004,0.9000000000000001,0.09999999999999987,0.5000000000000001,0.9000000000000001,0.09999999999999987,0.28,0.00011719207781553967,1.0,0.00023435669088352472
0.9000000000000001,0.30000000000000004,0.9000000000000001,0.09999999999999987,0.7000000000000001,0.1,0.9,0.28,0.0,0.0,0.0
0.9000000000000001,0.30000000000000004,0.9000000000000001,0.09999999999999987,0.7000000000000001,0.30000000000000004,0.7,0.28,0.0,0.0,0.0
0.9000000000000001,0.30000000000000004,0.9000000000000001,0.09999999999999987,0.7000000000000001,0.5000000000000001,0.4999999999999999,0.28,5.8599472604746556e-05,1.0,0.00011719207781553967
0.9000000000000001,0.30000000000000004,0.9000000000000001,0.09999999999999987,0.7000000000000001,0.7000000000000001,0.29999999999999993,0.28,0.00011719207781553967,1.0,0.00023435669088352472
0.9000000000000001,0.30000000000000004,0.9000000000000001,0.09999999999999987,0.7000000000000001,0.9000000000000001,0.09999999999999987,0.28,0.0,0.0,0.0
0.9000000000000001,0.30000000000000004,0.9000000000000001,0.09999999999999987,0.9000000000000001,0.1,0.9,0.28,0.0,0.0,0.0
0.9000000000000001,0.30000000000000004,0.9000000000000001,0.09999999999999987,0.9000000000000001,0.30000000000000004,0.7,0.28,0.0,0.0,0.0
0.9000000000000001,0.30000000000000004,0.9000000000000001,0.09999999999999987,0.9000000000000001,0.5000000000000001,0.4999999999999999,0.28,0.0,0.0,0.0
0.9000000000000001,0.30000000000000004,0.9000000000000001,0.09999999999999987,0.9000000000000001,0.7000000000000001,0.29999999999999993,0.28,0.0,0.0,0.0
0.9000000000000001,0.30000000000000004,0.9000000000000001,0.09999999999999987,0.9000000000000001,0.9000000000000001,0.09999999999999987,0.28,0.0,0.0,0.0
0.9000000000000001,0.5000000000000001,0.1,0.9,0.1,0.1,0.9,0.28,5.8599472604746556e-05,1.0,0.00011719207781553967
0.9000000000000001,0.5000000000000001,0.1,0.9,0.1,0.30000000000000004,0.7,0.28,0.0,0.0,0.0
0.9000000000000001,0.5000000000000001,0.1,0.9,0.1,0.5000000000000001,0.4999999999999999,0.28,0.0,0.0,0.0
0.9000000000000001,0.5000000000000001,0.1,0.9,0.1,0.7000000000000001,0.29999999999999993,0.28,5.8599472604746556e-05,1.0,0.00011719207781553967
0.9000000000000001,0.5000000000000001,0.1,0.9,0.1,0.9000000000000001,0.09999999999999987,0.28,0.0,0.0,0.0
0.9000000000000001,0.5000000000000001,0.1,0.9,0.30000000000000004,0.1,0.9,0.28,0.0,0.0,0.0
0.9000000000000001,0.5000000000000001,0.1,0.9,0.30000000000000004,0.30000000000000004,0.7,0.28,5.8599472604746556e-05,1.0,0.00011719207781553967
0.9000000000000001,0.5000000000000001,0.1,0.9,0.30000000000000004,0.5000000000000001,0.4999999999999999,0.28,0.0,0.0,0.0
0.9000000000000001,0.5000000000000001,0.1,0.9,0.30000000000000004,0.7000000000000001,0.29999999999999993,0.28,5.8599472604746556e-05,1.0,0.00011719207781553967
0.9000000000000001,0.5000000000000001,0.1,0.9,0.30000000000000004,0.9000000000000001,0.09999999999999987,0.28,5.8599472604746556e-05,1.0,0.00011719207781553967
0.9000000000000001,0.5000000000000001,0.1,0.9,0.5000000000000001,0.1,0.9,0.28,0.0,0.0,0.0
0.9000000000000001,0.5000000000000001,0.1,0.9,0.5000000000000001,0.30000000000000004,0.7,0.28,5.8599472604746556e-05,1.0,0.00011719207781553967
0.9000000000000001,0.5000000000000001,0.1,0.9,0.5000000000000001,0.5000000000000001,0.4999999999999999,0.28,5.8599472604746556e-05,1.0,0.00011719207781553967
0.9000000000000001,0.5000000000000001,0.1,0.9,0.5000000000000001,0.7000000000000001,0.29999999999999993,0.28,5.8599472604746556e-05,1.0,0.00011719207781553967
0.9000000000000001,0.5000000000000001,0.1,0.9,0.5000000000000001,0.9000000000000001,0.09999999999999987,0.28,5.8599472604746556e-05,1.0,0.00011719207781553967
0.9000000000000001,0.5000000000000001,0.1,0.9,0.7000000000000001,0.1,0.9,0.28,0.0,0.0,0.0
0.9000000000000001,0.5000000000000001,0.1,0.9,0.7000000000000001,0.30000000000000004,0.7,0.28,0.0,0.0,0.0
0.9000000000000001,0.5000000000000001,0.1,0.9,0.7000000000000001,0.5000000000000001,0.4999999999999999,0.28,0.0,0.0,0.0
0.9000000000000001,0.5000000000000001,0.1,0.9,0.7000000000000001,0.7000000000000001,0.29999999999999993,0.28,0.0,0.0,0.0
0.9000000000000001,0.5000000000000001,0.1,0.9,0.7000000000000001,0.9000000000000001,0.09999999999999987,0.28,5.8599472604746556e-05,1.0,0.00011719207781553967
0.9000000000000001,0.5000000000000001,0.1,0.9,0.9000000000000001,0.1,0.9,0.28,0.0,0.0,0.0
0.9000000000000001,0.5000000000000001,0.1,0.9,0.9000000000000001,0.30000000000000004,0.7,0.28,0.0,0.0,0.0
0.9000000000000001,0.5000000000000001,0.1,0.9,0.9000000000000001,0.5000000000000001,0.4999999999999999,0.28,5.8599472604746556e-05,1.0,0.00011719207781553967
0.9000000000000001,0.5000000000000001,0.1,0.9,0.9000000000000001,0.7000000000000001,0.29999999999999993,0.28,0.0,0.0,0.0
0.9000000000000001,0.5000000000000001,0.1,0.9,0.9000000000000001,0.9000000000000001,0.09999999999999987,0.28,0.0,0.0,0.0
0.9000000000000001,0.5000000000000001,0.30000000000000004,0.7,0.1,0.1,0.9,0.28,0.0,0.0,0.0
0.9000000000000001,0.5000000000000001,0.30000000000000004,0.7,0.1,0.30000000000000004,0.7,0.28,5.8599472604746556e-05,1.0,0.00011719207781553967
0.9000000000000001,0.5000000000000001,0.30000000000000004,0.7,0.1,0.5000000000000001,0.4999999999999999,0.28,0.051841973662277045,1.0,0.09857369255150554
0.9000000000000001,0.5000000000000001,0.30000000000000004,0.7,0.1,0.7000000000000001,0.29999999999999993,0.28,0.0,0.0,0.0
0.9000000000000001,0.5000000000000001,0.30000000000000004,0.7,0.1,0.9000000000000001,0.09999999999999987,0.28,0.0,0.0,0.0
0.9000000000000001,0.5000000000000001,0.30000000000000004,0.7,0.30000000000000004,0.1,0.9,0.28,0.0,0.0,0.0
0.9000000000000001,0.5000000000000001,0.30000000000000004,0.7,0.30000000000000004,0.30000000000000004,0.7,0.28,0.0,0.0,0.0
0.9000000000000001,0.5000000000000001,0.30000000000000004,0.7,0.30000000000000004,0.5000000000000001,0.4999999999999999,0.28,0.0,0.0,0.0
0.9000000000000001,0.5000000000000001,0.30000000000000004,0.7,0.30000000000000004,0.7000000000000001,0.29999999999999993,0.28,0.0,0.0,0.0
0.9000000000000001,0.5000000000000001,0.30000000000000004,0.7,0.30000000000000004,0.9000000000000001,0.09999999999999987,0.28,0.0,0.0,0.0
0.9000000000000001,0.5000000000000001,0.30000000000000004,0.7,0.5000000000000001,0.1,0.9,0.28,0.0,0.0,0.0
0.9000000000000001,0.5000000000000001,0.30000000000000004,0.7,0.5000000000000001,0.30000000000000004,0.7,0.28,5.8599472604746556e-05,1.0,0.00011719207781553967
0.9000000000000001,0.5000000000000001,0.30000000000000004,0.7,0.5000000000000001,0.5000000000000001,0.4999999999999999,0.28,0.0,0.0,0.0
0.9000000000000001,0.5000000000000001,0.30000000000000004,0.7,0.5000000000000001,0.7000000000000001,0.29999999999999993,0.28,0.0,0.0,0.0
0.9000000000000001,0.5000000000000001,0.30000000000000004,0.7,0.5000000000000001,0.9000000000000001,0.09999999999999987,0.28,0.0,0.0,0.0
0.9000000000000001,0.5000000000000001,0.30000000000000004,0.7,0.7000000000000001,0.1,0.9,0.28,5.8599472604746556e-05,1.0,0.00011719207781553967
0.9000000000000001,0.5000000000000001,0.30000000000000004,0.7,0.7000000000000001,0.30000000000000004,0.7,0.28,0.0,0.0,0.0
0.9000000000000001,0.5000000000000001,0.30000000000000004,0.7,0.7000000000000001,0.5000000000000001,0.4999999999999999,0.28,0.0,0.0,0.0
0.9000000000000001,0.5000000000000001,0.30000000000000004,0.7,0.7000000000000001,0.7000000000000001,0.29999999999999993,0.28,0.00011719207781553967,1.0,0.00023435669088352472
0.9000000000000001,0.5000000000000001,0.30000000000000004,0.7,0.7000000000000001,0.9000000000000001,0.09999999999999987,0.28,0.05173659349819394,1.0,0.09838317658247912
0.9000000000000001,0.5000000000000001,0.30000000000000004,0.7,0.9000000000000001,0.1,0.9,0.28,0.0,0.0,0.0
0.9000000000000001,0.5000000000000001,0.30000000000000004,0.7,0.9000000000000001,0.30000000000000004,0.7,0.28,0.0,0.0,0.0
0.9000000000000001,0.5000000000000001,0.30000000000000004,0.7,0.9000000000000001,0.5000000000000001,0.4999999999999999,0.28,0.05231589470176608,1.0,0.09943001899936668
0.9000000000000001,0.5000000000000001,0.30000000000000004,0.7,0.9000000000000001,0.7000000000000001,0.29999999999999993,0.28,5.8599472604746556e-05,1.0,0.00011719207781553967
0.9000000000000001,0.5000000000000001,0.30000000000000004,0.7,0.9000000000000001,0.9000000000000001,0.09999999999999987,0.28,0.00011719207781553967,1.0,0.00023435669088352472
0.9000000000000001,0.5000000000000001,0.5000000000000001,0.4999999999999999,0.1,0.1,0.9,0.28,0.0,0.0,0.0
0.9000000000000001,0.5000000000000001,0.5000000000000001,0.4999999999999999,0.1,0.30000000000000004,0.7,0.28,0.0,0.0,0.0
0.9000000000000001,0.5000000000000001,0.5000000000000001,0.4999999999999999,0.1,0.5000000000000001,0.4999999999999999,0.28,0.0,0.0,0.0
0.9000000000000001,0.5000000000000001,0.5000000000000001,0.4999999999999999,0.1,0.7000000000000001,0.29999999999999993,0.28,0.0,0.0,0.0
0.9000000000000001,0.5000000000000001,0.5000000000000001,0.4999999999999999,0.1,0.9000000000000001,0.09999999999999987,0.28,5.8599472604746556e-05,1.0,0.00011719207781553967
0.9000000000000001,0.5000000000000001,0.5000000000000001,0.4999999999999999,0.30000000000000004,0.1,0.9,0.28,5.8599472604746556e-05,1.0,0.00011719207781553967
0.9000000000000001,0.5000000000000001,0.5000000000000001,0.4999999999999999,0.30000000000000004,0.30000000000000004,0.7,0.28,0.0,0.0,0.0
0.9000000000000001,0.5000000000000001,0.5000000000000001,0.4999999999999999,0.30000000000000004,0.5000000000000001,0.4999999999999999,0.28,0.0,0.0,0.0
0.9000000000000001,0.5000000000000001,0.5000000000000001,0.4999999999999999,0.30000000000000004,0.7000000000000001,0.29999999999999993,0.28,0.0,0.0,0.0
0.9000000000000001,0.5000000000000001,0.5000000000000001,0.4999999999999999,0.30000000000000004,0.9000000000000001,0.09999999999999987,0.28,0.0,0.0,0.0
0.9000000000000001,0.5000000000000001,0.5000000000000001,0.4999999999999999,0.5000000000000001,0.1,0.9,0.28,5.8599472604746556e-05,1.0,0.00011719207781553967
0.9000000000000001,0.5000000000000001,0.5000000000000001,0.4999999999999999,0.5000000000000001,0.30000000000000004,0.7,0.28,0.0,0.0,0.0
0.9000000000000001,0.5000000000000001,0.5000000000000001,0.4999999999999999,0.5000000000000001,0.5000000000000001,0.4999999999999999,0.28,0.0,0.0,0.0
0.9000000000000001,0.5000000000000001,0.5000000000000001,0.4999999999999999,0.5000000000000001,0.7000000000000001,0.29999999999999993,0.28,0.0,0.0,0.0
0.9000000000000001,0.5000000000000001,0.5000000000000001,0.4999999999999999,0.5000000000000001,0.9000000000000001,0.09999999999999987,0.28,0.00011719207781553967,1.0,0.00023435669088352472
0.9000000000000001,0.5000000000000001,0.5000000000000001,0.4999999999999999,0.7000000000000001,0.1,0.9,0.28,5.8599472604746556e-05,1.0,0.00011719207781553967
0.9000000000000001,0.5000000000000001,0.5000000000000001,0.4999999999999999,0.7000000000000001,0.30000000000000004,0.7,0.28,0.0,0.0,0.0
0.9000000000000001,0.5000000000000001,0.5000000000000001,0.4999999999999999,0.7000000000000001,0.5000000000000001,0.4999999999999999,0.28,5.8599472604746556e-05,1.0,0.00011719207781553967
0.9000000000000001,0.5000000000000001,0.5000000000000001,0.4999999999999999,0.7000000000000001,0.7000000000000001,0.29999999999999993,0.28,0.00011719207781553967,1.0,0.00023435669088352472
0.9000000000000001,0.5000000000000001,0.5000000000000001,0.4999999999999999,0.7000000000000001,0.9000000000000001,0.09999999999999987,0.28,5.8599472604746556e-05,1.0,0.00011719207781553967
0.9000000000000001,0.5000000000000001,0.5000000000000001,0.4999999999999999,0.9000000000000001,0.1,0.9,0.28,5.8599472604746556e-05,1.0,0.00011719207781553967
0.9000000000000001,0.5000000000000001,0.5000000000000001,0.4999999999999999,0.9000000000000001,0.30000000000000004,0.7,0.28,0.0,0.0,0.0
0.9000000000000001,0.5000000000000001,0.5000000000000001,0.4999999999999999,0.9000000000000001,0.5000000000000001,0.4999999999999999,0.28,5.8599472604746556e-05,1.0,0.00011719207781553967
0.9000000000000001,0.5000000000000001,0.5000000000000001,0.4999999999999999,0.9000000000000001,0.7000000000000001,0.29999999999999993,0.28,0.0,0.0,0.0
0.9000000000000001,0.5000000000000001,0.5000000000000001,0.4999999999999999,0.9000000000000001,0.9000000000000001,0.09999999999999987,0.28,0.0,0.0,0.0
0.9000000000000001,0.5000000000000001,0.7000000000000001,0.29999999999999993,0.1,0.1,0.9,0.28,0.0,0.0,0.0
0.9000000000000001,0.5000000000000001,0.7000000000000001,0.29999999999999993,0.1,0.30000000000000004,0.7,0.28,5.8599472604746556e-05,1.0,0.00011719207781553967
0.9000000000000001,0.5000000000000001,0.7000000000000001,0.29999999999999993,0.1,0.5000000000000001,0.4999999999999999,0.28,5.8599472604746556e-05,1.0,0.00011719207781553967
0.9000000000000001,0.5000000000000001,0.7000000000000001,0.29999999999999993,0.1,0.7000000000000001,0.29999999999999993,0.28,0.0,0.0,0.0
0.9000000000000001,0.5000000000000001,0.7000000000000001,0.29999999999999993,0.1,0.9000000000000001,0.09999999999999987,0.28,5.8599472604746556e-05,1.0,0.00011719207781553967
0.9000000000000001,0.5000000000000001,0.7000000000000001,0.29999999999999993,0.30000000000000004,0.1,0.9,0.28,0.0,0.0,0.0
0.9000000000000001,0.5000000000000001,0.7000000000000001,0.29999999999999993,0.30000000000000004,0.30000000000000004,0.7,0.28,0.0,0.0,0.0
0.9000000000000001,0.5000000000000001,0.7000000000000001,0.29999999999999993,0.30000000000000004,0.5000000000000001,0.4999999999999999,0.28,0.00011719207781553967,1.0,0.00023435669088352472
0.9000000000000001,0.5000000000000001,0.7000000000000001,0.29999999999999993,0.30000000000000004,0.7000000000000001,0.29999999999999993,0.28,0.0,0.0,0.0
0.9000000000000001,0.5000000000000001,0.7000000000000001,0.29999999999999993,0.30000000000000004,0.9000000000000001,0.09999999999999987,0.28,0.0,0.0,0.0
0.9000000000000001,0.5000000000000001,0.7000000000000001,0.29999999999999993,0.5000000000000001,0.1,0.9,0.28,0.00011719207781553967,1.0,0.00023435669088352472
0.9000000000000001,0.5000000000000001,0.7000000000000001,0.29999999999999993,0.5000000000000001,0.30000000000000004,0.7,0.28,0.0,0.0,0.0
0.9000000000000001,0.5000000000000001,0.7000000000000001,0.29999999999999993,0.5000000000000001,0.5000000000000001,0.4999999999999999,0.28,0.00011719207781553967,1.0,0.00023435669088352472
0.9000000000000001,0.5000000000000001,0.7000000000000001,0.29999999999999993,0.5000000000000001,0.7000000000000001,0.29999999999999993,0.28,0.0,0.0,0.0
0.9000000000000001,0.5000000000000001,0.7000000000000001,0.29999999999999993,0.5000000000000001,0.9000000000000001,0.09999999999999987,0.28,0.00011719207781553967,1.0,0.00023435669088352472
0.9000000000000001,0.5000000000000001,0.7000000000000001,0.29999999999999993,0.7000000000000001,0.1,0.9,0.28,0.0,0.0,0.0
0.9000000000000001,0.5000000000000001,0.7000000000000001,0.29999999999999993,0.7000000000000001,0.30000000000000004,0.7,0.28,5.8599472604746556e-05,1.0,0.00011719207781553967
0.9000000000000001,0.5000000000000001,0.7000000000000001,0.29999999999999993,0.7000000000000001,0.5000000000000001,0.4999999999999999,0.28,0.0,0.0,0.0
0.9000000000000001,0.5000000000000001,0.7000000000000001,0.29999999999999993,0.7000000000000001,0.7000000000000001,0.29999999999999993,0.28,0.0,0.0,0.0
0.9000000000000001,0.5000000000000001,0.7000000000000001,0.29999999999999993,0.7000000000000001,0.9000000000000001,0.09999999999999987,0.28,0.0,0.0,0.0
0.9000000000000001,0.5000000000000001,0.7000000000000001,0.29999999999999993,0.9000000000000001,0.1,0.9,0.28,5.8599472604746556e-05,1.0,0.00011719207781553967
0.9000000000000001,0.5000000000000001,0.7000000000000001,0.29999999999999993,0.9000000000000001,0.30000000000000004,0.7,0.28,5.8599472604746556e-05,1.0,0.00011719207781553967
0.9000000000000001,0.5000000000000001,0.7000000000000001,0.29999999999999993,0.9000000000000001,0.5000000000000001,0.4999999999999999,0.28,0.0,0.0,0.0
0.9000000000000001,0.5000000000000001,0.7000000000000001,0.29999999999999993,0.9000000000000001,0.7000000000000001,0.29999999999999993,0.28,5.8599472604746556e-05,1.0,0.00011719207781553967
0.9000000000000001,0.5000000000000001,0.7000000000000001,0.29999999999999993,0.9000000000000001,0.9000000000000001,0.09999999999999987,0.28,0.0,0.0,0.0
0.9000000000000001,0.5000000000000001,0.9000000000000001,0.09999999999999987,0.1,0.1,0.9,0.28,0.0,0.0,0.0
0.9000000000000001,0.5000000000000001,0.9000000000000001,0.09999999999999987,0.1,0.30000000000000004,0.7,0.28,0.0,0.0,0.0
0.9000000000000001,0.5000000000000001,0.9000000000000001,0.09999999999999987,0.1,0.5000000000000001,0.4999999999999999,0.28,0.0,0.0,0.0
0.9000000000000001,0.5000000000000001,0.9000000000000001,0.09999999999999987,0.1,0.7000000000000001,0.29999999999999993,0.28,5.8599472604746556e-05,1.0,0.00011719207781553967
0.9000000000000001,0.5000000000000001,0.9000000000000001,0.09999999999999987,0.1,0.9000000000000001,0.09999999999999987,0.28,0.0,0.0,0.0
0.9000000000000001,0.5000000000000001,0.9000000000000001,0.09999999999999987,0.30000000000000004,0.1,0.9,0.28,0.0,0.0,0.0
0.9000000000000001,0.5000000000000001,0.9000000000000001,0.09999999999999987,0.30000000000000004,0.30000000000000004,0.7,0.28,5.8599472604746556e-05,1.0,0.00011719207781553967
0.9000000000000001,0.5000000000000001,0.9000000000000001,0.09999999999999987,0.30000000000000004,0.5000000000000001,0.4999999999999999,0.28,0.0,0.0,0.0
0.9000000000000001,0.5000000000000001,0.9000000000000001,0.09999999999999987,0.30000000000000004,0.7000000000000001,0.29999999999999993,0.28,0.0,0.0,0.0
0.9000000000000001,0.5000000000000001,0.9000000000000001,0.09999999999999987,0.30000000000000004,0.9000000000000001,0.09999999999999987,0.28,0.0,0.0,0.0
0.9000000000000001,0.5000000000000001,0.9000000000000001,0.09999999999999987,0.5000000000000001,0.1,0.9,0.28,0.0,0.0,0.0
0.9000000000000001,0.5000000000000001,0.9000000000000001,0.09999999999999987,0.5000000000000001,0.30000000000000004,0.7,0.28,0.0,0.0,0.0
0.9000000000000001,0.5000000000000001,0.9000000000000001,0.09999999999999987,0.5000000000000001,0.5000000000000001,0.4999999999999999,0.28,5.8599472604746556e-05,1.0,0.00011719207781553967
0.9000000000000001,0.5000000000000001,0.9000000000000001,0.09999999999999987,0.5000000000000001,0.7000000000000001,0.29999999999999993,0.28,0.0,0.0,0.0
0.9000000000000001,0.5000000000000001,0.9000000000000001,0.09999999999999987,0.5000000000000001,0.9000000000000001,0.09999999999999987,0.28,0.0,0.0,0.0
0.9000000000000001,0.5000000000000001,0.9000000000000001,0.09999999999999987,0.7000000000000001,0.1,0.9,0.28,0.0,0.0,0.0
0.9000000000000001,0.5000000000000001,0.9000000000000001,0.09999999999999987,0.7000000000000001,0.30000000000000004,0.7,0.28,0.0,0.0,0.0
0.9000000000000001,0.5000000000000001,0.9000000000000001,0.09999999999999987,0.7000000000000001,0.5000000000000001,0.4999999999999999,0.28,0.0,0.0,0.0
0.9000000000000001,0.5000000000000001,0.9000000000000001,0.09999999999999987,0.7000000000000001,0.7000000000000001,0.29999999999999993,0.28,0.00011719207781553967,1.0,0.00023435669088352472
0.9000000000000001,0.5000000000000001,0.9000000000000001,0.09999999999999987,0.7000000000000001,0.9000000000000001,0.09999999999999987,0.28,0.00011719207781553967,1.0,0.00023435669088352472
0.9000000000000001,0.5000000000000001,0.9000000000000001,0.09999999999999987,0.9000000000000001,0.1,0.9,0.28,5.8599472604746556e-05,1.0,0.00011719207781553967
0.9000000000000001,0.5000000000000001,0.9000000000000001,0.09999999999999987,0.9000000000000001,0.30000000000000004,0.7,0.28,0.0,0.0,0.0
0.9000000000000001,0.5000000000000001,0.9000000000000001,0.09999999999999987,0.9000000000000001,0.5000000000000001,0.4999999999999999,0.28,5.8599472604746556e-05,1.0,0.00011719207781553967
0.9000000000000001,0.5000000000000001,0.9000000000000001,0.09999999999999987,0.9000000000000001,0.7000000000000001,0.29999999999999993,0.28,0.0,0.0,0.0
0.9000000000000001,0.5000000000000001,0.9000000000000001,0.09999999999999987,0.9000000000000001,0.9000000000000001,0.09999999999999987,0.28,5.8599472604746556e-05,1.0,0.00011719207781553967
0.9000000000000001,0.7000000000000001,0.1,0.9,0.1,0.1,0.9,0.28,0.0,0.0,0.0
0.9000000000000001,0.7000000000000001,0.1,0.9,0.1,0.30000000000000004,0.7,0.28,0.0,0.0,0.0
0.9000000000000001,0.7000000000000001,0.1,0.9,0.1,0.5000000000000001,0.4999999999999999,0.28,0.0,0.0,0.0
0.9000000000000001,0.7000000000000001,0.1,0.9,0.1,0.7000000000000001,0.29999999999999993,0.28,0.0,0.0,0.0
0.9000000000000001,0.7000000000000001,0.1,0.9,0.1,0.9000000000000001,0.09999999999999987,0.28,0.0,0.0,0.0
0.9000000000000001,0.7000000000000001,0.1,0.9,0.30000000000000004,0.1,0.9,0.28,5.8599472604746556e-05,1.0,0.00011719207781553967
0.9000000000000001,0.7000000000000001,0.1,0.9,0.30000000000000004,0.30000000000000004,0.7,0.28,0.0,0.0,0.0
0.9000000000000001,0.7000000000000001,0.1,0.9,0.30000000000000004,0.5000000000000001,0.4999999999999999,0.28,0.0,0.0,0.0
0.9000000000000001,0.7000000000000001,0.1,0.9,0.30000000000000004,0.7000000000000001,0.29999999999999993,0.28,5.8599472604746556e-05,1.0,0.00011719207781553967
0.9000000000000001,0.7000000000000001,0.1,0.9,0.30000000000000004,0.9000000000000001,0.09999999999999987,0.28,0.0,0.0,0.0
0.9000000000000001,0.7000000000000001,0.1,0.9,0.5000000000000001,0.1,0.9,0.28,0.00011719207781553967,1.0,0.00023435669088352472
0.9000000000000001,0.7000000000000001,0.1,0.9,0.5000000000000001,0.30000000000000004,0.7,0.28,0.0,0.0,0.0
0.9000000000000001,0.7000000000000001,0.1,0.9,0.5000000000000001,0.5000000000000001,0.4999999999999999,0.28,0.00011719207781553967,1.0,0.00023435669088352472
0.9000000000000001,0.7000000000000001,0.1,0.9,0.5000000000000001,0.7000000000000001,0.29999999999999993,0.28,0.00011719207781553967,1.0,0.00023435669088352472
0.9000000000000001,0.7000000000000001,0.1,0.9,0.5000000000000001,0.9000000000000001,0.09999999999999987,0.28,0.0,0.0,0.0
0.9000000000000001,0.7000000000000001,0.1,0.9,0.7000000000000001,0.1,0.9,0.28,0.0,0.0,0.0
0.9000000000000001,0.7000000000000001,0.1,0.9,0.7000000000000001,0.30000000000000004,0.7,0.28,0.0,0.0,0.0
0.9000000000000001,0.7000000000000001,0.1,0.9,0.7000000000000001,0.5000000000000001,0.4999999999999999,0.28,0.0,0.0,0.0
0.9000000000000001,0.7000000000000001,0.1,0.9,0.7000000000000001,0.7000000000000001,0.29999999999999993,0.28,0.0,0.0,0.0
0.9000000000000001,0.7000000000000001,0.1,0.9,0.7000000000000001,0.9000000000000001,0.09999999999999987,0.28,0.0,0.0,0.0
0.9000000000000001,0.7000000000000001,0.1,0.9,0.9000000000000001,0.1,0.9,0.28,0.0,0.0,0.0
0.9000000000000001,0.7000000000000001,0.1,0.9,0.9000000000000001,0.30000000000000004,0.7,0.28,0.0,0.0,0.0
0.9000000000000001,0.7000000000000001,0.1,0.9,0.9000000000000001,0.5000000000000001,0.4999999999999999,0.28,0.0,0.0,0.0
0.9000000000000001,0.7000000000000001,0.1,0.9,0.9000000000000001,0.7000000000000001,0.29999999999999993,0.28,0.0,0.0,0.0
0.9000000000000001,0.7000000000000001,0.1,0.9,0.9000000000000001,0.9000000000000001,0.09999999999999987,0.28,0.0,0.0,0.0
0.9000000000000001,0.7000000000000001,0.30000000000000004,0.7,0.1,0.1,0.9,0.28,5.8599472604746556e-05,1.0,0.00011719207781553967
0.9000000000000001,0.7000000000000001,0.30000000000000004,0.7,0.1,0.30000000000000004,0.7,0.28,0.0,0.0,0.0
0.9000000000000001,0.7000000000000001,0.30000000000000004,0.7,0.1,0.5000000000000001,0.4999999999999999,0.28,0.00011719207781553967,1.0,0.00023435669088352472
0.9000000000000001,0.7000000000000001,0.30000000000000004,0.7,0.1,0.7000000000000001,0.29999999999999993,0.28,0.0,0.0,0.0
0.9000000000000001,0.7000000000000001,0.30000000000000004,0.7,0.1,0.9000000000000001,0.09999999999999987,0.28,0.0,0.0,0.0
0.9000000000000001,0.7000000000000001,0.30000000000000004,0.7,0.30000000000000004,0.1,0.9,0.28,5.8599472604746556e-05,1.0,0.00011719207781553967
0.9000000000000001,0.7000000000000001,0.30000000000000004,0.7,0.30000000000000004,0.30000000000000004,0.7,0.28,0.0,0.0,0.0
0.9000000000000001,0.7000000000000001,0.30000000000000004,0.7,0.30000000000000004,0.5000000000000001,0.4999999999999999,0.28,5.8599472604746556e-05,1.0,0.00011719207781553967
0.9000000000000001,0.7000000000000001,0.30000000000000004,0.7,0.30000000000000004,0.7000000000000001,0.29999999999999993,0.28,0.0,0.0,0.0
0.9000000000000001,0.7000000000000001,0.30000000000000004,0.7,0.30000000000000004,0.9000000000000001,0.09999999999999987,0.28,0.0,0.0,0.0
0.9000000000000001,0.7000000000000001,0.30000000000000004,0.7,0.5000000000000001,0.1,0.9,0.28,0.00011719207781553967,1.0,0.00023435669088352472
0.9000000000000001,0.7000000000000001,0.30000000000000004,0.7,0.5000000000000001,0.30000000000000004,0.7,0.28,0.0,0.0,0.0
0.9000000000000001,0.7000000000000001,0.30000000000000004,0.7,0.5000000000000001,0.5000000000000001,0.4999999999999999,0.28,5.8599472604746556e-05,1.0,0.00011719207781553967
0.9000000000000001,0.7000000000000001,0.30000000000000004,0.7,0.5000000000000001,0.7000000000000001,0.29999999999999993,0.28,5.8599472604746556e-05,1.0,0.00011719207781553967
0.9000000000000001,0.7000000000000001,0.30000000000000004,0.7,0.5000000000000001,0.9000000000000001,0.09999999999999987,0.28,0.0,0.0,0.0
0.9000000000000001,0.7000000000000001,0.30000000000000004,0.7,0.7000000000000001,0.1,0.9,0.28,5.8599472604746556e-05,1.0,0.00011719207781553967
0.9000000000000001,0.7000000000000001,0.30000000000000004,0.7,0.7000000000000001,0.30000000000000004,0.7,0.28,0.05157847932414406,1.0,0.09809725158562368
0.9000000000000001,0.7000000000000001,0.30000000000000004,0.7,0.7000000000000001,0.5000000000000001,0.4999999999999999,0.28,5.8599472604746556e-05,1.0,0.00011719207781553967
0.9000000000000001,0.7000000000000001,0.30000000000000004,0.7,0.7000000000000001,0.7000000000000001,0.29999999999999993,0.28,0.0,0.0,0.0
0.9000000000000001,0.7000000000000001,0.30000000000000004,0.7,0.7000000000000001,0.9000000000000001,0.09999999999999987,0.28,0.00017577781683951485,1.0,0.000351493848857645
0.9000000000000001,0.7000000000000001,0.30000000000000004,0.7,0.9000000000000001,0.1,0.9,0.28,0.0,0.0,0.0
0.9000000000000001,0.7000000000000001,0.30000000000000004,0.7,0.9000000000000001,0.30000000000000004,0.7,0.28,0.051631189907186126,1.0,0.09819258006553218
0.9000000000000001,0.7000000000000001,0.30000000000000004,0.7,0.9000000000000001,0.5000000000000001,0.4999999999999999,0.28,0.0,0.0,0.0
0.9000000000000001,0.7000000000000001,0.30000000000000004,0.7,0.9000000000000001,0.7000000000000001,0.29999999999999993,0.28,0.0,0.0,0.0
0.9000000000000001,0.7000000000000001,0.30000000000000004,0.7,0.9000000000000001,0.9000000000000001,0.09999999999999987,0.28,0.0,0.0,0.0
0.9000000000000001,0.7000000000000001,0.5000000000000001,0.4999999999999999,0.1,0.1,0.9,0.28,0.0,0.0,0.0
0.9000000000000001,0.7000000000000001,0.5000000000000001,0.4999999999999999,0.1,0.30000000000000004,0.7,0.28,0.0,0.0,0.0
0.9000000000000001,0.7000000000000001,0.5000000000000001,0.4999999999999999,0.1,0.5000000000000001,0.4999999999999999,0.28,0.0,0.0,0.0
0.9000000000000001,0.7000000000000001,0.5000000000000001,0.4999999999999999,0.1,0.7000000000000001,0.29999999999999993,0.28,5.8599472604746556e-05,1.0,0.00011719207781553967
0.9000000000000001,0.7000000000000001,0.5000000000000001,0.4999999999999999,0.1,0.9000000000000001,0.09999999999999987,0.28,0.05157847932414406,1.0,0.09809725158562368
0.9000000000000001,0.7000000000000001,0.5000000000000001,0.4999999999999999,0.30000000000000004,0.1,0.9,0.28,0.0,0.0,0.0
0.9000000000000001,0.7000000000000001,0.5000000000000001,0.4999999999999999,0.30000000000000004,0.30000000000000004,0.7,0.28,0.00011719207781553967,1.0,0.00023435669088352472
0.9000000000000001,0.7000000000000001,0.5000000000000001,0.4999999999999999,0.30000000000000004,0.5000000000000001,0.4999999999999999,0.28,0.0,0.0,0.0
0.9000000000000001,0.7000000000000001,0.5000000000000001,0.4999999999999999,0.30000000000000004,0.7000000000000001,0.29999999999999993,0.28,0.0,0.0,0.0
0.9000000000000001,0.7000000000000001,0.5000000000000001,0.4999999999999999,0.30000000000000004,0.9000000000000001,0.09999999999999987,0.28,0.05157847932414406,1.0,0.09809725158562368
0.9000000000000001,0.7000000000000001,0.5000000000000001,0.4999999999999999,0.5000000000000001,0.1,0.9,0.28,0.0,0.0,0.0
0.9000000000000001,0.7000000000000001,0.5000000000000001,0.4999999999999999,0.5000000000000001,0.30000000000000004,0.7,0.28,5.8599472604746556e-05,1.0,0.00011719207781553967
0.9000000000000001,0.7000000000000001,0.5000000000000001,0.4999999999999999,0.5000000000000001,0.5000000000000001,0.4999999999999999,0.28,0.0,0.0,0.0
0.9000000000000001,0.7000000000000001,0.5000000000000001,0.4999999999999999,0.5000000000000001,0.7000000000000001,0.29999999999999993,0.28,0.0,0.0,0.0
0.9000000000000001,0.7000000000000001,0.5000000000000001,0.4999999999999999,0.5000000000000001,0.9000000000000001,0.09999999999999987,0.28,5.8599472604746556e-05,1.0,0.00011719207781553967
0.9000000000000001,0.7000000000000001,0.5000000000000001,0.4999999999999999,0.7000000000000001,0.1,0.9,0.28,0.0,0.0,0.0
0.9000000000000001,0.7000000000000001,0.5000000000000001,0.4999999999999999,0.7000000000000001,0.30000000000000004,0.7,0.28,0.0,0.0,0.0
0.9000000000000001,0.7000000000000001,0.5000000000000001,0.4999999999999999,0.7000000000000001,0.5000000000000001,0.4999999999999999,0.28,0.0,0.0,0.0
0.9000000000000001,0.7000000000000001,0.5000000000000001,0.4999999999999999,0.7000000000000001,0.7000000000000001,0.29999999999999993,0.28,0.0,0.0,0.0
0.9000000000000001,0.7000000000000001,0.5000000000000001,0.4999999999999999,0.7000000000000001,0.9000000000000001,0.09999999999999987,0.28,0.0,0.0,0.0
0.9000000000000001,0.7000000000000001,0.5000000000000001,0.4999999999999999,0.9000000000000001,0.1,0.9,0.28,0.0,0.0,0.0
0.9000000000000001,0.7000000000000001,0.5000000000000001,0.4999999999999999,0.9000000000000001,0.30000000000000004,0.7,0.28,0.0,0.0,0.0
0.9000000000000001,0.7000000000000001,0.5000000000000001,0.4999999999999999,0.9000000000000001,0.5000000000000001,0.4999999999999999,0.28,0.0,0.0,0.0
0.9000000000000001,0.7000000000000001,0.5000000000000001,0.4999999999999999,0.9000000000000001,0.7000000000000001,0.29999999999999993,0.28,0.0,0.0,0.0
0.9000000000000001,0.7000000000000001,0.5000000000000001,0.4999999999999999,0.9000000000000001,0.9000000000000001,0.09999999999999987,0.28,0.0,0.0,0.0
0.9000000000000001,0.7000000000000001,0.7000000000000001,0.29999999999999993,0.1,0.1,0.9,0.28,0.0,0.0,0.0
0.9000000000000001,0.7000000000000001,0.7000000000000001,0.29999999999999993,0.1,0.30000000000000004,0.7,0.28,5.8599472604746556e-05,1.0,0.00011719207781553967
0.9000000000000001,0.7000000000000001,0.7000000000000001,0.29999999999999993,0.1,0.5000000000000001,0.4999999999999999,0.28,5.8599472604746556e-05,1.0,0.00011719207781553967
0.9000000000000001,0.7000000000000001,0.7000000000000001,0.29999999999999993,0.1,0.7000000000000001,0.29999999999999993,0.28,0.0,0.0,0.0
0.9000000000000001,0.7000000000000001,0.7000000000000001,0.29999999999999993,0.1,0.9000000000000001,0.09999999999999987,0.28,0.0,0.0,0.0
0.9000000000000001,0.7000000000000001,0.7000000000000001,0.29999999999999993,0.30000000000000004,0.1,0.9,0.28,0.0,0.0,0.0
0.9000000000000001,0.7000000000000001,0.7000000000000001,0.29999999999999993,0.30000000000000004,0.30000000000000004,0.7,0.28,5.8599472604746556e-05,1.0,0.00011719207781553967
0.9000000000000001,0.7000000000000001,0.7000000000000001,0.29999999999999993,0.30000000000000004,0.5000000000000001,0.4999999999999999,0.28,5.8599472604746556e-05,1.0,0.00011719207781553967
0.9000000000000001,0.7000000000000001,0.7000000000000001,0.29999999999999993,0.30000000000000004,0.7000000000000001,0.29999999999999993,0.28,5.8599472604746556e-05,1.0,0.00011719207781553967
0.9000000000000001,0.7000000000000001,0.7000000000000001,0.29999999999999993,0.30000000000000004,0.9000000000000001,0.09999999999999987,0.28,0.00011719207781553967,1.0,0.00023435669088352472
0.9000000000000001,0.7000000000000001,0.7000000000000001,0.29999999999999993,0.5000000000000001,0.1,0.9,0.28,0.0,0.0,0.0
0.9000000000000001,0.7000000000000001,0.7000000000000001,0.29999999999999993,0.5000000000000001,0.30000000000000004,0.7,0.28,0.0,0.0,0.0
0.9000000000000001,0.7000000000000001,0.7000000000000001,0.29999999999999993,0.5000000000000001,0.5000000000000001,0.4999999999999999,0.28,0.0,0.0,0.0
0.9000000000000001,0.7000000000000001,0.7000000000000001,0.29999999999999993,0.5000000000000001,0.7000000000000001,0.29999999999999993,0.28,0.0,0.0,0.0
0.9000000000000001,0.7000000000000001,0.7000000000000001,0.29999999999999993,0.5000000000000001,0.9000000000000001,0.09999999999999987,0.28,0.0,0.0,0.0
0.9000000000000001,0.7000000000000001,0.7000000000000001,0.29999999999999993,0.7000000000000001,0.1,0.9,0.28,0.00011719207781553967,1.0,0.00023435669088352472
0.9000000000000001,0.7000000000000001,0.7000000000000001,0.29999999999999993,0.7000000000000001,0.30000000000000004,0.7,0.28,0.0,0.0,0.0
0.9000000000000001,0.7000000000000001,0.7000000000000001,0.29999999999999993,0.7000000000000001,0.5000000000000001,0.4999999999999999,0.28,0.0,0.0,0.0
0.9000000000000001,0.7000000000000001,0.7000000000000001,0.29999999999999993,0.7000000000000001,0.7000000000000001,0.29999999999999993,0.28,0.0,0.0,0.0
0.9000000000000001,0.7000000000000001,0.7000000000000001,0.29999999999999993,0.7000000000000001,0.9000000000000001,0.09999999999999987,0.28,0.0,0.0,0.0
0.9000000000000001,0.7000000000000001,0.7000000000000001,0.29999999999999993,0.9000000000000001,0.1,0.9,0.28,0.0,0.0,0.0
0.9000000000000001,0.7000000000000001,0.7000000000000001,0.29999999999999993,0.9000000000000001,0.30000000000000004,0.7,0.28,0.0,0.0,0.0
0.9000000000000001,0.7000000000000001,0.7000000000000001,0.29999999999999993,0.9000000000000001,0.5000000000000001,0.4999999999999999,0.28,0.0,0.0,0.0
0.9000000000000001,0.7000000000000001,0.7000000000000001,0.29999999999999993,0.9000000000000001,0.7000000000000001,0.29999999999999993,0.28,0.0,0.0,0.0
0.9000000000000001,0.7000000000000001,0.7000000000000001,0.29999999999999993,0.9000000000000001,0.9000000000000001,0.09999999999999987,0.28,0.00011719207781553967,1.0,0.00023435669088352472
0.9000000000000001,0.7000000000000001,0.9000000000000001,0.09999999999999987,0.1,0.1,0.9,0.28,0.00011719207781553967,1.0,0.00023435669088352472
0.9000000000000001,0.7000000000000001,0.9000000000000001,0.09999999999999987,0.1,0.30000000000000004,0.7,0.28,0.0,0.0,0.0
0.9000000000000001,0.7000000000000001,0.9000000000000001,0.09999999999999987,0.1,0.5000000000000001,0.4999999999999999,0.28,0.0,0.0,0.0
0.9000000000000001,0.7000000000000001,0.9000000000000001,0.09999999999999987,0.1,0.7000000000000001,0.29999999999999993,0.28,0.0,0.0,0.0
0.9000000000000001,0.7000000000000001,0.9000000000000001,0.09999999999999987,0.1,0.9000000000000001,0.09999999999999987,0.28,0.00029292870115413906,1.0,0.0005856858381164344
0.9000000000000001,0.7000000000000001,0.9000000000000001,0.09999999999999987,0.30000000000000004,0.1,0.9,0.28,0.0,0.0,0.0
0.9000000000000001,0.7000000000000001,0.9000000000000001,0.09999999999999987,0.30000000000000004,0.30000000000000004,0.7,0.28,0.051631189907186126,1.0,0.09819258006553218
0.9000000000000001,0.7000000000000001,0.9000000000000001,0.09999999999999987,0.30000000000000004,0.5000000000000001,0.4999999999999999,0.28,0.0,0.0,0.0
0.9000000000000001,0.7000000000000001,0.9000000000000001,0.09999999999999987,0.30000000000000004,0.7000000000000001,0.29999999999999993,0.28,0.0,0.0,0.0
0.9000000000000001,0.7000000000000001,0.9000000000000001,0.09999999999999987,0.30000000000000004,0.9000000000000001,0.09999999999999987,0.28,0.0,0.0,0.0
0.9000000000000001,0.7000000000000001,0.9000000000000001,0.09999999999999987,0.5000000000000001,0.1,0.9,0.28,0.0,0.0,0.0
0.9000000000000001,0.7000000000000001,0.9000000000000001,0.09999999999999987,0.5000000000000001,0.30000000000000004,0.7,0.28,0.0,0.0,0.0
0.9000000000000001,0.7000000000000001,0.9000000000000001,0.09999999999999987,0.5000000000000001,0.5000000000000001,0.4999999999999999,0.28,0.0,0.0,0.0
0.9000000000000001,0.7000000000000001,0.9000000000000001,0.09999999999999987,0.5000000000000001,0.7000000000000001,0.29999999999999993,0.28,0.0,0.0,0.0
0.9000000000000001,0.7000000000000001,0.9000000000000001,0.09999999999999987,0.5000000000000001,0.9000000000000001,0.09999999999999987,0.28,0.0,0.0,0.0
0.9000000000000001,0.7000000000000001,0.9000000000000001,0.09999999999999987,0.7000000000000001,0.1,0.9,0.28,0.00017577781683951485,1.0,0.000351493848857645
0.9000000000000001,0.7000000000000001,0.9000000000000001,0.09999999999999987,0.7000000000000001,0.30000000000000004,0.7,0.28,0.00017577781683951485,1.0,0.000351493848857645
0.9000000000000001,0.7000000000000001,0.9000000000000001,0.09999999999999987,0.7000000000000001,0.5000000000000001,0.4999999999999999,0.28,0.05157847932414406,1.0,0.09809725158562368
0.9000000000000001,0.7000000000000001,0.9000000000000001,0.09999999999999987,0.7000000000000001,0.7000000000000001,0.29999999999999993,0.28,0.00011719207781553967,1.0,0.00023435669088352472
0.9000000000000001,0.7000000000000001,0.9000000000000001,0.09999999999999987,0.7000000000000001,0.9000000000000001,0.09999999999999987,0.28,0.0,0.0,0.0
0.9000000000000001,0.7000000000000001,0.9000000000000001,0.09999999999999987,0.9000000000000001,0.1,0.9,0.28,5.8599472604746556e-05,1.0,0.00011719207781553967
0.9000000000000001,0.7000000000000001,0.9000000000000001,0.09999999999999987,0.9000000000000001,0.30000000000000004,0.7,0.28,0.0,0.0,0.0
0.9000000000000001,0.7000000000000001,0.9000000000000001,0.09999999999999987,0.9000000000000001,0.5000000000000001,0.4999999999999999,0.28,0.00017577781683951485,1.0,0.000351493848857645
0.9000000000000001,0.7000000000000001,0.9000000000000001,0.09999999999999987,0.9000000000000001,0.7000000000000001,0.29999999999999993,0.28,0.0,0.0,0.0
0.9000000000000001,0.7000000000000001,0.9000000000000001,0.09999999999999987,0.9000000000000001,0.9000000000000001,0.09999999999999987,0.28,5.8599472604746556e-05,1.0,0.00011719207781553967
0.9000000000000001,0.9000000000000001,0.1,0.9,0.1,0.1,0.9,0.28,0.0,0.0,0.0
0.9000000000000001,0.9000000000000001,0.1,0.9,0.1,0.30000000000000004,0.7,0.28,0.0,0.0,0.0
0.9000000000000001,0.9000000000000001,0.1,0.9,0.1,0.5000000000000001,0.4999999999999999,0.28,0.0,0.0,0.0
0.9000000000000001,0.9000000000000001,0.1,0.9,0.1,0.7000000000000001,0.29999999999999993,0.28,0.00011719207781553967,1.0,0.00023435669088352472
0.9000000000000001,0.9000000000000001,0.1,0.9,0.1,0.9000000000000001,0.09999999999999987,0.28,0.0,0.0,0.0
0.9000000000000001,0.9000000000000001,0.1,0.9,0.30000000000000004,0.1,0.9,0.28,0.0,0.0,0.0
0.9000000000000001,0.9000000000000001,0.1,0.9,0.30000000000000004,0.30000000000000004,0.7,0.28,5.8599472604746556e-05,1.0,0.00011719207781553967
0.9000000000000001,0.9000000000000001,0.1,0.9,0.30000000000000004,0.5000000000000001,0.4999999999999999,0.28,0.0,0.0,0.0
0.9000000000000001,0.9000000000000001,0.1,0.9,0.30000000000000004,0.7000000000000001,0.29999999999999993,0.28,5.8599472604746556e-05,1.0,0.00011719207781553967
0.9000000000000001,0.9000000000000001,0.1,0.9,0.30000000000000004,0.9000000000000001,0.09999999999999987,0.28,0.0,0.0,0.0
0.9000000000000001,0.9000000000000001,0.1,0.9,0.5000000000000001,0.1,0.9,0.28,0.0,0.0,0.0
0.9000000000000001,0.9000000000000001,0.1,0.9,0.5000000000000001,0.30000000000000004,0.7,0.28,5.8599472604746556e-05,1.0,0.00011719207781553967
0.9000000000000001,0.9000000000000001,0.1,0.9,0.5000000000000001,0.5000000000000001,0.4999999999999999,0.28,0.0,0.0,0.0
0.9000000000000001,0.9000000000000001,0.1,0.9,0.5000000000000001,0.7000000000000001,0.29999999999999993,0.28,0.0,0.0,0.0
0.9000000000000001,0.9000000000000001,0.1,0.9,0.5000000000000001,0.9000000000000001,0.09999999999999987,0.28,0.05152576288144072,1.0,0.09800190294957184
0.9000000000000001,0.9000000000000001,0.1,0.9,0.7000000000000001,0.1,0.9,0.28,0.0,0.0,0.0
0.9000000000000001,0.9000000000000001,0.1,0.9,0.7000000000000001,0.30000000000000004,0.7,0.28,0.0,0.0,0.0
0.9000000000000001,0.9000000000000001,0.1,0.9,0.7000000000000001,0.5000000000000001,0.4999999999999999,0.28,0.0,0.0,0.0
0.9000000000000001,0.9000000000000001,0.1,0.9,0.7000000000000001,0.7000000000000001,0.29999999999999993,0.28,0.0,0.0,0.0
0.9000000000000001,0.9000000000000001,0.1,0.9,0.7000000000000001,0.9000000000000001,0.09999999999999987,0.28,0.0,0.0,0.0
0.9000000000000001,0.9000000000000001,0.1,0.9,0.9000000000000001,0.1,0.9,0.28,5.8599472604746556e-05,1.0,0.00011719207781553967
0.9000000000000001,0.9000000000000001,0.1,0.9,0.9000000000000001,0.30000000000000004,0.7,0.28,0.0,0.0,0.0
0.9000000000000001,0.9000000000000001,0.1,0.9,0.9000000000000001,0.5000000000000001,0.4999999999999999,0.28,0.0,0.0,0.0
0.9000000000000001,0.9000000000000001,0.1,0.9,0.9000000000000001,0.7000000000000001,0.29999999999999993,0.28,0.0,0.0,0.0
0.9000000000000001,0.9000000000000001,0.1,0.9,0.9000000000000001,0.9000000000000001,0.09999999999999987,0.28,5.8599472604746556e-05,1.0,0.00011719207781553967
0.9000000000000001,0.9000000000000001,0.30000000000000004,0.7,0.1,0.1,0.9,0.28,0.051209341117598,1.0,0.097429387496033
0.9000000000000001,0.9000000000000001,0.30000000000000004,0.7,0.1,0.30000000000000004,0.7,0.28,0.0,0.0,0.0
0.9000000000000001,0.9000000000000001,0.30000000000000004,0.7,0.1,0.5000000000000001,0.4999999999999999,0.28,0.051103820274703886,1.0,0.09723838747222516
0.9000000000000001,0.9000000000000001,0.30000000000000004,0.7,0.1,0.7000000000000001,0.29999999999999993,0.28,0.0,0.0,0.0
0.9000000000000001,0.9000000000000001,0.30000000000000004,0.7,0.1,0.9000000000000001,0.09999999999999987,0.28,0.0,0.0,0.0
0.9000000000000001,0.9000000000000001,0.30000000000000004,0.7,0.30000000000000004,0.1,0.9,0.28,0.0,0.0,0.0
0.9000000000000001,0.9000000000000001,0.30000000000000004,0.7,0.30000000000000004,0.30000000000000004,0.7,0.28,0.0,0.0,0.0
0.9000000000000001,0.9000000000000001,0.30000000000000004,0.7,0.30000000000000004,0.5000000000000001,0.4999999999999999,0.28,0.0,0.0,0.0
0.9000000000000001,0.9000000000000001,0.30000000000000004,0.7,0.30000000000000004,0.7000000000000001,0.29999999999999993,0.28,0.0,0.0,0.0
0.9000000000000001,0.9000000000000001,0.30000000000000004,0.7,0.30000000000000004,0.9000000000000001,0.09999999999999987,0.28,5.8599472604746556e-05,1.0,0.00011719207781553967
0.9000000000000001,0.9000000000000001,0.30000000000000004,0.7,0.5000000000000001,0.1,0.9,0.28,0.0,0.0,0.0
0.9000000000000001,0.9000000000000001,0.30000000000000004,0.7,0.5000000000000001,0.30000000000000004,0.7,0.28,0.0,0.0,0.0
0.9000000000000001,0.9000000000000001,0.30000000000000004,0.7,0.5000000000000001,0.5000000000000001,0.4999999999999999,0.28,5.8599472604746556e-05,1.0,0.00011719207781553967
0.9000000000000001,0.9000000000000001,0.30000000000000004,0.7,0.5000000000000001,0.7000000000000001,0.29999999999999993,0.28,0.0,0.0,0.0
0.9000000000000001,0.9000000000000001,0.30000000000000004,0.7,0.5000000000000001,0.9000000000000001,0.09999999999999987,0.28,0.05231589470176608,1.0,0.09943001899936668
0.9000000000000001,0.9000000000000001,0.30000000000000004,0.7,0.7000000000000001,0.1,0.9,0.28,0.0,0.0,0.0
0.9000000000000001,0.9000000000000001,0.30000000000000004,0.7,0.7000000000000001,0.30000000000000004,0.7,0.28,0.0,0.0,0.0
0.9000000000000001,0.9000000000000001,0.30000000000000004,0.7,0.7000000000000001,0.5000000000000001,0.4999999999999999,0.28,5.8599472604746556e-05,1.0,0.00011719207781553967
0.9000000000000001,0.9000000000000001,0.30000000000000004,0.7,0.7000000000000001,0.7000000000000001,0.29999999999999993,0.28,0.0,0.0,0.0
0.9000000000000001,0.9000000000000001,0.30000000000000004,0.7,0.7000000000000001,0.9000000000000001,0.09999999999999987,0.28,0.0,0.0,0.0
0.9000000000000001,0.9000000000000001,0.30000000000000004,0.7,0.9000000000000001,0.1,0.9,0.28,0.0,0.0,0.0
0.9000000000000001,0.9000000000000001,0.30000000000000004,0.7,0.9000000000000001,0.30000000000000004,0.7,0.28,0.0,0.0,0.0
0.9000000000000001,0.9000000000000001,0.30000000000000004,0.7,0.9000000000000001,0.5000000000000001,0.4999999999999999,0.28,5.8599472604746556e-05,1.0,0.00011719207781553967
0.9000000000000001,0.9000000000000001,0.30000000000000004,0.7,0.9000000000000001,0.7000000000000001,0.29999999999999993,0.28,5.8599472604746556e-05,1.0,0.00011719207781553967
0.9000000000000001,0.9000000000000001,0.30000000000000004,0.7,0.9000000000000001,0.9000000000000001,0.09999999999999987,0.28,0.0,0.0,0.0
0.9000000000000001,0.9000000000000001,0.5000000000000001,0.4999999999999999,0.1,0.1,0.9,0.28,5.8599472604746556e-05,1.0,0.00011719207781553967
0.9000000000000001,0.9000000000000001,0.5000000000000001,0.4999999999999999,0.1,0.30000000000000004,0.7,0.28,0.0,0.0,0.0
0.9000000000000001,0.9000000000000001,0.5000000000000001,0.4999999999999999,0.1,0.5000000000000001,0.4999999999999999,0.28,0.0,0.0,0.0
0.9000000000000001,0.9000000000000001,0.5000000000000001,0.4999999999999999,0.1,0.7000000000000001,0.29999999999999993,0.28,0.051314838494468225,1.0,0.09762030671602327
0.9000000000000001,0.9000000000000001,0.5000000000000001,0.4999999999999999,0.1,0.9000000000000001,0.09999999999999987,0.28,5.8599472604746556e-05,1.0,0.00011719207781553967
0.9000000000000001,0.9000000000000001,0.5000000000000001,0.4999999999999999,0.30000000000000004,0.1,0.9,0.28,0.051314838494468225,1.0,0.09762030671602327
0.9000000000000001,0.9000000000000001,0.5000000000000001,0.4999999999999999,0.30000000000000004,0.30000000000000004,0.7,0.28,0.0,0.0,0.0
0.9000000000000001,0.9000000000000001,0.5000000000000001,0.4999999999999999,0.30000000000000004,0.5000000000000001,0.4999999999999999,0.28,0.0,0.0,0.0
0.9000000000000001,0.9000000000000001,0.5000000000000001,0.4999999999999999,0.30000000000000004,0.7000000000000001,0.29999999999999993,0.28,0.0,0.0,0.0
0.9000000000000001,0.9000000000000001,0.5000000000000001,0.4999999999999999,0.30000000000000004,0.9000000000000001,0.09999999999999987,0.28,0.0,0.0,0.0
0.9000000000000001,0.9000000000000001,0.5000000000000001,0.4999999999999999,0.5000000000000001,0.1,0.9,0.28,5.8599472604746556e-05,1.0,0.00011719207781553967
0.9000000000000001,0.9000000000000001,0.5000000000000001,0.4999999999999999,0.5000000000000001,0.30000000000000004,0.7,0.28,0.0,0.0,0.0
0.9000000000000001,0.9000000000000001,0.5000000000000001,0.4999999999999999,0.5000000000000001,0.5000000000000001,0.4999999999999999,0.28,0.0,0.0,0.0
0.9000000000000001,0.9000000000000001,0.5000000000000001,0.4999999999999999,0.5000000000000001,0.7000000000000001,0.29999999999999993,0.28,0.0,0.0,0.0
0.9000000000000001,0.9000000000000001,0.5000000000000001,0.4999999999999999,0.5000000000000001,0.9000000000000001,0.09999999999999987,0.28,0.0,0.0,0.0
0.9000000000000001,0.9000000000000001,0.5000000000000001,0.4999999999999999,0.7000000000000001,0.1,0.9,0.28,0.0,0.0,0.0
0.9000000000000001,0.9000000000000001,0.5000000000000001,0.4999999999999999,0.7000000000000001,0.30000000000000004,0.7,0.28,0.0,0.0,0.0
0.9000000000000001,0.9000000000000001,0.5000000000000001,0.4999999999999999,0.7000000000000001,0.5000000000000001,0.4999999999999999,0.28,0.0,0.0,0.0
0.9000000000000001,0.9000000000000001,0.5000000000000001,0.4999999999999999,0.7000000000000001,0.7000000000000001,0.29999999999999993,0.28,0.0,0.0,0.0
0.9000000000000001,0.9000000000000001,0.5000000000000001,0.4999999999999999,0.7000000000000001,0.9000000000000001,0.09999999999999987,0.28,0.00011719207781553967,1.0,0.00023435669088352472
0.9000000000000001,0.9000000000000001,0.5000000000000001,0.4999999999999999,0.9000000000000001,0.1,0.9,0.28,5.8599472604746556e-05,1.0,0.00011719207781553967
0.9000000000000001,0.9000000000000001,0.5000000000000001,0.4999999999999999,0.9000000000000001,0.30000000000000004,0.7,0.28,5.8599472604746556e-05,1.0,0.00011719207781553967
0.9000000000000001,0.9000000000000001,0.5000000000000001,0.4999999999999999,0.9000000000000001,0.5000000000000001,0.4999999999999999,0.28,0.00011719207781553967,1.0,0.00023435669088352472
0.9000000000000001,0.9000000000000001,0.5000000000000001,0.4999999999999999,0.9000000000000001,0.7000000000000001,0.29999999999999993,0.28,5.8599472604746556e-05,1.0,0.00011719207781553967
0.9000000000000001,0.9000000000000001,0.5000000000000001,0.4999999999999999,0.9000000000000001,0.9000000000000001,0.09999999999999987,0.28,0.0,0.0,0.0
0.9000000000000001,0.9000000000000001,0.7000000000000001,0.29999999999999993,0.1,0.1,0.9,0.28,5.8599472604746556e-05,1.0,0.00011719207781553967
0.9000000000000001,0.9000000000000001,0.7000000000000001,0.29999999999999993,0.1,0.30000000000000004,0.7,0.28,0.051103820274703886,1.0,0.09723838747222516
0.9000000000000001,0.9000000000000001,0.7000000000000001,0.29999999999999993,0.1,0.5000000000000001,0.4999999999999999,0.28,0.0,0.0,0.0
0.9000000000000001,0.9000000000000001,0.7000000000000001,0.29999999999999993,0.1,0.7000000000000001,0.29999999999999993,0.28,0.0,0.0,0.0
0.9000000000000001,0.9000000000000001,0.7000000000000001,0.29999999999999993,0.1,0.9000000000000001,0.09999999999999987,0.28,0.0,0.0,0.0
0.9000000000000001,0.9000000000000001,0.7000000000000001,0.29999999999999993,0.30000000000000004,0.1,0.9,0.28,0.0,0.0,0.0
0.9000000000000001,0.9000000000000001,0.7000000000000001,0.29999999999999993,0.30000000000000004,0.30000000000000004,0.7,0.28,5.8599472604746556e-05,1.0,0.00011719207781553967
0.9000000000000001,0.9000000000000001,0.7000000000000001,0.29999999999999993,0.30000000000000004,0.5000000000000001,0.4999999999999999,0.28,0.0,0.0,0.0
0.9000000000000001,0.9000000000000001,0.7000000000000001,0.29999999999999993,0.30000000000000004,0.7000000000000001,0.29999999999999993,0.28,0.0,0.0,0.0
0.9000000000000001,0.9000000000000001,0.7000000000000001,0.29999999999999993,0.30000000000000004,0.9000000000000001,0.09999999999999987,0.28,5.8599472604746556e-05,1.0,0.00011719207781553967
0.9000000000000001,0.9000000000000001,0.7000000000000001,0.29999999999999993,0.5000000000000001,0.1,0.9,0.28,0.0,0.0,0.0
0.9000000000000001,0.9000000000000001,0.7000000000000001,0.29999999999999993,0.5000000000000001,0.30000000000000004,0.7,0.28,0.00011719207781553967,1.0,0.00023435669088352472
0.9000000000000001,0.9000000000000001,0.7000000000000001,0.29999999999999993,0.5000000000000001,0.5000000000000001,0.4999999999999999,0.28,0.0,0.0,0.0
0.9000000000000001,0.9000000000000001,0.7000000000000001,0.29999999999999993,0.5000000000000001,0.7000000000000001,0.29999999999999993,0.28,0.0,0.0,0.0
0.9000000000000001,0.9000000000000001,0.7000000000000001,0.29999999999999993,0.5000000000000001,0.9000000000000001,0.09999999999999987,0.28,0.0,0.0,0.0
0.9000000000000001,0.9000000000000001,0.7000000000000001,0.29999999999999993,0.7000000000000001,0.1,0.9,0.28,0.0,0.0,0.0
0.9000000000000001,0.9000000000000001,0.7000000000000001,0.29999999999999993,0.7000000000000001,0.30000000000000004,0.7,0.28,0.0,0.0,0.0
0.9000000000000001,0.9000000000000001,0.7000000000000001,0.29999999999999993,0.7000000000000001,0.5000000000000001,0.4999999999999999,0.28,0.0,0.0,0.0
0.9000000000000001,0.9000000000000001,0.7000000000000001,0.29999999999999993,0.7000000000000001,0.7000000000000001,0.29999999999999993,0.28,0.0,0.0,0.0
0.9000000000000001,0.9000000000000001,0.7000000000000001,0.29999999999999993,0.7000000000000001,0.9000000000000001,0.09999999999999987,0.28,0.0,0.0,0.0
0.9000000000000001,0.9000000000000001,0.7000000000000001,0.29999999999999993,0.9000000000000001,0.1,0.9,0.28,0.00011719207781553967,1.0,0.00023435669088352472
0.9000000000000001,0.9000000000000001,0.7000000000000001,0.29999999999999993,0.9000000000000001,0.30000000000000004,0.7,0.28,0.00011719207781553967,1.0,0.00023435669088352472
0.9000000000000001,0.9000000000000001,0.7000000000000001,0.29999999999999993,0.9000000000000001,0.5000000000000001,0.4999999999999999,0.28,0.0,0.0,0.0
0.9000000000000001,0.9000000000000001,0.7000000000000001,0.29999999999999993,0.9000000000000001,0.7000000000000001,0.29999999999999993,0.28,0.0,0.0,0.0
0.9000000000000001,0.9000000000000001,0.7000000000000001,0.29999999999999993,0.9000000000000001,0.9000000000000001,0.09999999999999987,0.28,0.0,0.0,0.0
0.9000000000000001,0.9000000000000001,0.9000000000000001,0.09999999999999987,0.1,0.1,0.9,0.28,0.00011719207781553967,1.0,0.00023435669088352472
0.9000000000000001,0.9000000000000001,0.9000000000000001,0.09999999999999987,0.1,0.30000000000000004,0.7,0.28,0.0,0.0,0.0
0.9000000000000001,0.9000000000000001,0.9000000000000001,0.09999999999999987,0.1,0.5000000000000001,0.4999999999999999,0.28,5.8599472604746556e-05,1.0,0.00011719207781553967
0.9000000000000001,0.9000000000000001,0.9000000000000001,0.09999999999999987,0.1,0.7000000000000001,0.29999999999999993,0.28,5.8599472604746556e-05,1.0,0.00011719207781553967
0.9000000000000001,0.9000000000000001,0.9000000000000001,0.09999999999999987,0.1,0.9000000000000001,0.09999999999999987,0.28,0.0,0.0,0.0
0.9000000000000001,0.9000000000000001,0.9000000000000001,0.09999999999999987,0.30000000000000004,0.1,0.9,0.28,0.0,0.0,0.0
0.9000000000000001,0.9000000000000001,0.9000000000000001,0.09999999999999987,0.30000000000000004,0.30000000000000004,0.7,0.28,0.00011719207781553967,1.0,0.00023435669088352472
0.9000000000000001,0.9000000000000001,0.9000000000000001,0.09999999999999987,0.30000000000000004,0.5000000000000001,0.4999999999999999,0.28,5.8599472604746556e-05,1.0,0.00011719207781553967
0.9000000000000001,0.9000000000000001,0.9000000000000001,0.09999999999999987,0.30000000000000004,0.7000000000000001,0.29999999999999993,0.28,5.8599472604746556e-05,1.0,0.00011719207781553967
0.9000000000000001,0.9000000000000001,0.9000000000000001,0.09999999999999987,0.30000000000000004,0.9000000000000001,0.09999999999999987,0.28,0.0,0.0,0.0
0.9000000000000001,0.9000000000000001,0.9000000000000001,0.09999999999999987,0.5000000000000001,0.1,0.9,0.28,0.0,0.0,0.0
0.9000000000000001,0.9000000000000001,0.9000000000000001,0.09999999999999987,0.5000000000000001,0.30000000000000004,0.7,0.28,0.0,0.0,0.0
0.9000000000000001,0.9000000000000001,0.9000000000000001,0.09999999999999987,0.5000000000000001,0.5000000000000001,0.4999999999999999,0.28,0.0,0.0,0.0
0.9000000000000001,0.9000000000000001,0.9000000000000001,0.09999999999999987,0.5000000000000001,0.7000000000000001,0.29999999999999993,0.28,0.0,0.0,0.0
0.9000000000000001,0.9000000000000001,0.9000000000000001,0.09999999999999987,0.5000000000000001,0.9000000000000001,0.09999999999999987,0.28,0.0,0.0,0.0
0.9000000000000001,0.9000000000000001,0.9000000000000001,0.09999999999999987,0.7000000000000001,0.1,0.9,0.28,5.8599472604746556e-05,1.0,0.00011719207781553967
0.9000000000000001,0.9000000000000001,0.9000000000000001,0.09999999999999987,0.7000000000000001,0.30000000000000004,0.7,0.28,0.00011719207781553967,1.0,0.00023435669088352472
0.9000000000000001,0.9000000000000001,0.9000000000000001,0.09999999999999987,0.7000000000000001,0.5000000000000001,0.4999999999999999,0.28,5.8599472604746556e-05,1.0,0.00011719207781553967
0.9000000000000001,0.9000000000000001,0.9000000000000001,0.09999999999999987,0.7000000000000001,0.7000000000000001,0.29999999999999993,0.28,5.8599472604746556e-05,1.0,0.00011719207781553967
0.9000000000000001,0.9000000000000001,0.9000000000000001,0.09999999999999987,0.7000000000000001,0.9000000000000001,0.09999999999999987,0.28,0.0,0.0,0.0
0.9000000000000001,0.9000000000000001,0.9000000000000001,0.09999999999999987,0.9000000000000001,0.1,0.9,0.28,0.0,0.0,0.0
0.9000000000000001,0.9000000000000001,0.9000000000000001,0.09999999999999987,0.9000000000000001,0.30000000000000004,0.7,0.28,0.00011719207781553967,1.0,0.00023435669088352472
0.9000000000000001,0.9000000000000001,0.9000000000000001,0.09999999999999987,0.9000000000000001,0.5000000000000001,0.4999999999999999,0.28,5.8599472604746556e-05,1.0,0.00011719207781553967
0.9000000000000001,0.9000000000000001,0.9000000000000001,0.09999999999999987,0.9000000000000001,0.7000000000000001,0.29999999999999993,0.28,5.8599472604746556e-05,1.0,0.00011719207781553967
0.9000000000000001,0.9000000000000001,0.9000000000000001,0.09999999999999987,0.9000000000000001,0.9000000000000001,0.09999999999999987,0.28,5.8599472604746556e-05,1.0,0.00011719207781553967
0.8,0.6,0.7,0.3,0.7,0.8,0,2,0,0.27,0.45